titer_mg_L,overall_product_recovery,pure_product_g,broth_L,evidence_type,formula
0.1,0.3,1,33333.333333333336,CONDITIONAL_CALCULATION,1000 / (titer_mg_L * overall_product_recovery)
0.5,0.3,1,6666.666666666667,CONDITIONAL_CALCULATION,1000 / (titer_mg_L * overall_product_recovery)
1,0.3,1,3333.3333333333335,CONDITIONAL_CALCULATION,1000 / (titer_mg_L * overall_product_recovery)
5,0.3,1,666.6666666666666,CONDITIONAL_CALCULATION,1000 / (titer_mg_L * overall_product_recovery)
10,0.3,1,333.3333333333333,CONDITIONAL_CALCULATION,1000 / (titer_mg_L * overall_product_recovery)
50,0.3,1,66.66666666666667,CONDITIONAL_CALCULATION,1000 / (titer_mg_L * overall_product_recovery)
100,0.3,1,33.333333333333336,CONDITIONAL_CALCULATION,1000 / (titer_mg_L * overall_product_recovery)
0.1,0.5,1,20000.0,CONDITIONAL_CALCULATION,1000 / (titer_mg_L * overall_product_recovery)
0.5,0.5,1,4000.0,CONDITIONAL_CALCULATION,1000 / (titer_mg_L * overall_product_recovery)
1,0.5,1,2000.0,CONDITIONAL_CALCULATION,1000 / (titer_mg_L * overall_product_recovery)
5,0.5,1,400.0,CONDITIONAL_CALCULATION,1000 / (titer_mg_L * overall_product_recovery)
10,0.5,1,200.0,CONDITIONAL_CALCULATION,1000 / (titer_mg_L * overall_product_recovery)
50,0.5,1,40.0,CONDITIONAL_CALCULATION,1000 / (titer_mg_L * overall_product_recovery)
100,0.5,1,20.0,CONDITIONAL_CALCULATION,1000 / (titer_mg_L * overall_product_recovery)
0.1,0.7,1,14285.714285714288,CONDITIONAL_CALCULATION,1000 / (titer_mg_L * overall_product_recovery)
0.5,0.7,1,2857.1428571428573,CONDITIONAL_CALCULATION,1000 / (titer_mg_L * overall_product_recovery)
1,0.7,1,1428.5714285714287,CONDITIONAL_CALCULATION,1000 / (titer_mg_L * overall_product_recovery)
5,0.7,1,285.7142857142857,CONDITIONAL_CALCULATION,1000 / (titer_mg_L * overall_product_recovery)
10,0.7,1,142.85714285714286,CONDITIONAL_CALCULATION,1000 / (titer_mg_L * overall_product_recovery)
50,0.7,1,28.571428571428573,CONDITIONAL_CALCULATION,1000 / (titer_mg_L * overall_product_recovery)
100,0.7,1,14.285714285714286,CONDITIONAL_CALCULATION,1000 / (titer_mg_L * overall_product_recovery)
0.1,0.9,1,11111.11111111111,CONDITIONAL_CALCULATION,1000 / (titer_mg_L * overall_product_recovery)
0.5,0.9,1,2222.222222222222,CONDITIONAL_CALCULATION,1000 / (titer_mg_L * overall_product_recovery)
1,0.9,1,1111.111111111111,CONDITIONAL_CALCULATION,1000 / (titer_mg_L * overall_product_recovery)
5,0.9,1,222.22222222222223,CONDITIONAL_CALCULATION,1000 / (titer_mg_L * overall_product_recovery)
10,0.9,1,111.11111111111111,CONDITIONAL_CALCULATION,1000 / (titer_mg_L * overall_product_recovery)
50,0.9,1,22.22222222222222,CONDITIONAL_CALCULATION,1000 / (titer_mg_L * overall_product_recovery)
100,0.9,1,11.11111111111111,CONDITIONAL_CALCULATION,1000 / (titer_mg_L * overall_product_recovery)
