id,model,mean,std,count,name_zh
allantoin,MapLight,0.4745676313917503,0.034170931456595534,5,尿囊素
allantoin,MapLight+GIN,0.3657396367818242,0.04396481915810442,5,尿囊素
alpha_arbutin,MapLight,0.2121599547630526,0.01654866549224119,5,α-熊果苷
alpha_arbutin,MapLight+GIN,0.19368345639419898,0.008405885203586405,5,α-熊果苷
alpha_tocopherol,MapLight,0.04577595302913576,0.01003134568434218,5,α-生育酚（维E）
alpha_tocopherol,MapLight+GIN,0.042200048848238955,0.007858235457292624,5,α-生育酚（维E）
ascorbic_acid,MapLight,0.21168141155265366,0.028589866953297537,5,L-抗坏血酸（维C）
ascorbic_acid,MapLight+GIN,0.30914583481644886,0.019819586147089886,5,L-抗坏血酸（维C）
ascorbyl_glucoside,MapLight,0.19909653884128278,0.03916956648306815,5,抗坏血酸葡糖苷
ascorbyl_glucoside,MapLight+GIN,0.17656216010828787,0.022369123102056243,5,抗坏血酸葡糖苷
beta_arbutin,MapLight,0.2121599547630526,0.01654866549224119,5,β-熊果苷
beta_arbutin,MapLight+GIN,0.18852883248393132,0.04423374479505044,5,β-熊果苷
betaine,MapLight,0.09331269141027418,0.013966648705078301,5,甜菜碱
betaine,MapLight+GIN,0.0659554226167432,0.01482772142607438,5,甜菜碱
caffeine,MapLight,0.20212832464348213,0.027265892970795524,5,咖啡因
caffeine,MapLight+GIN,0.1909100959892029,0.02256918288670665,5,咖啡因
d_panthenol,MapLight,0.144555293835026,0.005490597763852387,5,D-泛醇
d_panthenol,MapLight+GIN,0.20909194593898142,0.02558829284118975,5,D-泛醇
glabridin,MapLight,0.2171712492638988,0.04375928360665991,5,光甘草定
glabridin,MapLight+GIN,0.21923947746484806,0.03356589175294698,5,光甘草定
glycerin,MapLight,0.21826116278584856,0.02380787677020572,5,甘油
glycerin,MapLight+GIN,0.1160151322719483,0.018324223679820343,5,甘油
kojic_acid,MapLight,0.17448184668476624,0.023391311140188636,5,曲酸
kojic_acid,MapLight+GIN,0.18673317254131597,0.01193825729417598,5,曲酸
l_lactic_acid,MapLight,0.09566984749576432,0.007353138039316708,5,L-乳酸
l_lactic_acid,MapLight+GIN,0.09597930033504631,0.006274771854274049,5,L-乳酸
niacinamide,MapLight,0.10719083118629753,0.007489516583710831,5,烟酰胺
niacinamide,MapLight+GIN,0.08335796653949246,0.008086251923787017,5,烟酰胺
salicylic_acid,MapLight,0.08442567987315416,0.005642983103482546,5,水杨酸
salicylic_acid,MapLight+GIN,0.09602366686792864,0.009908257866319615,5,水杨酸
urea,MapLight,0.21851918258607483,0.012818199894907525,5,尿素
urea,MapLight+GIN,0.13462855531613166,0.008434465555647266,5,尿素
