sheet,time_h,compound_id,mean_mg_L,measured_pool_total_mg_L,mass_share_percent,denominator
Fig. 4d,120,9,0.0,12.533333333333333,0.0,本面板已测化合物均值之和；各面板覆盖不同，不是总代谢物、总碳或转化率
Fig. 4d,120,10,6.366666666666667,12.533333333333333,50.797872340425535,本面板已测化合物均值之和；各面板覆盖不同，不是总代谢物、总碳或转化率
Fig. 4d,120,11,1.0,12.533333333333333,7.9787234042553195,本面板已测化合物均值之和；各面板覆盖不同，不是总代谢物、总碳或转化率
Fig. 4d,120,13,0.5666666666666667,12.533333333333333,4.5212765957446805,本面板已测化合物均值之和；各面板覆盖不同，不是总代谢物、总碳或转化率
Fig. 4d,120,14,3.6666666666666665,12.533333333333333,29.25531914893617,本面板已测化合物均值之和；各面板覆盖不同，不是总代谢物、总碳或转化率
Fig. 4d,120,15,0.9333333333333332,12.533333333333333,7.446808510638298,本面板已测化合物均值之和；各面板覆盖不同，不是总代谢物、总碳或转化率
Fig. 4e,120,9,0.0,16.86733333333333,0.0,本面板已测化合物均值之和；各面板覆盖不同，不是总代谢物、总碳或转化率
Fig. 4e,120,13,10.328,16.86733333333333,61.230781392039844,本面板已测化合物均值之和；各面板覆盖不同，不是总代谢物、总碳或转化率
Fig. 4e,120,14,6.063666666666666,16.86733333333333,35.949171969487374,本面板已测化合物均值之和；各面板覆盖不同，不是总代谢物、总碳或转化率
Fig. 4e,120,15,0.4756666666666667,16.86733333333333,2.820046638472788,本面板已测化合物均值之和；各面板覆盖不同，不是总代谢物、总碳或转化率
