compound_id,task,atom_index,element,mean,std,count
9,AMES,0,C,-0.02919654194265604,0.06576457558878428,5
9,AMES,1,O,-0.05007150880992413,0.06897698454132466,5
9,AMES,2,C,0.05532048419117928,0.04665090627819191,5
9,AMES,3,C,0.0546549778431654,0.05516963640618047,5
9,AMES,4,C,0.020564055442810057,0.08160383113271316,5
9,AMES,5,C,0.059810103056952356,0.0742775117385009,5
9,AMES,6,C,0.008829666115343571,0.04345876824462345,5
9,AMES,7,C,-0.02142558479681611,0.01912727733448158,5
9,AMES,8,C,-0.11026251185685396,0.11404883482390488,5
9,AMES,9,C,-0.10649423152208329,0.05622579605998651,5
9,AMES,10,C,0.06673751771450043,0.059637190687400456,5
9,AMES,11,C,0.049998904764652255,0.07689808746694103,5
9,AMES,12,C,0.005476440489292145,0.046384188103734535,5
9,AMES,13,C,-0.043494881317019465,0.040949346001078975,5
9,AMES,14,C,-0.005013926699757576,0.05631946634918988,5
9,AMES,15,C,-0.02063308861106634,0.04907730425700348,5
9,AMES,16,O,-0.25873286575078963,0.11076544082072055,5
9,AMES,17,O,0.22419894784688948,0.07768221413401287,5
9,AMES,18,C,-0.07359709516167641,0.05562942787231781,5
9,AMES,19,O,-0.28632246851921084,0.1683710577135663,5
9,Skin_Reaction,0,C,-0.05245475769042969,0.013003818561268227,5
9,Skin_Reaction,1,O,-0.04870268180966377,0.01301846110279627,5
9,Skin_Reaction,2,C,-0.00975804915651679,0.014135054415351157,5
9,Skin_Reaction,3,C,0.006825751066207886,0.014186826664991943,5
9,Skin_Reaction,4,C,0.011763283982872963,0.016806264351309406,5
9,Skin_Reaction,5,C,0.01585543593391776,0.022177258280183902,5
9,Skin_Reaction,6,C,-0.014332573534920812,0.018774025297820653,5
9,Skin_Reaction,7,C,-0.006388098932802677,0.01415914215953236,5
9,Skin_Reaction,8,C,-0.002279891585931182,0.040029545329633646,5
9,Skin_Reaction,9,C,-0.006042220443487167,0.023005513479247855,5
9,Skin_Reaction,10,C,0.006678464263677597,0.02909926540890951,5
9,Skin_Reaction,11,C,0.005326192174106836,0.018420395800082652,5
9,Skin_Reaction,12,C,-0.00415594493970275,0.00951123561677129,5
9,Skin_Reaction,13,C,-0.008181989751756191,0.010158115584090117,5
9,Skin_Reaction,14,C,-0.0026968657039105892,0.013518229633393494,5
9,Skin_Reaction,15,C,-0.012657557148486376,0.016157830231327462,5
9,Skin_Reaction,16,O,-0.0031424961984157563,0.05520467811155139,5
9,Skin_Reaction,17,O,0.006012187898159027,0.03701410999244511,5
9,Skin_Reaction,18,C,-0.008254516567103565,0.01277414545067775,5
9,Skin_Reaction,19,O,0.0023373067378997803,0.06462686084395224,5
9,DILI,0,C,-0.0022673217696137725,0.007015200696852532,5
9,DILI,1,O,0.04338834807276726,0.023155130740518687,5
9,DILI,2,C,0.07729406654834747,0.03627423777725223,5
9,DILI,3,C,0.0067323589697480205,0.01835818099620983,5
9,DILI,4,C,0.040346390753984454,0.022189837703818997,5
9,DILI,5,C,0.07196217104792595,0.025509191541074012,5
9,DILI,6,C,0.006017644796520472,0.014064050044454924,5
9,DILI,7,C,0.0240002878010273,0.015267661111383033,5
9,DILI,8,C,-0.02282838076353073,0.03165800975480278,5
9,DILI,9,C,-0.07178251892328262,0.040365691227483624,5
9,DILI,10,C,0.09984600022435189,0.03801361126614176,5
9,DILI,11,C,0.06622000150382519,0.030896279803013113,5
9,DILI,12,C,-0.007693488243967294,0.01769150274844206,5
9,DILI,13,C,0.0612380713224411,0.011362035205600737,5
9,DILI,14,C,0.015179199445992709,0.013274989968984383,5
9,DILI,15,C,0.00974662434309721,0.01463335169172184,5
9,DILI,16,O,-0.05119195319712162,0.09988135607715858,5
9,DILI,17,O,0.06459592562168837,0.05653912386525873,5
9,DILI,18,C,-0.0662573365494609,0.04125773807424894,5
9,DILI,19,O,-0.02684142906218767,0.12611981712849307,5
9,hERG,0,C,0.06645548082888127,0.021341042107528414,5
9,hERG,1,O,0.012969832494854927,0.013984252139012006,5
9,hERG,2,C,0.053206509351730345,0.007518798212612242,5
9,hERG,3,C,0.06605284065008163,0.008873312831525034,5
9,hERG,4,C,0.015204323641955852,0.03753350777621529,5
9,hERG,5,C,0.021235329657793046,0.04059190902858637,5
9,hERG,6,C,0.03310043103992939,0.0047794201591892715,5
9,hERG,7,C,0.047378122061491015,0.010180685845580751,5
9,hERG,8,C,0.017079627141356468,0.01993530598780413,5
9,hERG,9,C,0.03525264337658882,0.01672528474775876,5
9,hERG,10,C,0.051796707697212695,0.042184277919984116,5
9,hERG,11,C,0.07637116760015487,0.010025436300765815,5
9,hERG,12,C,0.041865106439217925,0.02314765030144265,5
9,hERG,13,C,0.015475715231150388,0.01704216321242013,5
9,hERG,14,C,0.032414084486663344,0.014167887274912432,5
9,hERG,15,C,0.017191537749022247,0.01544088702694036,5
9,hERG,16,O,-0.03196791578084231,0.05911884328094382,5
9,hERG,17,O,0.03855290468782187,0.03359243895793606,5
9,hERG,18,C,0.05614086389541626,0.030167510367356588,5
9,hERG,19,O,-0.042015441600233315,0.056844374512317435,5
10,AMES,0,C,-0.03443663083016872,0.046605354792788316,5
10,AMES,1,C,-0.10238651037216187,0.03748695465716911,5
10,AMES,2,C,-0.07403563712723553,0.061130200458248955,5
10,AMES,3,C,-0.03232295326888561,0.07134446996249826,5
10,AMES,4,C,0.09100333526730538,0.04990133797465668,5
10,AMES,5,C,-0.0022560959681868554,0.039500347994641714,5
10,AMES,6,C,0.03349342923611402,0.03631457825910106,5
10,AMES,7,C,-0.020201010908931494,0.019275048634457708,5
10,AMES,8,C,0.033582317642867565,0.05128947633193203,5
10,AMES,9,C,0.0681861937046051,0.1099101925866662,5
10,AMES,10,O,0.13705648109316826,0.07631495061874012,5
10,AMES,11,C,-0.08049167841672897,0.051777753056810275,5
10,AMES,12,C,-0.10447314213961363,0.10778775601334754,5
10,AMES,13,C,-0.09492044299840927,0.05516346848745594,5
10,AMES,14,C,0.07054888531565666,0.07354594193577436,5
10,AMES,15,C,0.02209874987602234,0.06492836015556612,5
10,AMES,16,C,0.04279805012047291,0.04701690865453088,5
10,AMES,17,C,0.0360776511952281,0.027676508449249654,5
10,AMES,18,C,-0.0207566874101758,0.019269113657665385,5
10,AMES,19,C,0.012063502799719572,0.034194965544614465,5
10,AMES,20,O,-0.053265733271837236,0.06634162226832606,5
10,AMES,21,C,-0.042854303121566774,0.06240347830396765,5
10,AMES,22,O,-0.2216527283191681,0.1309711798972367,5
10,AMES,23,O,-0.19100712835788727,0.12763056630824748,5
10,AMES,24,C,-0.03443663083016872,0.046605354792788316,5
10,Skin_Reaction,0,C,-0.0414233572781086,0.023059313205611175,5
10,Skin_Reaction,1,C,-0.001051121484488249,0.01971913673695472,5
10,Skin_Reaction,2,C,0.00576590858399868,0.03349788634400457,5
10,Skin_Reaction,3,C,0.04369340371340513,0.0534053441709747,5
10,Skin_Reaction,4,C,0.020586409606039524,0.01802012773706409,5
10,Skin_Reaction,5,C,-0.0033629752229899167,0.012792210649908937,5
10,Skin_Reaction,6,C,0.01194986216723919,0.011994053602835302,5
10,Skin_Reaction,7,C,-0.006309970305301249,0.012799097879957679,5
10,Skin_Reaction,8,C,-0.0046961184591054915,0.026219067995529984,5
10,Skin_Reaction,9,C,0.015901210065931082,0.021724814471594082,5
10,Skin_Reaction,10,O,-0.01150142289698124,0.03143516342391959,5
10,Skin_Reaction,11,C,-0.004027375020086765,0.012348867667034141,5
10,Skin_Reaction,12,C,0.004753896500915289,0.030318643937461406,5
10,Skin_Reaction,13,C,0.0009909654036164284,0.013726999101092282,5
10,Skin_Reaction,14,C,0.011108085932210087,0.01917246982766512,5
10,Skin_Reaction,15,C,0.003346524480730295,0.014609678584494743,5
10,Skin_Reaction,16,C,0.005305814882740378,0.013265690147666154,5
10,Skin_Reaction,17,C,-0.013529966096393764,0.01076550552609044,5
10,Skin_Reaction,18,C,-0.005813264194875956,0.011248935434763997,5
10,Skin_Reaction,19,C,-0.008738154964521527,0.011127995227021615,5
10,Skin_Reaction,20,O,-0.05026711896061897,0.013469106857696839,5
10,Skin_Reaction,21,C,-0.04314127080142498,0.01744621748545946,5
10,Skin_Reaction,22,O,-0.01554977756459266,0.029542829591017006,5
10,Skin_Reaction,23,O,-0.013379925675690175,0.005111254218506364,5
10,Skin_Reaction,24,C,-0.0414233572781086,0.023059313205611175,5
10,DILI,0,C,-0.00259535014629364,0.03082388518141642,5
10,DILI,1,C,0.008431055769324302,0.0348836139910118,5
10,DILI,2,C,0.042000961303710935,0.019844239511621682,5
10,DILI,3,C,-0.1435045674443245,0.046144536671563305,5
10,DILI,4,C,0.10752966850996018,0.029352348745160746,5
10,DILI,5,C,0.06366048753261566,0.021516720712046963,5
10,DILI,6,C,0.015965187456458807,0.01714416898299169,5
10,DILI,7,C,0.004433088656514883,0.010869441141282625,5
10,DILI,8,C,0.1075201764702797,0.037763082108892516,5
10,DILI,9,C,0.0849780948832631,0.06167878188571705,5
10,DILI,10,O,0.04035268891602754,0.05300606922266319,5
10,DILI,11,C,-0.06698070988059043,0.04021709625984034,5
10,DILI,12,C,-0.013774807006120682,0.027193231591301898,5
10,DILI,13,C,-0.06494459807872772,0.0397176857865334,5
10,DILI,14,C,0.07758925929665565,0.022897753667206824,5
10,DILI,15,C,0.041283872723579404,0.023803007275214838,5
10,DILI,16,C,0.009638429898768664,0.015722556552487957,5
10,DILI,17,C,0.07373888343572617,0.027230835880500192,5
10,DILI,18,C,0.026486511714756487,0.015454021979667524,5
10,DILI,19,C,0.00940054184757173,0.016071034320727446,5
10,DILI,20,O,0.041336390748620035,0.025676335720363094,5
10,DILI,21,C,0.007798596564680338,0.010362834573150875,5
10,DILI,22,O,-0.03565292321145534,0.08145787908324406,5
10,DILI,23,O,-0.059067481011152265,0.05784189861423832,5
10,DILI,24,C,-0.00259535014629364,0.03082388518141642,5
10,hERG,0,C,0.0697900451719761,0.011137867158754295,5
10,hERG,1,C,0.004366103839129209,0.01956143059426798,5
10,hERG,2,C,-0.0012954811099916697,0.045186549269629735,5
10,hERG,3,C,0.08873128667473792,0.04008404720602144,5
10,hERG,4,C,0.007971011847257615,0.021710569140625573,5
10,hERG,5,C,0.013364368677139282,0.0033556012576258483,5
10,hERG,6,C,0.051854691654443744,0.010599114943057463,5
10,hERG,7,C,0.02729663848876953,0.010917376739759465,5
10,hERG,8,C,0.03581887250766158,0.026130397176246586,5
10,hERG,9,C,0.049328958988189696,0.013813793160487605,5
10,hERG,10,O,-0.011080215219408274,0.024916503650803064,5
10,hERG,11,C,0.047250792384147644,0.027967129585822,5
10,hERG,12,C,0.0004677761346101761,0.025566163831794445,5
10,hERG,13,C,0.031514351908117536,0.02607651932086232,5
10,hERG,14,C,0.0063912030309438705,0.042183247752186535,5
10,hERG,15,C,0.01374311875551939,0.027935843155964903,5
10,hERG,16,C,0.06122506707906723,0.012064348583112994,5
10,hERG,17,C,0.042739248275756835,0.010376877191995438,5
10,hERG,18,C,0.03889641687273979,0.005585114769500165,5
10,hERG,19,C,0.030400095134973527,0.008499359265773361,5
10,hERG,20,O,0.011692409217357636,0.015742144014889287,5
10,hERG,21,C,0.05676158294081688,0.01211846124260079,5
10,hERG,22,O,-0.02743862085044384,0.08575577445415714,5
10,hERG,23,O,-0.017408421263098717,0.08811578672603272,5
10,hERG,24,C,0.0697900451719761,0.011137867158754295,5
11,AMES,0,C,-0.09290829822421073,0.10087137824390491,5
11,AMES,1,C,-0.08863957375288009,0.04150949376562817,5
11,AMES,2,C,-0.020325271785259245,0.05617497846715725,5
11,AMES,3,C,0.05980193084105849,0.10805976832109163,5
11,AMES,4,C,0.06795007735490799,0.050282348379493025,5
11,AMES,5,C,0.016400297917425633,0.054275305218573676,5
11,AMES,6,O,0.026177144795656204,0.080843769093191,5
11,AMES,7,C,-0.03821857422590256,0.03867773005467727,5
11,AMES,8,C,-0.029387398436665536,0.05475570940067182,5
11,AMES,9,C,0.04225048329681158,0.06094320631941884,5
11,AMES,10,C,0.0809782549738884,0.1128020338585085,5
11,AMES,11,O,0.1834722027182579,0.10500192032827135,5
11,AMES,12,C,-0.09635007493197918,0.055301459437600564,5
11,AMES,13,C,0.14470210969448088,0.1465914842045006,5
11,AMES,14,C,-0.11322880014777184,0.06111580762012476,5
11,AMES,15,C,0.01975952386856079,0.08111008723991014,5
11,AMES,16,C,0.024508250877261162,0.056397268464726286,5
11,AMES,17,C,0.05539769791066647,0.05294888087184287,5
11,AMES,18,C,0.040673764795064925,0.044489448409871665,5
11,AMES,19,C,-0.027611347008496524,0.023469039294597323,5
11,AMES,20,C,-0.007124814763665199,0.06086449745121455,5
11,AMES,21,O,-0.06147977635264397,0.09057019585948015,5
11,AMES,22,C,-0.05347054302692413,0.07521909285763902,5
11,AMES,23,O,-0.32687661945819857,0.10017473614502519,5
11,AMES,24,C,-0.09290829822421073,0.10087137824390491,5
11,Skin_Reaction,0,C,-0.04324362426996231,0.011572204877728412,5
11,Skin_Reaction,1,C,-0.017134056333452462,0.032677814756341836,5
11,Skin_Reaction,2,C,0.023339092498645186,0.021368584657987633,5
11,Skin_Reaction,3,C,0.017562714777886866,0.03250447498012996,5
11,Skin_Reaction,4,C,0.01113715535029769,0.012336242741619893,5
11,Skin_Reaction,5,C,0.020454624108970164,0.029489501829159895,5
11,Skin_Reaction,6,O,-0.061694543436169626,0.029854490931688602,5
11,Skin_Reaction,7,C,-0.0004232681356370449,0.019033703926292448,5
11,Skin_Reaction,8,C,-0.00556940864189528,0.02305988383989912,5
11,Skin_Reaction,9,C,-0.003078143997117877,0.02204793004875472,5
11,Skin_Reaction,10,C,0.02369651950430125,0.029553127324490377,5
11,Skin_Reaction,11,O,-0.023123169131577016,0.027644924446586647,5
11,Skin_Reaction,12,C,-0.001441051671281457,0.007835590616673204,5
11,Skin_Reaction,13,C,-0.010984583012759685,0.05324914533549101,5
11,Skin_Reaction,14,C,0.007216041907668114,0.026079789386286245,5
11,Skin_Reaction,15,C,-0.011207349691540002,0.018859941893935243,5
11,Skin_Reaction,16,C,-0.0018030822509899735,0.005332552173115172,5
11,Skin_Reaction,17,C,0.007410379033535719,0.014796226591548757,5
11,Skin_Reaction,18,C,-0.021751459781080486,0.01921456389981355,5
11,Skin_Reaction,19,C,-0.00825775396078825,0.01523530999964679,5
11,Skin_Reaction,20,C,-0.010066180862486363,0.0178424428664233,5
11,Skin_Reaction,21,O,-0.06437989175319672,0.014545534245999744,5
11,Skin_Reaction,22,C,-0.05059536471962929,0.01657263361018497,5
11,Skin_Reaction,23,O,-0.006901537999510765,0.05902612728106408,5
11,Skin_Reaction,24,C,-0.04324362426996231,0.011572204877728412,5
11,DILI,0,C,-0.019354771822690964,0.023088397747100534,5
11,DILI,1,C,0.0067649449221789835,0.03231230177455427,5
11,DILI,2,C,-0.0179278370924294,0.018025092314024313,5
11,DILI,3,C,-0.024657511617988348,0.02770875881761259,5
11,DILI,4,C,0.08209123536944389,0.04134777722879408,5
11,DILI,5,C,0.031609535589814185,0.018883570154603235,5
11,DILI,6,O,0.09485898017883301,0.05612924336582852,5
11,DILI,7,C,-0.009709525573998689,0.0290282985950996,5
11,DILI,8,C,0.005450971238315105,0.020539832501006904,5
11,DILI,9,C,0.10585125982761383,0.038173574093685506,5
11,DILI,10,C,0.09513670355081558,0.04032211792543441,5
11,DILI,11,O,0.04940165411680937,0.03887946145351172,5
11,DILI,12,C,-0.0941044807434082,0.04272778529435087,5
11,DILI,13,C,-0.048497294634580614,0.05957242539161704,5
11,DILI,14,C,-0.08425959926098585,0.060641931359163924,5
11,DILI,15,C,0.10546133667230606,0.03327996681730272,5
11,DILI,16,C,0.05647993423044682,0.018305005780370857,5
11,DILI,17,C,0.0011843463871628046,0.022182683816996705,5
11,DILI,18,C,0.08129191547632217,0.03969986365108984,5
11,DILI,19,C,0.026691776234656572,0.015237507662512199,5
11,DILI,20,C,0.01825141366571188,0.031235890436015386,5
11,DILI,21,O,0.039614462107419965,0.024511699694460716,5
11,DILI,22,C,0.004232601309195161,0.01521842537695023,5
11,DILI,23,O,-0.01781512387096882,0.11989733176910101,5
11,DILI,24,C,-0.019354771822690964,0.023088397747100534,5
11,hERG,0,C,0.08196930438280106,0.00854073250844826,5
11,hERG,1,C,0.02138477610424161,0.024903400979910624,5
11,hERG,2,C,0.024753681756556033,0.010461999563043365,5
11,hERG,3,C,0.016579440236091612,0.029222529503522943,5
11,hERG,4,C,0.02198001053184271,0.028526254002784603,5
11,hERG,5,C,0.05908864252269268,0.022861226151801004,5
11,hERG,6,O,-0.026219603046774863,0.04117351742766146,5
11,hERG,7,C,0.044163783080875874,0.018349893559865278,5
11,hERG,8,C,0.031176697835326193,0.010578862712756609,5
11,hERG,9,C,0.04664553925395012,0.029959320658027717,5
11,hERG,10,C,0.06527822464704514,0.029199541437318944,5
11,hERG,11,O,1.0870769619941711e-05,0.04437727631985376,5
11,hERG,12,C,0.04956555813550949,0.007507314450732374,5
11,hERG,13,C,0.01521094935014844,0.03204189713172141,5
11,hERG,14,C,0.0260717311874032,0.027828088605280535,5
11,hERG,15,C,-0.018273348757065832,0.033554330832645474,5
11,hERG,16,C,0.01875400198623538,0.03257328724544652,5
11,hERG,17,C,0.06805204972624779,0.014094918582627151,5
11,hERG,18,C,0.040258876979351044,0.01105504515276536,5
11,hERG,19,C,0.039715421944856645,0.006601787159366863,5
11,hERG,20,C,0.027579453215003012,0.010673469495342992,5
11,hERG,21,O,0.009171673562377691,0.015872269825143,5
11,hERG,22,C,0.05612566918134689,0.012007745477513472,5
11,hERG,23,O,0.0094921731390059,0.0990379882322069,5
11,hERG,24,C,0.08196930438280106,0.00854073250844826,5
13,AMES,0,C,-0.11134461611509323,0.03897243847329164,5
13,AMES,1,C,-0.0800025338307023,0.08440259735178376,5
13,AMES,2,C,-0.08353044837713242,0.044114425497807065,5
13,AMES,3,O,0.20086803436279296,0.08005181047646731,5
13,AMES,4,C,0.03828178644180298,0.061378878009783325,5
13,AMES,5,C,0.05154025927186012,0.05782204291910731,5
13,AMES,6,C,-0.021048833895474673,0.04376870216377259,5
13,AMES,7,C,-0.01163732223212719,0.04511284005354606,5
13,AMES,8,C,-0.039317579474300146,0.03519369786242289,5
13,AMES,9,C,0.0006011901423335075,0.040536386047243016,5
13,AMES,10,O,-0.20515426844358445,0.09686566654329648,5
13,AMES,11,C,0.06818006336688995,0.03152341256884294,5
13,AMES,12,C,0.0229449775069952,0.038211021267079426,5
13,AMES,13,C,0.03375104675069451,0.08103961174790775,5
13,AMES,14,C,0.003984414227306843,0.029959701795926046,5
13,AMES,15,C,-0.0004534449428319931,0.04157811738311886,5
13,AMES,16,C,-0.0009633477777242661,0.046092679527394195,5
13,AMES,17,O,-0.19975320510566236,0.11503439878153171,5
13,AMES,18,O,-0.19394902959465982,0.14888888413281556,5
13,Skin_Reaction,0,C,-0.004768314398825168,0.020442561703765204,5
13,Skin_Reaction,1,C,0.007604847848415375,0.027572236695360682,5
13,Skin_Reaction,2,C,-0.005691185407340526,0.010642750142765322,5
13,Skin_Reaction,3,O,0.005468278378248215,0.032067465004712595,5
13,Skin_Reaction,4,C,0.007534391712397337,0.014429661035649091,5
13,Skin_Reaction,5,C,0.006925811991095543,0.022977514113791675,5
13,Skin_Reaction,6,C,-0.009859675914049149,0.012876118193045977,5
13,Skin_Reaction,7,C,-0.001073338557034731,0.010041189202422772,5
13,Skin_Reaction,8,C,-0.00537606799043715,0.008388247463885005,5
13,Skin_Reaction,9,C,-0.0022755130426958202,0.007524322911203322,5
13,Skin_Reaction,10,O,-0.004781079664826393,0.0459528191906029,5
13,Skin_Reaction,11,C,0.018102079536765812,0.018736557798338962,5
13,Skin_Reaction,12,C,-0.0031864751130342484,0.008387255336364486,5
13,Skin_Reaction,13,C,0.011338819190859795,0.013060055945477753,5
13,Skin_Reaction,14,C,-0.0074089433066546915,0.00937418442411509,5
13,Skin_Reaction,15,C,0.004665644560009241,0.013097042530458874,5
13,Skin_Reaction,16,C,-0.011318571493029594,0.010552399588150099,5
13,Skin_Reaction,17,O,-0.01077592298388481,0.04404992194883725,5
13,Skin_Reaction,18,O,-0.014000953827053308,0.0596620332480368,5
13,DILI,0,C,-0.061761392280459404,0.03355617931016462,5
13,DILI,1,C,-0.010056754667311906,0.030262900722497682,5
13,DILI,2,C,-0.05857545398175716,0.038054672442223894,5
13,DILI,3,O,0.06139536388218403,0.05327800945852052,5
13,DILI,4,C,0.060837104171514514,0.023105226949705557,5
13,DILI,5,C,0.09130249992012977,0.035398623295667155,5
13,DILI,6,C,0.010101090371608733,0.015955478321071966,5
13,DILI,7,C,0.018219093419611455,0.010599596920929214,5
13,DILI,8,C,0.0541678786277771,0.013483924385769386,5
13,DILI,9,C,-0.0017035528551787138,0.01266077289843741,5
13,DILI,10,O,-0.0672837346792221,0.07851004068490142,5
13,DILI,11,C,0.08780954629182816,0.03915141691512122,5
13,DILI,12,C,0.06410213261842727,0.02998362644131957,5
13,DILI,13,C,-0.005615285318344832,0.009421154151768434,5
13,DILI,14,C,0.06850344017148018,0.025169699712316463,5
13,DILI,15,C,0.012637439090758562,0.013100311137200126,5
13,DILI,16,C,-0.004825598001480103,0.014246061229687449,5
13,DILI,17,O,-0.04149234518408775,0.0838342577633438,5
13,DILI,18,O,-0.024186493083834647,0.11360857694317865,5
13,hERG,0,C,0.03550634570419788,0.014378513824565082,5
13,hERG,1,C,0.025083230016753076,0.023981264082088286,5
13,hERG,2,C,0.04877917096018791,0.025539160292720665,5
13,hERG,3,O,0.03300910871475935,0.027732094091983992,5
13,hERG,4,C,0.06768494546413421,0.017155382247948926,5
13,hERG,5,C,0.04419454922899604,0.03798172705703602,5
13,hERG,6,C,0.015448120702058078,0.01342829340521243,5
13,hERG,7,C,0.03013058230280876,0.014663393552999995,5
13,hERG,8,C,0.015318334847688676,0.016221373591867382,5
13,hERG,9,C,0.036435763840563594,0.02024013709297917,5
13,hERG,10,O,-0.05758105870336294,0.03424503026211463,5
13,hERG,11,C,0.017326254025101663,0.03280144435177425,5
13,hERG,12,C,0.03145581493154168,0.029942475951049596,5
13,hERG,13,C,0.04611759409308434,0.017382494476018504,5
13,hERG,14,C,0.02615990749327466,0.017659800185617455,5
13,hERG,15,C,0.029029587842524053,0.010741502871411096,5
13,hERG,16,C,0.015804374217987062,0.006350857907610955,5
13,hERG,17,O,-0.01909764427691698,0.02911957147117276,5
13,hERG,18,O,-0.013389565329998732,0.028784943954187753,5
14,AMES,0,C,-0.024708820693194865,0.048417068224918744,5
14,AMES,1,C,-0.0943997859954834,0.03718256410530714,5
14,AMES,2,C,-0.06759950155392289,0.0572008204603965,5
14,AMES,3,C,-0.03619469217956066,0.06988137108273945,5
14,AMES,4,C,0.07725592181086541,0.04514350537622305,5
14,AMES,5,C,-0.003111741505563259,0.03962315960005618,5
14,AMES,6,C,0.029281516559422016,0.030771689662808566,5
14,AMES,7,C,-0.024888223223388194,0.023504390928540134,5
14,AMES,8,C,-0.007162227854132652,0.028257664727724674,5
14,AMES,9,C,0.062987020611763,0.10352505770278958,5
14,AMES,10,O,0.1714649721980095,0.0993680128644558,5
14,AMES,11,C,-0.07066707573831081,0.08356205573021824,5
14,AMES,12,C,0.10717104692012072,0.07007418808906986,5
14,AMES,13,C,-0.08550346810370683,0.056326871441742345,5
14,AMES,14,C,0.07387611493468285,0.040975805540927925,5
14,AMES,15,C,0.01197945959866047,0.0324483180849946,5
14,AMES,16,C,0.032894951105117795,0.07978920539412893,5
14,AMES,17,C,-0.007471006363630295,0.022632568841007762,5
14,AMES,18,C,-0.0018125135451555253,0.04015647597177317,5
14,AMES,19,C,-0.027543134242296218,0.056539485202277626,5
14,AMES,20,O,-0.20486028864979744,0.09998972441319891,5
14,AMES,21,O,-0.20912547931075096,0.16084430216745949,5
14,AMES,22,O,-0.21174686998128892,0.13003957277634154,5
14,AMES,23,C,-0.024708820693194865,0.048417068224918744,5
14,Skin_Reaction,0,C,-0.04633415192365646,0.022177975999787845,5
14,Skin_Reaction,1,C,0.0031106552109122277,0.018148467028728847,5
14,Skin_Reaction,2,C,0.009211724624037743,0.02795320790845517,5
14,Skin_Reaction,3,C,0.028204829758033158,0.04051564359391651,5
14,Skin_Reaction,4,C,0.024366629682481288,0.019081322304172255,5
14,Skin_Reaction,5,C,0.0020385457668453456,0.012795173127149109,5
14,Skin_Reaction,6,C,0.011871372535824775,0.010623623929837416,5
14,Skin_Reaction,7,C,-0.006092617241665721,0.011908302862488033,5
14,Skin_Reaction,8,C,0.0007908391766250133,0.012568424366012805,5
14,Skin_Reaction,9,C,0.020282883173786105,0.021412863052311947,5
14,Skin_Reaction,10,O,-0.008657289482653142,0.029338520126244286,5
14,Skin_Reaction,11,C,0.00023561175912618638,0.015375742924693733,5
14,Skin_Reaction,12,C,0.010916982404887676,0.028255354982092973,5
14,Skin_Reaction,13,C,0.001687566563487053,0.012746128580443137,5
14,Skin_Reaction,14,C,0.0010307051241397857,0.015463646974409932,5
14,Skin_Reaction,15,C,-0.01206428320147097,0.01255331629842968,5
14,Skin_Reaction,16,C,0.012186395190656184,0.010490973764837257,5
14,Skin_Reaction,17,C,-0.011160664167255164,0.012022778025337615,5
14,Skin_Reaction,18,C,0.0056097771972417835,0.01230318718022104,5
14,Skin_Reaction,19,C,-0.013588757161051035,0.007972506731218484,5
14,Skin_Reaction,20,O,-0.0147237379103899,0.038691804521045765,5
14,Skin_Reaction,21,O,-0.019434181787073613,0.05166232445895687,5
14,Skin_Reaction,22,O,-0.007429897738620639,0.023411010739997472,5
14,Skin_Reaction,23,C,-0.04633415192365646,0.022177975999787845,5
14,DILI,0,C,-0.0137488953769207,0.032578645601846874,5
14,DILI,1,C,0.012308456003665924,0.024801020943938816,5
14,DILI,2,C,0.043112420663237574,0.026202828620617083,5
14,DILI,3,C,-0.13291847705841064,0.05173569148303035,5
14,DILI,4,C,0.09513629078865052,0.03087067664770477,5
14,DILI,5,C,0.057411109656095506,0.021440362494139383,5
14,DILI,6,C,0.016613413393497468,0.012966371138474566,5
14,DILI,7,C,0.004467341443523764,0.0069603745985707295,5
14,DILI,8,C,0.0969852551817894,0.02472096725900625,5
14,DILI,9,C,0.0780311631038785,0.053003642989769235,5
14,DILI,10,O,0.04427859783172607,0.050975580682176856,5
14,DILI,11,C,-0.06945928558707237,0.03405038687452659,5
14,DILI,12,C,-0.011884900555014611,0.02519931856640779,5
14,DILI,13,C,-0.06041133776307106,0.03544652484440975,5
14,DILI,14,C,0.12226815819740296,0.03526130690527957,5
14,DILI,15,C,0.071199668943882,0.024891026995252613,5
14,DILI,16,C,-0.002766340086236596,0.012067411176708443,5
14,DILI,17,C,0.06951655521988868,0.019228118971460137,5
14,DILI,18,C,0.01495320601388812,0.015363058973569538,5
14,DILI,19,C,0.0034789759665727615,0.022951282305846962,5
14,DILI,20,O,-0.04471099674701691,0.08366239563889523,5
14,DILI,21,O,-0.04907578155398369,0.09183854905543978,5
14,DILI,22,O,-0.0688243754208088,0.08333176574153703,5
14,DILI,23,C,-0.0137488953769207,0.032578645601846874,5
14,hERG,0,C,0.06815514191985131,0.02202553202406436,5
14,hERG,1,C,0.023157177306711674,0.02234960807113256,5
14,hERG,2,C,0.023590288311243057,0.051531964421806124,5
14,hERG,3,C,0.07644876502454281,0.03464889821121221,5
14,hERG,4,C,0.00958112571388483,0.024707408802338675,5
14,hERG,5,C,0.010458887927234173,0.009046307403452702,5
14,hERG,6,C,0.05579652488231659,0.006266557464112967,5
14,hERG,7,C,0.02863956242799759,0.007134785717332077,5
14,hERG,8,C,0.03968507945537567,0.021122690980714728,5
14,hERG,9,C,0.045144396275281905,0.016313818678500715,5
14,hERG,10,O,0.009810703247785569,0.029056047475827167,5
14,hERG,11,C,0.054809415340423585,0.025960755381730715,5
14,hERG,12,C,0.05285980105400086,0.031014613388650927,5
14,hERG,13,C,0.042827855050563815,0.03141707547117987,5
14,hERG,14,C,-0.01376481018960476,0.03958398775044334,5
14,hERG,15,C,0.025868931785225868,0.028696187052174173,5
14,hERG,16,C,0.052420774102211,0.018501209768127778,5
14,hERG,17,C,0.019986196979880334,0.014017123726799578,5
14,hERG,18,C,0.029718925803899766,0.013941777736342848,5
14,hERG,19,C,0.008976840460672975,0.016255458598846542,5
14,hERG,20,O,-0.037361983209848404,0.03205620334307851,5
14,hERG,21,O,-0.025231102481484413,0.05820933050983372,5
14,hERG,22,O,-0.08007398322224617,0.05386065287336405,5
14,hERG,23,C,0.06815514191985131,0.02202553202406436,5
15,AMES,0,C,-0.07342715635895729,0.09749213489284644,5
15,AMES,1,C,-0.0713305588811636,0.04367453976573487,5
15,AMES,2,C,-0.019184093177318572,0.052154047547942194,5
15,AMES,3,C,0.049988050013780594,0.1053081124255246,5
15,AMES,4,C,0.056929811090230945,0.04250232511811846,5
15,AMES,5,C,0.009259308129549027,0.050566087082757005,5
15,AMES,6,O,0.03539316616952419,0.07567252211545689,5
15,AMES,7,C,-0.03792129270732403,0.035954569687874124,5
15,AMES,8,C,-0.026625457406044006,0.047772341531390435,5
15,AMES,9,C,0.040904472768306735,0.05748586349825263,5
15,AMES,10,C,0.06707006692886353,0.10094120905322908,5
15,AMES,11,O,0.17203465104103088,0.10393017176611177,5
15,AMES,12,C,-0.1130873367190361,0.07540692516988165,5
15,AMES,13,C,0.16075355634093286,0.12491960130094609,5
15,AMES,14,C,-0.12753479927778244,0.04625961203778015,5
15,AMES,15,C,0.04684632197022438,0.06246977737415785,5
15,AMES,16,C,0.023770208470523357,0.03858939575755326,5
15,AMES,17,C,0.0499326266348362,0.09748369686865199,5
15,AMES,18,C,0.0002626894041895866,0.03501131672443885,5
15,AMES,19,C,0.006617937237024307,0.05305476364644104,5
15,AMES,20,C,-0.012092578131705523,0.05893712879987879,5
15,AMES,21,O,-0.27697194218635557,0.12958789367813797,5
15,AMES,22,O,-0.3051631823182106,0.19783961234393801,5
15,AMES,23,C,-0.07342715635895729,0.09749213489284644,5
15,Skin_Reaction,0,C,-0.04348763488233089,0.008007661910638834,5
15,Skin_Reaction,1,C,-0.013365308102220298,0.02831594055490517,5
15,Skin_Reaction,2,C,0.020403734780848025,0.01426534931171863,5
15,Skin_Reaction,3,C,0.016562913125380874,0.022766314772188066,5
15,Skin_Reaction,4,C,0.015406255703419447,0.009981452397939641,5
15,Skin_Reaction,5,C,0.019421207439154386,0.020628599822953255,5
15,Skin_Reaction,6,O,-0.04930083639919758,0.015334724255020362,5
15,Skin_Reaction,7,C,-0.0011434556916356086,0.01479103973047008,5
15,Skin_Reaction,8,C,-0.003307079791557044,0.02188909506962819,5
15,Skin_Reaction,9,C,0.0036254174076020716,0.015728729753558324,5
15,Skin_Reaction,10,C,0.02492483250098303,0.02294284772931105,5
15,Skin_Reaction,11,O,-0.020853242743760346,0.0283220599452826,5
15,Skin_Reaction,12,C,-0.005363698210567236,0.0046889958977948416,5
15,Skin_Reaction,13,C,0.003043808788061142,0.040721595202675785,5
15,Skin_Reaction,14,C,0.0018090754747390747,0.01911772131597915,5
15,Skin_Reaction,15,C,-0.0005979120731353759,0.015676447555889546,5
15,Skin_Reaction,16,C,-0.018430833145976065,0.013744043738532313,5
15,Skin_Reaction,17,C,0.013322779024019838,0.012816068785480014,5
15,Skin_Reaction,18,C,-0.013754228595644236,0.014214922776607136,5
15,Skin_Reaction,19,C,0.005009871814399958,0.013025984007573512,5
15,Skin_Reaction,20,C,-0.01121417535468936,0.009868149093390564,5
15,Skin_Reaction,21,O,-0.012249276414513588,0.040651064848341356,5
15,Skin_Reaction,22,O,-0.02231170516461134,0.048853727378411066,5
15,Skin_Reaction,23,C,-0.04348763488233089,0.008007661910638834,5
15,DILI,0,C,-0.02146643716841936,0.015886800245470026,5
15,DILI,1,C,0.014282804541289806,0.027274731446207644,5
15,DILI,2,C,-0.011952211614698172,0.01816069502534983,5
15,DILI,3,C,-0.02241470869630575,0.02261028307576442,5
15,DILI,4,C,0.0766980491578579,0.03670721249023972,5
15,DILI,5,C,0.030867041647434236,0.017637389029544485,5
15,DILI,6,O,0.08694844096899032,0.05088478043521976,5
15,DILI,7,C,-0.006955025158822537,0.023072331395342496,5
15,DILI,8,C,0.006134855654090643,0.018461930718709666,5
15,DILI,9,C,0.10170409977436065,0.031720325791928086,5
15,DILI,10,C,0.0835108958184719,0.03282851752398304,5
15,DILI,11,O,0.05265826918184757,0.03933774700897147,5
15,DILI,12,C,-0.07973921298980713,0.03546888004770987,5
15,DILI,13,C,-0.041344182938337325,0.06475673491933942,5
15,DILI,14,C,-0.06675591375678777,0.04917596470021145,5
15,DILI,15,C,0.12522041499614717,0.03486045897234041,5
15,DILI,16,C,0.07782191336154938,0.03072867606694836,5
15,DILI,17,C,-0.011984939500689507,0.011581770588531782,5
15,DILI,18,C,0.07741475403308869,0.03205130940539974,5
15,DILI,19,C,0.012329052481800318,0.014782555217359794,5
15,DILI,20,C,0.012619993463158608,0.0332076407479384,5
15,DILI,21,O,-0.04111301489174366,0.08938480167195238,5
15,DILI,22,O,-0.05268220454454422,0.10211212070041786,5
15,DILI,23,C,-0.02146643716841936,0.015886800245470026,5
15,hERG,0,C,0.08337248116731644,0.016465645342370005,5
15,hERG,1,C,0.032899176515638826,0.023965314022483728,5
15,hERG,2,C,0.029027573019266128,0.008818057205109354,5
15,hERG,3,C,0.014841641299426556,0.03104667995473663,5
15,hERG,4,C,0.016607685759663583,0.029029360426781545,5
15,hERG,5,C,0.05262117609381676,0.02094721985088887,5
15,hERG,6,O,-0.023777350038290023,0.04258388511271755,5
15,hERG,7,C,0.0450700830668211,0.01768783889482021,5
15,hERG,8,C,0.03202568851411343,0.011813883918517237,5
15,hERG,9,C,0.046799298375844955,0.023738227403591373,5
15,hERG,10,C,0.05734671652317047,0.024797537561799813,5
15,hERG,11,O,0.0018016967922449112,0.04714909109403486,5
15,hERG,12,C,0.05042803063988686,0.015657413562137016,5
15,hERG,13,C,0.021670197229832412,0.03821496892767156,5
15,hERG,14,C,0.03296009441837668,0.026660734054130417,5
15,hERG,15,C,-0.016349792014807463,0.037729848630248204,5
15,hERG,16,C,0.02294343840330839,0.02762623277851425,5
15,hERG,17,C,0.056575536355376245,0.028439598140136815,5
15,hERG,18,C,0.019336523581296207,0.01139634938996812,5
15,hERG,19,C,0.02518456932157278,0.01732483723268694,5
15,hERG,20,C,0.016350304428488015,0.009290538717998054,5
15,hERG,21,O,0.01285242885351181,0.07340116939438149,5
15,hERG,22,O,0.003154521621763706,0.08506052834146284,5
15,hERG,23,C,0.08337248116731644,0.016465645342370005,5
