compound_id,task,ensemble_member,prediction,baseline_prediction,attribution_sum,completeness_residual,steps,passes_0_005
9,AMES,0,0.21918877959251404,0.5868074297904968,-0.3653578460216522,0.0022608041763305664,512,True
9,Skin_Reaction,0,0.7265602946281433,0.9129669666290283,-0.18612857162952423,0.0002781003713607788,512,True
9,DILI,0,0.6659079790115356,0.05332527309656143,0.6121079325675964,-0.00047475099563598633,512,True
9,hERG,0,0.4010949432849884,0.032797444611787796,0.3685603737831116,0.00026288628578186035,512,True
10,AMES,0,0.12187782675027847,0.6157827973365784,-0.492498517036438,0.0014064610004425049,512,True
10,Skin_Reaction,0,0.6731278896331787,0.9192188382148743,-0.24587038159370422,0.000220566987991333,512,True
10,DILI,0,0.5628663897514343,0.04456661269068718,0.5178084373474121,-0.0004913210868835449,512,True
10,hERG,0,0.46601602435112,0.0404144786298275,0.42589280009269714,0.0002912580966949463,512,True
11,AMES,0,0.5394991040229797,0.6157827973365784,-0.07448330521583557,0.0018003880977630615,512,True
11,Skin_Reaction,0,0.6059123277664185,0.9192188382148743,-0.3129310607910156,0.00037544965744018555,512,True
11,DILI,0,0.6042245030403137,0.04456661269068718,0.5591409206390381,-0.0005169510841369629,512,True
11,hERG,0,0.7246294617652893,0.0404144786298275,0.6847632527351379,0.000548243522644043,512,True
13,AMES,0,0.093721903860569,0.5795977711677551,-0.483328253030777,0.002547621726989746,512,True
13,Skin_Reaction,0,0.8497814536094666,0.9115764498710632,-0.06150863319635391,0.00028636306524276733,512,True
13,DILI,0,0.6856593489646912,0.055356454104185104,0.629698634147644,-0.0006042718887329102,512,True
13,hERG,0,0.24391376972198486,0.031427450478076935,0.2126363217830658,0.0001499950885772705,512,True
14,AMES,0,0.10442473739385605,0.6105492115020752,-0.5044692158699036,0.001655280590057373,512,True
14,Skin_Reaction,0,0.786281406879425,0.9180217981338501,-0.13139304518699646,0.00034734606742858887,512,True
14,DILI,0,0.5361008048057556,0.04598715528845787,0.4896802008152008,-0.0004334449768066406,512,True
14,hERG,0,0.3267189562320709,0.03881470113992691,0.288271963596344,0.00036770105361938477,512,True
15,AMES,0,0.32445845007896423,0.6105492115020752,-0.2833483815193176,0.002742379903793335,512,True
15,Skin_Reaction,0,0.7353690266609192,0.9180217981338501,-0.18218159675598145,0.0004711747169494629,512,True
15,DILI,0,0.6276976466178894,0.04598715528845787,0.5810893177986145,-0.0006211996078491211,512,True
15,hERG,0,0.5435133576393127,0.03881469741463661,0.5051777362823486,0.00047910213470458984,512,True
9,AMES,1,0.35101622343063354,0.8905290961265564,-0.5372381210327148,0.002274751663208008,256,True
9,Skin_Reaction,1,0.7912870645523071,0.9389912486076355,-0.14761896431446075,8.521974086761475e-05,256,True
9,DILI,1,0.471956729888916,0.20498871803283691,0.2632887363433838,-0.0036792755126953125,256,True
9,hERG,1,0.7228638529777527,0.05176090449094772,0.6713141202926636,0.00021117925643920898,256,True
10,AMES,1,0.15197061002254486,0.9299241900444031,-0.774567186832428,0.003386378288269043,256,True
10,Skin_Reaction,1,0.7718172669410706,0.9518424868583679,-0.1792510747909546,0.0007741451263427734,256,True
10,DILI,1,0.4653277099132538,0.20791450142860413,0.257345974445343,-6.723403930664062e-05,256,True
10,hERG,1,0.741771399974823,0.07764292508363724,0.6661961078643799,0.0020676255226135254,256,True
11,AMES,1,0.4571065902709961,0.9299241900444031,-0.4704148769378662,0.0024027228355407715,256,True
11,Skin_Reaction,1,0.7084177732467651,0.9518424868583679,-0.24266858398914337,0.0007561296224594116,256,True
11,DILI,1,0.6101551055908203,0.20791450142860413,0.4011616110801697,-0.0010789930820465088,256,True
11,hERG,1,0.8284772634506226,0.07764292508363724,0.7511640191078186,0.00032967329025268555,256,True
13,AMES,1,0.20554807782173157,0.8790155649185181,-0.6694816946983337,0.0039858222007751465,256,True
13,Skin_Reaction,1,0.8085676431655884,0.9360295534133911,-0.12724509835243225,0.0002168118953704834,256,True
13,DILI,1,0.34346410632133484,0.20572757720947266,0.13488514721393585,-0.0028513818979263306,256,True
13,hERG,1,0.4651598036289215,0.047423236072063446,0.418356329202652,0.0006197690963745117,256,True
14,AMES,1,0.1591951847076416,0.9240397214889526,-0.7600973844528198,0.004747152328491211,256,True
14,Skin_Reaction,1,0.783478856086731,0.9496680498123169,-0.16511821746826172,0.0010709762573242188,256,True
14,DILI,1,0.3380034565925598,0.2063301056623459,0.13108256459236145,-0.000590786337852478,256,True
14,hERG,1,0.5695654153823853,0.07157424837350845,0.5001117587089539,0.00212058424949646,256,True
15,AMES,1,0.3107052147388458,0.9240397214889526,-0.6087035536766052,0.004630982875823975,256,True
15,Skin_Reaction,1,0.7714971899986267,0.9496680498123169,-0.17730557918548584,0.0008652806282043457,256,True
15,DILI,1,0.5323390364646912,0.2063301056623459,0.32431191205978394,-0.0016970038414001465,256,True
15,hERG,1,0.6833738684654236,0.07157424837350845,0.6124506592750549,0.0006510615348815918,256,True
9,AMES,2,0.24111329019069672,0.7557300925254822,-0.5120298862457275,0.0025869011878967285,512,True
9,Skin_Reaction,2,0.7689993381500244,0.9392092227935791,-0.16983866691589355,0.0003712177276611328,512,True
9,DILI,2,0.35705989599227905,0.06323295086622238,0.2930845320224762,-0.0007424056529998779,512,True
9,hERG,2,0.7852156758308411,0.019958585500717163,0.7650385499000549,-0.00021857023239135742,512,True
10,AMES,2,0.20130962133407593,0.8086610436439514,-0.6044479608535767,0.002903461456298828,512,True
10,Skin_Reaction,2,0.7472016215324402,0.9455975890159607,-0.19803322851657867,0.0003627389669418335,512,True
10,DILI,2,0.3350883722305298,0.05776411294937134,0.2768498957157135,-0.0004743635654449463,512,True
10,hERG,2,0.8720609545707703,0.025280185043811798,0.8466055393218994,-0.00017523765563964844,512,True
11,AMES,2,0.38839924335479736,0.8086610436439514,-0.41759827733039856,0.002663522958755493,512,True
11,Skin_Reaction,2,0.5631209015846252,0.9455975890159607,-0.3819569945335388,0.0005196928977966309,512,True
11,DILI,2,0.5447279810905457,0.05776411294937134,0.4862290322780609,-0.0007348358631134033,512,True
11,hERG,2,0.9240477681159973,0.025280185043811798,0.8987200856208801,-4.750490188598633e-05,512,True
13,AMES,2,0.2038969248533249,0.7440310120582581,-0.5375756025314331,0.002558469772338867,512,True
13,Skin_Reaction,2,0.8658263683319092,0.9378499388694763,-0.07168558239936829,0.00033798813819885254,512,True
13,DILI,2,0.24076630175113678,0.06438317149877548,0.17549970746040344,-0.0008834302425384521,512,True
13,hERG,2,0.6565160751342773,0.019034255295991898,0.6373950242996216,-8.678436279296875e-05,512,True
14,AMES,2,0.23401613533496857,0.7988221049308777,-0.5624279379844666,0.0023780465126037598,512,True
14,Skin_Reaction,2,0.8530358076095581,0.9443726539611816,-0.09103836119174957,0.0002984851598739624,512,True
14,DILI,2,0.24365565180778503,0.058821141719818115,0.1839328110218048,-0.0009016990661621094,512,True
14,hERG,2,0.806470513343811,0.024115480482578278,0.7822399735450745,-0.0001150369644165039,512,True
15,AMES,2,0.2703450322151184,0.7988221049308777,-0.5259894132614136,0.002487659454345703,512,True
15,Skin_Reaction,2,0.6943415999412537,0.9443726539611816,-0.2497761845588684,0.0002548694610595703,512,True
15,DILI,2,0.40926554799079895,0.058821141719818115,0.34981289505958557,-0.0006315112113952637,512,True
15,hERG,2,0.8794999122619629,0.024115482345223427,0.8554402589797974,5.5849552154541016e-05,512,True
9,AMES,3,0.1676105260848999,0.4569375813007355,-0.28804951906204224,0.001277536153793335,512,True
9,Skin_Reaction,3,0.7647446990013123,0.7693378925323486,-0.005669854581356049,-0.0010766610503196716,512,True
9,DILI,3,0.4914051294326782,0.10963768512010574,0.3810049891471863,-0.0007624626159667969,512,True
9,hERG,3,0.6447485685348511,0.014419160783290863,0.6305650472640991,0.00023561716079711914,512,True
10,AMES,3,0.1860426515340805,0.446689635515213,-0.2602851688861847,0.0003618299961090088,512,True
10,Skin_Reaction,3,0.7834063172340393,0.7686763405799866,0.012826487421989441,-0.0019034892320632935,512,True
10,DILI,3,0.6888133883476257,0.09373694658279419,0.593776285648346,-0.0013001561164855957,512,True
10,hERG,3,0.8217825293540955,0.01548689417541027,0.8061205148696899,-0.00017511844635009766,512,True
11,AMES,3,0.3679458498954773,0.446689635515213,-0.07940050959587097,-0.0006567239761352539,512,True
11,Skin_Reaction,3,0.5430745482444763,0.7686763405799866,-0.22673264145851135,-0.0011308491230010986,512,True
11,DILI,3,0.6578002572059631,0.09373694658279419,0.562706708908081,-0.0013566017150878906,512,True
11,hERG,3,0.9166908860206604,0.01548689417541027,0.9009254574775696,-0.0002785325050354004,512,True
13,AMES,3,0.18618743121623993,0.4590719938278198,-0.2707207500934601,0.002163797616958618,512,True
13,Skin_Reaction,3,0.9112393856048584,0.7695202827453613,0.14055556058883667,-0.0011635422706604004,512,True
13,DILI,3,0.39698126912117004,0.11311417818069458,0.28328457474708557,-0.0005825161933898926,512,True
13,hERG,3,0.4071241617202759,0.014213964343070984,0.3929811418056488,7.095932960510254e-05,512,True
14,AMES,3,0.2770838737487793,0.44867566227912903,-0.17169252038002014,-0.00010073184967041016,512,True
14,Skin_Reaction,3,0.8819983005523682,0.7687708735466003,0.1114630401134491,-0.0017643868923187256,512,True
14,DILI,3,0.5529530048370361,0.09672558307647705,0.4549619257450104,-0.001265496015548706,512,True
14,hERG,3,0.7375094294548035,0.015267723239958286,0.7218483686447144,-0.00039333105087280273,512,True
15,AMES,3,0.3353917598724365,0.44867566227912903,-0.11276961117982864,0.0005142912268638611,512,True
15,Skin_Reaction,3,0.7773045897483826,0.7687708735466003,0.00696171447634697,-0.001572001725435257,512,True
15,DILI,3,0.5662017464637756,0.09672558307647705,0.46859848499298096,-0.000877678394317627,512,True
15,hERG,3,0.8615076541900635,0.015267723239958286,0.8460240364074707,-0.00021588802337646484,512,True
9,AMES,4,0.15588296949863434,0.7540395855903625,-0.5955926775932312,0.002563953399658203,512,True
9,Skin_Reaction,4,0.7529522180557251,0.8647557497024536,-0.11198899894952774,-0.00018546730279922485,512,True
9,DILI,4,0.2386520504951477,0.09863309562206268,0.1390371024608612,-0.000981852412223816,512,True
9,hERG,4,0.7233607769012451,0.04024675488471985,0.6833212375640869,0.0002071857452392578,512,True
10,AMES,4,0.1312069147825241,0.8147538900375366,-0.6811447739601135,0.002402186393737793,512,True
10,Skin_Reaction,4,0.7812250852584839,0.8750840425491333,-0.09373729676008224,0.00012166053056716919,512,True
10,DILI,4,0.3046075403690338,0.08427076786756516,0.21935999393463135,-0.0009767711162567139,512,True
10,hERG,4,0.8207429647445679,0.05432850867509842,0.7660418152809143,-0.0003726482391357422,512,True
11,AMES,4,0.42170366644859314,0.8147538900375366,-0.3903912901878357,0.002658933401107788,512,True
11,Skin_Reaction,4,0.6690568923950195,0.8750840425491333,-0.20611850917339325,-9.135901927947998e-05,512,True
11,DILI,4,0.41949331760406494,0.08427076786756516,0.3342224061489105,-0.001000136137008667,512,True
11,hERG,4,0.8714551329612732,0.05432850867509842,0.81695157289505,-0.00017505884170532227,512,True
13,AMES,4,0.06253445893526077,0.7391455173492432,-0.6739079356193542,0.0027031302452087402,512,True
13,Skin_Reaction,4,0.8880705833435059,0.862478494644165,0.02550293132662773,-8.915737271308899e-05,512,True
13,DILI,4,0.14726552367210388,0.10165324807167053,0.04450684413313866,-0.001105431467294693,512,True
13,hERG,4,0.5132004022598267,0.03778417780995369,0.4757082164287567,0.00029200315475463867,512,True
14,AMES,4,0.12746435403823853,0.8041889667510986,-0.6742761731147766,0.002448439598083496,512,True
14,Skin_Reaction,4,0.8775396943092346,0.8727737069129944,0.004710502922534943,-5.548447370529175e-05,512,True
14,DILI,4,0.13948528468608856,0.08694512397050858,0.05139932036399841,-0.0011408403515815735,512,True
14,hERG,4,0.707536518573761,0.05134081467986107,0.655826210975647,-0.0003694891929626465,512,True
15,AMES,4,0.24800534546375275,0.8041889667510986,-0.5542024970054626,0.0019811391830444336,512,True
15,Skin_Reaction,4,0.7986788153648376,0.8727737069129944,-0.07438401132822037,-0.00028911978006362915,512,True
15,DILI,4,0.2657988965511322,0.08694512397050858,0.17786896228790283,-0.0009848177433013916,512,True
15,hERG,4,0.8179447054862976,0.05134081467986107,0.7664782404899597,-0.00012564659118652344,512,True
