scenario,product_ratio,batch_resource_ratio,recovery_fraction,relative_intensity,evidence_type
resource_intensity,0.75,0.8,,1.0666666666666667,CONDITIONAL_NOT_MEASURED
resource_intensity,0.775,0.8,,1.032258064516129,CONDITIONAL_NOT_MEASURED
resource_intensity,0.8,0.8,,1.0,CONDITIONAL_NOT_MEASURED
resource_intensity,0.825,0.8,,0.9696969696969698,CONDITIONAL_NOT_MEASURED
resource_intensity,0.85,0.8,,0.9411764705882354,CONDITIONAL_NOT_MEASURED
resource_intensity,0.875,0.8,,0.9142857142857144,CONDITIONAL_NOT_MEASURED
resource_intensity,0.9,0.8,,0.888888888888889,CONDITIONAL_NOT_MEASURED
resource_intensity,0.925,0.8,,0.8648648648648649,CONDITIONAL_NOT_MEASURED
resource_intensity,0.95,0.8,,0.8421052631578948,CONDITIONAL_NOT_MEASURED
resource_intensity,0.975,0.8,,0.8205128205128206,CONDITIONAL_NOT_MEASURED
resource_intensity,1.0,0.8,,0.8,CONDITIONAL_NOT_MEASURED
resource_intensity,1.025,0.8,,0.7804878048780489,CONDITIONAL_NOT_MEASURED
resource_intensity,1.05,0.8,,0.7619047619047619,CONDITIONAL_NOT_MEASURED
resource_intensity,1.075,0.8,,0.744186046511628,CONDITIONAL_NOT_MEASURED
resource_intensity,1.1,0.8,,0.7272727272727273,CONDITIONAL_NOT_MEASURED
resource_intensity,1.125,0.8,,0.7111111111111111,CONDITIONAL_NOT_MEASURED
resource_intensity,1.15,0.8,,0.6956521739130436,CONDITIONAL_NOT_MEASURED
resource_intensity,1.175,0.8,,0.6808510638297872,CONDITIONAL_NOT_MEASURED
resource_intensity,1.2,0.8,,0.6666666666666667,CONDITIONAL_NOT_MEASURED
resource_intensity,1.225,0.8,,0.6530612244897959,CONDITIONAL_NOT_MEASURED
resource_intensity,1.25,0.8,,0.64,CONDITIONAL_NOT_MEASURED
resource_intensity,1.275,0.8,,0.627450980392157,CONDITIONAL_NOT_MEASURED
resource_intensity,1.3,0.8,,0.6153846153846154,CONDITIONAL_NOT_MEASURED
resource_intensity,1.3250000000000002,0.8,,0.6037735849056604,CONDITIONAL_NOT_MEASURED
resource_intensity,1.35,0.8,,0.5925925925925926,CONDITIONAL_NOT_MEASURED
resource_intensity,1.375,0.8,,0.5818181818181819,CONDITIONAL_NOT_MEASURED
resource_intensity,1.4,0.8,,0.5714285714285715,CONDITIONAL_NOT_MEASURED
resource_intensity,1.425,0.8,,0.5614035087719298,CONDITIONAL_NOT_MEASURED
resource_intensity,1.4500000000000002,0.8,,0.5517241379310345,CONDITIONAL_NOT_MEASURED
resource_intensity,1.475,0.8,,0.5423728813559322,CONDITIONAL_NOT_MEASURED
resource_intensity,1.5,0.8,,0.5333333333333333,CONDITIONAL_NOT_MEASURED
resource_intensity,1.525,0.8,,0.5245901639344263,CONDITIONAL_NOT_MEASURED
resource_intensity,1.55,0.8,,0.5161290322580645,CONDITIONAL_NOT_MEASURED
resource_intensity,1.5750000000000002,0.8,,0.5079365079365079,CONDITIONAL_NOT_MEASURED
resource_intensity,1.6,0.8,,0.5,CONDITIONAL_NOT_MEASURED
resource_intensity,1.625,0.8,,0.49230769230769234,CONDITIONAL_NOT_MEASURED
resource_intensity,1.65,0.8,,0.4848484848484849,CONDITIONAL_NOT_MEASURED
resource_intensity,1.675,0.8,,0.47761194029850745,CONDITIONAL_NOT_MEASURED
resource_intensity,1.7000000000000002,0.8,,0.47058823529411764,CONDITIONAL_NOT_MEASURED
resource_intensity,1.725,0.8,,0.463768115942029,CONDITIONAL_NOT_MEASURED
resource_intensity,1.75,0.8,,0.4571428571428572,CONDITIONAL_NOT_MEASURED
resource_intensity,1.7750000000000001,0.8,,0.4507042253521127,CONDITIONAL_NOT_MEASURED
resource_intensity,1.8,0.8,,0.4444444444444445,CONDITIONAL_NOT_MEASURED
resource_intensity,1.825,0.8,,0.4383561643835617,CONDITIONAL_NOT_MEASURED
resource_intensity,1.85,0.8,,0.43243243243243246,CONDITIONAL_NOT_MEASURED
resource_intensity,1.875,0.8,,0.4266666666666667,CONDITIONAL_NOT_MEASURED
resource_intensity,1.9000000000000001,0.8,,0.42105263157894735,CONDITIONAL_NOT_MEASURED
resource_intensity,1.925,0.8,,0.4155844155844156,CONDITIONAL_NOT_MEASURED
resource_intensity,1.9500000000000002,0.8,,0.41025641025641024,CONDITIONAL_NOT_MEASURED
resource_intensity,1.975,0.8,,0.4050632911392405,CONDITIONAL_NOT_MEASURED
resource_intensity,2.0,0.8,,0.4,CONDITIONAL_NOT_MEASURED
resource_intensity,2.0250000000000004,0.8,,0.3950617283950617,CONDITIONAL_NOT_MEASURED
resource_intensity,2.05,0.8,,0.39024390243902446,CONDITIONAL_NOT_MEASURED
resource_intensity,2.075,0.8,,0.38554216867469876,CONDITIONAL_NOT_MEASURED
resource_intensity,2.1,0.8,,0.38095238095238093,CONDITIONAL_NOT_MEASURED
resource_intensity,2.125,0.8,,0.3764705882352941,CONDITIONAL_NOT_MEASURED
resource_intensity,2.1500000000000004,0.8,,0.3720930232558139,CONDITIONAL_NOT_MEASURED
resource_intensity,2.175,0.8,,0.36781609195402304,CONDITIONAL_NOT_MEASURED
resource_intensity,2.2,0.8,,0.36363636363636365,CONDITIONAL_NOT_MEASURED
resource_intensity,2.225,0.8,,0.3595505617977528,CONDITIONAL_NOT_MEASURED
resource_intensity,2.25,0.8,,0.35555555555555557,CONDITIONAL_NOT_MEASURED
resource_intensity,2.2750000000000004,0.8,,0.3516483516483516,CONDITIONAL_NOT_MEASURED
resource_intensity,2.3,0.8,,0.3478260869565218,CONDITIONAL_NOT_MEASURED
resource_intensity,2.325,0.8,,0.3440860215053763,CONDITIONAL_NOT_MEASURED
resource_intensity,2.35,0.8,,0.3404255319148936,CONDITIONAL_NOT_MEASURED
resource_intensity,2.375,0.8,,0.3368421052631579,CONDITIONAL_NOT_MEASURED
resource_intensity,2.4000000000000004,0.8,,0.3333333333333333,CONDITIONAL_NOT_MEASURED
resource_intensity,2.425,0.8,,0.3298969072164949,CONDITIONAL_NOT_MEASURED
resource_intensity,2.45,0.8,,0.32653061224489793,CONDITIONAL_NOT_MEASURED
resource_intensity,2.475,0.8,,0.32323232323232326,CONDITIONAL_NOT_MEASURED
resource_intensity,2.5,0.8,,0.32,CONDITIONAL_NOT_MEASURED
resource_intensity,2.5250000000000004,0.8,,0.3168316831683168,CONDITIONAL_NOT_MEASURED
resource_intensity,2.55,0.8,,0.3137254901960785,CONDITIONAL_NOT_MEASURED
resource_intensity,2.575,0.8,,0.3106796116504854,CONDITIONAL_NOT_MEASURED
resource_intensity,2.6,0.8,,0.3076923076923077,CONDITIONAL_NOT_MEASURED
resource_intensity,2.625,0.8,,0.3047619047619048,CONDITIONAL_NOT_MEASURED
resource_intensity,2.6500000000000004,0.8,,0.3018867924528302,CONDITIONAL_NOT_MEASURED
resource_intensity,2.675,0.8,,0.2990654205607477,CONDITIONAL_NOT_MEASURED
resource_intensity,2.7,0.8,,0.2962962962962963,CONDITIONAL_NOT_MEASURED
resource_intensity,2.725,0.8,,0.29357798165137616,CONDITIONAL_NOT_MEASURED
resource_intensity,2.75,0.8,,0.29090909090909095,CONDITIONAL_NOT_MEASURED
resource_intensity,2.775,0.8,,0.2882882882882883,CONDITIONAL_NOT_MEASURED
resource_intensity,2.8000000000000003,0.8,,0.2857142857142857,CONDITIONAL_NOT_MEASURED
resource_intensity,2.825,0.8,,0.2831858407079646,CONDITIONAL_NOT_MEASURED
resource_intensity,2.85,0.8,,0.2807017543859649,CONDITIONAL_NOT_MEASURED
resource_intensity,2.875,0.8,,0.2782608695652174,CONDITIONAL_NOT_MEASURED
resource_intensity,2.9,0.8,,0.27586206896551724,CONDITIONAL_NOT_MEASURED
resource_intensity,2.9250000000000003,0.8,,0.2735042735042735,CONDITIONAL_NOT_MEASURED
resource_intensity,2.95,0.8,,0.2711864406779661,CONDITIONAL_NOT_MEASURED
resource_intensity,2.975,0.8,,0.2689075630252101,CONDITIONAL_NOT_MEASURED
resource_intensity,3.0,0.8,,0.26666666666666666,CONDITIONAL_NOT_MEASURED
resource_intensity,0.75,1,,1.3333333333333333,CONDITIONAL_NOT_MEASURED
resource_intensity,0.775,1,,1.2903225806451613,CONDITIONAL_NOT_MEASURED
resource_intensity,0.8,1,,1.25,CONDITIONAL_NOT_MEASURED
resource_intensity,0.825,1,,1.2121212121212122,CONDITIONAL_NOT_MEASURED
resource_intensity,0.85,1,,1.1764705882352942,CONDITIONAL_NOT_MEASURED
resource_intensity,0.875,1,,1.1428571428571428,CONDITIONAL_NOT_MEASURED
resource_intensity,0.9,1,,1.1111111111111112,CONDITIONAL_NOT_MEASURED
resource_intensity,0.925,1,,1.081081081081081,CONDITIONAL_NOT_MEASURED
resource_intensity,0.95,1,,1.0526315789473684,CONDITIONAL_NOT_MEASURED
resource_intensity,0.975,1,,1.0256410256410258,CONDITIONAL_NOT_MEASURED
resource_intensity,1.0,1,,1.0,CONDITIONAL_NOT_MEASURED
resource_intensity,1.025,1,,0.9756097560975611,CONDITIONAL_NOT_MEASURED
resource_intensity,1.05,1,,0.9523809523809523,CONDITIONAL_NOT_MEASURED
resource_intensity,1.075,1,,0.9302325581395349,CONDITIONAL_NOT_MEASURED
resource_intensity,1.1,1,,0.9090909090909091,CONDITIONAL_NOT_MEASURED
resource_intensity,1.125,1,,0.8888888888888888,CONDITIONAL_NOT_MEASURED
resource_intensity,1.15,1,,0.8695652173913044,CONDITIONAL_NOT_MEASURED
resource_intensity,1.175,1,,0.851063829787234,CONDITIONAL_NOT_MEASURED
resource_intensity,1.2,1,,0.8333333333333334,CONDITIONAL_NOT_MEASURED
resource_intensity,1.225,1,,0.8163265306122448,CONDITIONAL_NOT_MEASURED
resource_intensity,1.25,1,,0.8,CONDITIONAL_NOT_MEASURED
resource_intensity,1.275,1,,0.7843137254901962,CONDITIONAL_NOT_MEASURED
resource_intensity,1.3,1,,0.7692307692307692,CONDITIONAL_NOT_MEASURED
resource_intensity,1.3250000000000002,1,,0.7547169811320754,CONDITIONAL_NOT_MEASURED
resource_intensity,1.35,1,,0.7407407407407407,CONDITIONAL_NOT_MEASURED
resource_intensity,1.375,1,,0.7272727272727273,CONDITIONAL_NOT_MEASURED
resource_intensity,1.4,1,,0.7142857142857143,CONDITIONAL_NOT_MEASURED
resource_intensity,1.425,1,,0.7017543859649122,CONDITIONAL_NOT_MEASURED
resource_intensity,1.4500000000000002,1,,0.689655172413793,CONDITIONAL_NOT_MEASURED
resource_intensity,1.475,1,,0.6779661016949152,CONDITIONAL_NOT_MEASURED
resource_intensity,1.5,1,,0.6666666666666666,CONDITIONAL_NOT_MEASURED
resource_intensity,1.525,1,,0.6557377049180328,CONDITIONAL_NOT_MEASURED
resource_intensity,1.55,1,,0.6451612903225806,CONDITIONAL_NOT_MEASURED
resource_intensity,1.5750000000000002,1,,0.6349206349206349,CONDITIONAL_NOT_MEASURED
resource_intensity,1.6,1,,0.625,CONDITIONAL_NOT_MEASURED
resource_intensity,1.625,1,,0.6153846153846154,CONDITIONAL_NOT_MEASURED
resource_intensity,1.65,1,,0.6060606060606061,CONDITIONAL_NOT_MEASURED
resource_intensity,1.675,1,,0.5970149253731343,CONDITIONAL_NOT_MEASURED
resource_intensity,1.7000000000000002,1,,0.588235294117647,CONDITIONAL_NOT_MEASURED
resource_intensity,1.725,1,,0.5797101449275363,CONDITIONAL_NOT_MEASURED
resource_intensity,1.75,1,,0.5714285714285714,CONDITIONAL_NOT_MEASURED
resource_intensity,1.7750000000000001,1,,0.5633802816901408,CONDITIONAL_NOT_MEASURED
resource_intensity,1.8,1,,0.5555555555555556,CONDITIONAL_NOT_MEASURED
resource_intensity,1.825,1,,0.547945205479452,CONDITIONAL_NOT_MEASURED
resource_intensity,1.85,1,,0.5405405405405405,CONDITIONAL_NOT_MEASURED
resource_intensity,1.875,1,,0.5333333333333333,CONDITIONAL_NOT_MEASURED
resource_intensity,1.9000000000000001,1,,0.5263157894736842,CONDITIONAL_NOT_MEASURED
resource_intensity,1.925,1,,0.5194805194805194,CONDITIONAL_NOT_MEASURED
resource_intensity,1.9500000000000002,1,,0.5128205128205128,CONDITIONAL_NOT_MEASURED
resource_intensity,1.975,1,,0.5063291139240506,CONDITIONAL_NOT_MEASURED
resource_intensity,2.0,1,,0.5,CONDITIONAL_NOT_MEASURED
resource_intensity,2.0250000000000004,1,,0.4938271604938271,CONDITIONAL_NOT_MEASURED
resource_intensity,2.05,1,,0.48780487804878053,CONDITIONAL_NOT_MEASURED
resource_intensity,2.075,1,,0.48192771084337344,CONDITIONAL_NOT_MEASURED
resource_intensity,2.1,1,,0.47619047619047616,CONDITIONAL_NOT_MEASURED
resource_intensity,2.125,1,,0.47058823529411764,CONDITIONAL_NOT_MEASURED
resource_intensity,2.1500000000000004,1,,0.4651162790697674,CONDITIONAL_NOT_MEASURED
resource_intensity,2.175,1,,0.4597701149425288,CONDITIONAL_NOT_MEASURED
resource_intensity,2.2,1,,0.45454545454545453,CONDITIONAL_NOT_MEASURED
resource_intensity,2.225,1,,0.449438202247191,CONDITIONAL_NOT_MEASURED
resource_intensity,2.25,1,,0.4444444444444444,CONDITIONAL_NOT_MEASURED
resource_intensity,2.2750000000000004,1,,0.4395604395604395,CONDITIONAL_NOT_MEASURED
resource_intensity,2.3,1,,0.4347826086956522,CONDITIONAL_NOT_MEASURED
resource_intensity,2.325,1,,0.4301075268817204,CONDITIONAL_NOT_MEASURED
resource_intensity,2.35,1,,0.425531914893617,CONDITIONAL_NOT_MEASURED
resource_intensity,2.375,1,,0.42105263157894735,CONDITIONAL_NOT_MEASURED
resource_intensity,2.4000000000000004,1,,0.41666666666666663,CONDITIONAL_NOT_MEASURED
resource_intensity,2.425,1,,0.4123711340206186,CONDITIONAL_NOT_MEASURED
resource_intensity,2.45,1,,0.4081632653061224,CONDITIONAL_NOT_MEASURED
resource_intensity,2.475,1,,0.40404040404040403,CONDITIONAL_NOT_MEASURED
resource_intensity,2.5,1,,0.4,CONDITIONAL_NOT_MEASURED
resource_intensity,2.5250000000000004,1,,0.396039603960396,CONDITIONAL_NOT_MEASURED
resource_intensity,2.55,1,,0.3921568627450981,CONDITIONAL_NOT_MEASURED
resource_intensity,2.575,1,,0.3883495145631068,CONDITIONAL_NOT_MEASURED
resource_intensity,2.6,1,,0.3846153846153846,CONDITIONAL_NOT_MEASURED
resource_intensity,2.625,1,,0.38095238095238093,CONDITIONAL_NOT_MEASURED
resource_intensity,2.6500000000000004,1,,0.3773584905660377,CONDITIONAL_NOT_MEASURED
resource_intensity,2.675,1,,0.3738317757009346,CONDITIONAL_NOT_MEASURED
resource_intensity,2.7,1,,0.37037037037037035,CONDITIONAL_NOT_MEASURED
resource_intensity,2.725,1,,0.36697247706422015,CONDITIONAL_NOT_MEASURED
resource_intensity,2.75,1,,0.36363636363636365,CONDITIONAL_NOT_MEASURED
resource_intensity,2.775,1,,0.3603603603603604,CONDITIONAL_NOT_MEASURED
resource_intensity,2.8000000000000003,1,,0.3571428571428571,CONDITIONAL_NOT_MEASURED
resource_intensity,2.825,1,,0.35398230088495575,CONDITIONAL_NOT_MEASURED
resource_intensity,2.85,1,,0.3508771929824561,CONDITIONAL_NOT_MEASURED
resource_intensity,2.875,1,,0.34782608695652173,CONDITIONAL_NOT_MEASURED
resource_intensity,2.9,1,,0.3448275862068966,CONDITIONAL_NOT_MEASURED
resource_intensity,2.9250000000000003,1,,0.34188034188034183,CONDITIONAL_NOT_MEASURED
resource_intensity,2.95,1,,0.3389830508474576,CONDITIONAL_NOT_MEASURED
resource_intensity,2.975,1,,0.3361344537815126,CONDITIONAL_NOT_MEASURED
resource_intensity,3.0,1,,0.3333333333333333,CONDITIONAL_NOT_MEASURED
resource_intensity,0.75,1.2,,1.5999999999999999,CONDITIONAL_NOT_MEASURED
resource_intensity,0.775,1.2,,1.5483870967741935,CONDITIONAL_NOT_MEASURED
resource_intensity,0.8,1.2,,1.4999999999999998,CONDITIONAL_NOT_MEASURED
resource_intensity,0.825,1.2,,1.4545454545454546,CONDITIONAL_NOT_MEASURED
resource_intensity,0.85,1.2,,1.411764705882353,CONDITIONAL_NOT_MEASURED
resource_intensity,0.875,1.2,,1.3714285714285714,CONDITIONAL_NOT_MEASURED
resource_intensity,0.9,1.2,,1.3333333333333333,CONDITIONAL_NOT_MEASURED
resource_intensity,0.925,1.2,,1.2972972972972971,CONDITIONAL_NOT_MEASURED
resource_intensity,0.95,1.2,,1.263157894736842,CONDITIONAL_NOT_MEASURED
resource_intensity,0.975,1.2,,1.2307692307692308,CONDITIONAL_NOT_MEASURED
resource_intensity,1.0,1.2,,1.2,CONDITIONAL_NOT_MEASURED
resource_intensity,1.025,1.2,,1.1707317073170733,CONDITIONAL_NOT_MEASURED
resource_intensity,1.05,1.2,,1.1428571428571428,CONDITIONAL_NOT_MEASURED
resource_intensity,1.075,1.2,,1.1162790697674418,CONDITIONAL_NOT_MEASURED
resource_intensity,1.1,1.2,,1.0909090909090908,CONDITIONAL_NOT_MEASURED
resource_intensity,1.125,1.2,,1.0666666666666667,CONDITIONAL_NOT_MEASURED
resource_intensity,1.15,1.2,,1.0434782608695652,CONDITIONAL_NOT_MEASURED
resource_intensity,1.175,1.2,,1.0212765957446808,CONDITIONAL_NOT_MEASURED
resource_intensity,1.2,1.2,,1.0,CONDITIONAL_NOT_MEASURED
resource_intensity,1.225,1.2,,0.9795918367346937,CONDITIONAL_NOT_MEASURED
resource_intensity,1.25,1.2,,0.96,CONDITIONAL_NOT_MEASURED
resource_intensity,1.275,1.2,,0.9411764705882353,CONDITIONAL_NOT_MEASURED
resource_intensity,1.3,1.2,,0.923076923076923,CONDITIONAL_NOT_MEASURED
resource_intensity,1.3250000000000002,1.2,,0.9056603773584904,CONDITIONAL_NOT_MEASURED
resource_intensity,1.35,1.2,,0.8888888888888888,CONDITIONAL_NOT_MEASURED
resource_intensity,1.375,1.2,,0.8727272727272727,CONDITIONAL_NOT_MEASURED
resource_intensity,1.4,1.2,,0.8571428571428572,CONDITIONAL_NOT_MEASURED
resource_intensity,1.425,1.2,,0.8421052631578947,CONDITIONAL_NOT_MEASURED
resource_intensity,1.4500000000000002,1.2,,0.8275862068965516,CONDITIONAL_NOT_MEASURED
resource_intensity,1.475,1.2,,0.8135593220338982,CONDITIONAL_NOT_MEASURED
resource_intensity,1.5,1.2,,0.7999999999999999,CONDITIONAL_NOT_MEASURED
resource_intensity,1.525,1.2,,0.7868852459016393,CONDITIONAL_NOT_MEASURED
resource_intensity,1.55,1.2,,0.7741935483870968,CONDITIONAL_NOT_MEASURED
resource_intensity,1.5750000000000002,1.2,,0.7619047619047618,CONDITIONAL_NOT_MEASURED
resource_intensity,1.6,1.2,,0.7499999999999999,CONDITIONAL_NOT_MEASURED
resource_intensity,1.625,1.2,,0.7384615384615384,CONDITIONAL_NOT_MEASURED
resource_intensity,1.65,1.2,,0.7272727272727273,CONDITIONAL_NOT_MEASURED
resource_intensity,1.675,1.2,,0.7164179104477612,CONDITIONAL_NOT_MEASURED
resource_intensity,1.7000000000000002,1.2,,0.7058823529411764,CONDITIONAL_NOT_MEASURED
resource_intensity,1.725,1.2,,0.6956521739130435,CONDITIONAL_NOT_MEASURED
resource_intensity,1.75,1.2,,0.6857142857142857,CONDITIONAL_NOT_MEASURED
resource_intensity,1.7750000000000001,1.2,,0.6760563380281689,CONDITIONAL_NOT_MEASURED
resource_intensity,1.8,1.2,,0.6666666666666666,CONDITIONAL_NOT_MEASURED
resource_intensity,1.825,1.2,,0.6575342465753424,CONDITIONAL_NOT_MEASURED
resource_intensity,1.85,1.2,,0.6486486486486486,CONDITIONAL_NOT_MEASURED
resource_intensity,1.875,1.2,,0.64,CONDITIONAL_NOT_MEASURED
resource_intensity,1.9000000000000001,1.2,,0.631578947368421,CONDITIONAL_NOT_MEASURED
resource_intensity,1.925,1.2,,0.6233766233766234,CONDITIONAL_NOT_MEASURED
resource_intensity,1.9500000000000002,1.2,,0.6153846153846153,CONDITIONAL_NOT_MEASURED
resource_intensity,1.975,1.2,,0.6075949367088607,CONDITIONAL_NOT_MEASURED
resource_intensity,2.0,1.2,,0.6,CONDITIONAL_NOT_MEASURED
resource_intensity,2.0250000000000004,1.2,,0.5925925925925924,CONDITIONAL_NOT_MEASURED
resource_intensity,2.05,1.2,,0.5853658536585367,CONDITIONAL_NOT_MEASURED
resource_intensity,2.075,1.2,,0.5783132530120482,CONDITIONAL_NOT_MEASURED
resource_intensity,2.1,1.2,,0.5714285714285714,CONDITIONAL_NOT_MEASURED
resource_intensity,2.125,1.2,,0.5647058823529412,CONDITIONAL_NOT_MEASURED
resource_intensity,2.1500000000000004,1.2,,0.5581395348837208,CONDITIONAL_NOT_MEASURED
resource_intensity,2.175,1.2,,0.5517241379310345,CONDITIONAL_NOT_MEASURED
resource_intensity,2.2,1.2,,0.5454545454545454,CONDITIONAL_NOT_MEASURED
resource_intensity,2.225,1.2,,0.5393258426966292,CONDITIONAL_NOT_MEASURED
resource_intensity,2.25,1.2,,0.5333333333333333,CONDITIONAL_NOT_MEASURED
resource_intensity,2.2750000000000004,1.2,,0.5274725274725274,CONDITIONAL_NOT_MEASURED
resource_intensity,2.3,1.2,,0.5217391304347826,CONDITIONAL_NOT_MEASURED
resource_intensity,2.325,1.2,,0.5161290322580645,CONDITIONAL_NOT_MEASURED
resource_intensity,2.35,1.2,,0.5106382978723404,CONDITIONAL_NOT_MEASURED
resource_intensity,2.375,1.2,,0.5052631578947369,CONDITIONAL_NOT_MEASURED
resource_intensity,2.4000000000000004,1.2,,0.4999999999999999,CONDITIONAL_NOT_MEASURED
resource_intensity,2.425,1.2,,0.4948453608247423,CONDITIONAL_NOT_MEASURED
resource_intensity,2.45,1.2,,0.48979591836734687,CONDITIONAL_NOT_MEASURED
resource_intensity,2.475,1.2,,0.4848484848484848,CONDITIONAL_NOT_MEASURED
resource_intensity,2.5,1.2,,0.48,CONDITIONAL_NOT_MEASURED
resource_intensity,2.5250000000000004,1.2,,0.47524752475247517,CONDITIONAL_NOT_MEASURED
resource_intensity,2.55,1.2,,0.47058823529411764,CONDITIONAL_NOT_MEASURED
resource_intensity,2.575,1.2,,0.4660194174757281,CONDITIONAL_NOT_MEASURED
resource_intensity,2.6,1.2,,0.4615384615384615,CONDITIONAL_NOT_MEASURED
resource_intensity,2.625,1.2,,0.45714285714285713,CONDITIONAL_NOT_MEASURED
resource_intensity,2.6500000000000004,1.2,,0.4528301886792452,CONDITIONAL_NOT_MEASURED
resource_intensity,2.675,1.2,,0.4485981308411215,CONDITIONAL_NOT_MEASURED
resource_intensity,2.7,1.2,,0.4444444444444444,CONDITIONAL_NOT_MEASURED
resource_intensity,2.725,1.2,,0.4403669724770642,CONDITIONAL_NOT_MEASURED
resource_intensity,2.75,1.2,,0.43636363636363634,CONDITIONAL_NOT_MEASURED
resource_intensity,2.775,1.2,,0.43243243243243246,CONDITIONAL_NOT_MEASURED
resource_intensity,2.8000000000000003,1.2,,0.4285714285714285,CONDITIONAL_NOT_MEASURED
resource_intensity,2.825,1.2,,0.42477876106194684,CONDITIONAL_NOT_MEASURED
resource_intensity,2.85,1.2,,0.42105263157894735,CONDITIONAL_NOT_MEASURED
resource_intensity,2.875,1.2,,0.41739130434782606,CONDITIONAL_NOT_MEASURED
resource_intensity,2.9,1.2,,0.41379310344827586,CONDITIONAL_NOT_MEASURED
resource_intensity,2.9250000000000003,1.2,,0.4102564102564102,CONDITIONAL_NOT_MEASURED
resource_intensity,2.95,1.2,,0.4067796610169491,CONDITIONAL_NOT_MEASURED
resource_intensity,2.975,1.2,,0.4033613445378151,CONDITIONAL_NOT_MEASURED
resource_intensity,3.0,1.2,,0.39999999999999997,CONDITIONAL_NOT_MEASURED
resource_intensity,0.75,1.5,,2.0,CONDITIONAL_NOT_MEASURED
resource_intensity,0.775,1.5,,1.9354838709677418,CONDITIONAL_NOT_MEASURED
resource_intensity,0.8,1.5,,1.875,CONDITIONAL_NOT_MEASURED
resource_intensity,0.825,1.5,,1.8181818181818183,CONDITIONAL_NOT_MEASURED
resource_intensity,0.85,1.5,,1.7647058823529411,CONDITIONAL_NOT_MEASURED
resource_intensity,0.875,1.5,,1.7142857142857142,CONDITIONAL_NOT_MEASURED
resource_intensity,0.9,1.5,,1.6666666666666665,CONDITIONAL_NOT_MEASURED
resource_intensity,0.925,1.5,,1.6216216216216215,CONDITIONAL_NOT_MEASURED
resource_intensity,0.95,1.5,,1.5789473684210527,CONDITIONAL_NOT_MEASURED
resource_intensity,0.975,1.5,,1.5384615384615385,CONDITIONAL_NOT_MEASURED
resource_intensity,1.0,1.5,,1.5,CONDITIONAL_NOT_MEASURED
resource_intensity,1.025,1.5,,1.4634146341463417,CONDITIONAL_NOT_MEASURED
resource_intensity,1.05,1.5,,1.4285714285714286,CONDITIONAL_NOT_MEASURED
resource_intensity,1.075,1.5,,1.3953488372093024,CONDITIONAL_NOT_MEASURED
resource_intensity,1.1,1.5,,1.3636363636363635,CONDITIONAL_NOT_MEASURED
resource_intensity,1.125,1.5,,1.3333333333333333,CONDITIONAL_NOT_MEASURED
resource_intensity,1.15,1.5,,1.3043478260869565,CONDITIONAL_NOT_MEASURED
resource_intensity,1.175,1.5,,1.276595744680851,CONDITIONAL_NOT_MEASURED
resource_intensity,1.2,1.5,,1.25,CONDITIONAL_NOT_MEASURED
resource_intensity,1.225,1.5,,1.2244897959183672,CONDITIONAL_NOT_MEASURED
resource_intensity,1.25,1.5,,1.2,CONDITIONAL_NOT_MEASURED
resource_intensity,1.275,1.5,,1.1764705882352942,CONDITIONAL_NOT_MEASURED
resource_intensity,1.3,1.5,,1.1538461538461537,CONDITIONAL_NOT_MEASURED
resource_intensity,1.3250000000000002,1.5,,1.132075471698113,CONDITIONAL_NOT_MEASURED
resource_intensity,1.35,1.5,,1.111111111111111,CONDITIONAL_NOT_MEASURED
resource_intensity,1.375,1.5,,1.0909090909090908,CONDITIONAL_NOT_MEASURED
resource_intensity,1.4,1.5,,1.0714285714285714,CONDITIONAL_NOT_MEASURED
resource_intensity,1.425,1.5,,1.0526315789473684,CONDITIONAL_NOT_MEASURED
resource_intensity,1.4500000000000002,1.5,,1.0344827586206895,CONDITIONAL_NOT_MEASURED
resource_intensity,1.475,1.5,,1.0169491525423728,CONDITIONAL_NOT_MEASURED
resource_intensity,1.5,1.5,,1.0,CONDITIONAL_NOT_MEASURED
resource_intensity,1.525,1.5,,0.9836065573770493,CONDITIONAL_NOT_MEASURED
resource_intensity,1.55,1.5,,0.9677419354838709,CONDITIONAL_NOT_MEASURED
resource_intensity,1.5750000000000002,1.5,,0.9523809523809523,CONDITIONAL_NOT_MEASURED
resource_intensity,1.6,1.5,,0.9375,CONDITIONAL_NOT_MEASURED
resource_intensity,1.625,1.5,,0.9230769230769231,CONDITIONAL_NOT_MEASURED
resource_intensity,1.65,1.5,,0.9090909090909092,CONDITIONAL_NOT_MEASURED
resource_intensity,1.675,1.5,,0.8955223880597015,CONDITIONAL_NOT_MEASURED
resource_intensity,1.7000000000000002,1.5,,0.8823529411764705,CONDITIONAL_NOT_MEASURED
resource_intensity,1.725,1.5,,0.8695652173913043,CONDITIONAL_NOT_MEASURED
resource_intensity,1.75,1.5,,0.8571428571428571,CONDITIONAL_NOT_MEASURED
resource_intensity,1.7750000000000001,1.5,,0.8450704225352113,CONDITIONAL_NOT_MEASURED
resource_intensity,1.8,1.5,,0.8333333333333333,CONDITIONAL_NOT_MEASURED
resource_intensity,1.825,1.5,,0.8219178082191781,CONDITIONAL_NOT_MEASURED
resource_intensity,1.85,1.5,,0.8108108108108107,CONDITIONAL_NOT_MEASURED
resource_intensity,1.875,1.5,,0.8,CONDITIONAL_NOT_MEASURED
resource_intensity,1.9000000000000001,1.5,,0.7894736842105262,CONDITIONAL_NOT_MEASURED
resource_intensity,1.925,1.5,,0.7792207792207793,CONDITIONAL_NOT_MEASURED
resource_intensity,1.9500000000000002,1.5,,0.7692307692307692,CONDITIONAL_NOT_MEASURED
resource_intensity,1.975,1.5,,0.7594936708860759,CONDITIONAL_NOT_MEASURED
resource_intensity,2.0,1.5,,0.75,CONDITIONAL_NOT_MEASURED
resource_intensity,2.0250000000000004,1.5,,0.7407407407407406,CONDITIONAL_NOT_MEASURED
resource_intensity,2.05,1.5,,0.7317073170731708,CONDITIONAL_NOT_MEASURED
resource_intensity,2.075,1.5,,0.7228915662650601,CONDITIONAL_NOT_MEASURED
resource_intensity,2.1,1.5,,0.7142857142857143,CONDITIONAL_NOT_MEASURED
resource_intensity,2.125,1.5,,0.7058823529411765,CONDITIONAL_NOT_MEASURED
resource_intensity,2.1500000000000004,1.5,,0.6976744186046511,CONDITIONAL_NOT_MEASURED
resource_intensity,2.175,1.5,,0.6896551724137931,CONDITIONAL_NOT_MEASURED
resource_intensity,2.2,1.5,,0.6818181818181818,CONDITIONAL_NOT_MEASURED
resource_intensity,2.225,1.5,,0.6741573033707865,CONDITIONAL_NOT_MEASURED
resource_intensity,2.25,1.5,,0.6666666666666666,CONDITIONAL_NOT_MEASURED
resource_intensity,2.2750000000000004,1.5,,0.6593406593406592,CONDITIONAL_NOT_MEASURED
resource_intensity,2.3,1.5,,0.6521739130434783,CONDITIONAL_NOT_MEASURED
resource_intensity,2.325,1.5,,0.6451612903225806,CONDITIONAL_NOT_MEASURED
resource_intensity,2.35,1.5,,0.6382978723404255,CONDITIONAL_NOT_MEASURED
resource_intensity,2.375,1.5,,0.631578947368421,CONDITIONAL_NOT_MEASURED
resource_intensity,2.4000000000000004,1.5,,0.6249999999999999,CONDITIONAL_NOT_MEASURED
resource_intensity,2.425,1.5,,0.6185567010309279,CONDITIONAL_NOT_MEASURED
resource_intensity,2.45,1.5,,0.6122448979591836,CONDITIONAL_NOT_MEASURED
resource_intensity,2.475,1.5,,0.6060606060606061,CONDITIONAL_NOT_MEASURED
resource_intensity,2.5,1.5,,0.6,CONDITIONAL_NOT_MEASURED
resource_intensity,2.5250000000000004,1.5,,0.5940594059405939,CONDITIONAL_NOT_MEASURED
resource_intensity,2.55,1.5,,0.5882352941176471,CONDITIONAL_NOT_MEASURED
resource_intensity,2.575,1.5,,0.5825242718446602,CONDITIONAL_NOT_MEASURED
resource_intensity,2.6,1.5,,0.5769230769230769,CONDITIONAL_NOT_MEASURED
resource_intensity,2.625,1.5,,0.5714285714285714,CONDITIONAL_NOT_MEASURED
resource_intensity,2.6500000000000004,1.5,,0.5660377358490565,CONDITIONAL_NOT_MEASURED
resource_intensity,2.675,1.5,,0.5607476635514019,CONDITIONAL_NOT_MEASURED
resource_intensity,2.7,1.5,,0.5555555555555555,CONDITIONAL_NOT_MEASURED
resource_intensity,2.725,1.5,,0.5504587155963303,CONDITIONAL_NOT_MEASURED
resource_intensity,2.75,1.5,,0.5454545454545454,CONDITIONAL_NOT_MEASURED
resource_intensity,2.775,1.5,,0.5405405405405406,CONDITIONAL_NOT_MEASURED
resource_intensity,2.8000000000000003,1.5,,0.5357142857142857,CONDITIONAL_NOT_MEASURED
resource_intensity,2.825,1.5,,0.5309734513274336,CONDITIONAL_NOT_MEASURED
resource_intensity,2.85,1.5,,0.5263157894736842,CONDITIONAL_NOT_MEASURED
resource_intensity,2.875,1.5,,0.5217391304347826,CONDITIONAL_NOT_MEASURED
resource_intensity,2.9,1.5,,0.5172413793103449,CONDITIONAL_NOT_MEASURED
resource_intensity,2.9250000000000003,1.5,,0.5128205128205128,CONDITIONAL_NOT_MEASURED
resource_intensity,2.95,1.5,,0.5084745762711864,CONDITIONAL_NOT_MEASURED
resource_intensity,2.975,1.5,,0.5042016806722689,CONDITIONAL_NOT_MEASURED
resource_intensity,3.0,1.5,,0.5,CONDITIONAL_NOT_MEASURED
resource_intensity,0.75,2,,2.6666666666666665,CONDITIONAL_NOT_MEASURED
resource_intensity,0.775,2,,2.5806451612903225,CONDITIONAL_NOT_MEASURED
resource_intensity,0.8,2,,2.5,CONDITIONAL_NOT_MEASURED
resource_intensity,0.825,2,,2.4242424242424243,CONDITIONAL_NOT_MEASURED
resource_intensity,0.85,2,,2.3529411764705883,CONDITIONAL_NOT_MEASURED
resource_intensity,0.875,2,,2.2857142857142856,CONDITIONAL_NOT_MEASURED
resource_intensity,0.9,2,,2.2222222222222223,CONDITIONAL_NOT_MEASURED
resource_intensity,0.925,2,,2.162162162162162,CONDITIONAL_NOT_MEASURED
resource_intensity,0.95,2,,2.1052631578947367,CONDITIONAL_NOT_MEASURED
resource_intensity,0.975,2,,2.0512820512820515,CONDITIONAL_NOT_MEASURED
resource_intensity,1.0,2,,2.0,CONDITIONAL_NOT_MEASURED
resource_intensity,1.025,2,,1.9512195121951221,CONDITIONAL_NOT_MEASURED
resource_intensity,1.05,2,,1.9047619047619047,CONDITIONAL_NOT_MEASURED
resource_intensity,1.075,2,,1.8604651162790697,CONDITIONAL_NOT_MEASURED
resource_intensity,1.1,2,,1.8181818181818181,CONDITIONAL_NOT_MEASURED
resource_intensity,1.125,2,,1.7777777777777777,CONDITIONAL_NOT_MEASURED
resource_intensity,1.15,2,,1.7391304347826089,CONDITIONAL_NOT_MEASURED
resource_intensity,1.175,2,,1.702127659574468,CONDITIONAL_NOT_MEASURED
resource_intensity,1.2,2,,1.6666666666666667,CONDITIONAL_NOT_MEASURED
resource_intensity,1.225,2,,1.6326530612244896,CONDITIONAL_NOT_MEASURED
resource_intensity,1.25,2,,1.6,CONDITIONAL_NOT_MEASURED
resource_intensity,1.275,2,,1.5686274509803924,CONDITIONAL_NOT_MEASURED
resource_intensity,1.3,2,,1.5384615384615383,CONDITIONAL_NOT_MEASURED
resource_intensity,1.3250000000000002,2,,1.5094339622641508,CONDITIONAL_NOT_MEASURED
resource_intensity,1.35,2,,1.4814814814814814,CONDITIONAL_NOT_MEASURED
resource_intensity,1.375,2,,1.4545454545454546,CONDITIONAL_NOT_MEASURED
resource_intensity,1.4,2,,1.4285714285714286,CONDITIONAL_NOT_MEASURED
resource_intensity,1.425,2,,1.4035087719298245,CONDITIONAL_NOT_MEASURED
resource_intensity,1.4500000000000002,2,,1.379310344827586,CONDITIONAL_NOT_MEASURED
resource_intensity,1.475,2,,1.3559322033898304,CONDITIONAL_NOT_MEASURED
resource_intensity,1.5,2,,1.3333333333333333,CONDITIONAL_NOT_MEASURED
resource_intensity,1.525,2,,1.3114754098360657,CONDITIONAL_NOT_MEASURED
resource_intensity,1.55,2,,1.2903225806451613,CONDITIONAL_NOT_MEASURED
resource_intensity,1.5750000000000002,2,,1.2698412698412698,CONDITIONAL_NOT_MEASURED
resource_intensity,1.6,2,,1.25,CONDITIONAL_NOT_MEASURED
resource_intensity,1.625,2,,1.2307692307692308,CONDITIONAL_NOT_MEASURED
resource_intensity,1.65,2,,1.2121212121212122,CONDITIONAL_NOT_MEASURED
resource_intensity,1.675,2,,1.1940298507462686,CONDITIONAL_NOT_MEASURED
resource_intensity,1.7000000000000002,2,,1.176470588235294,CONDITIONAL_NOT_MEASURED
resource_intensity,1.725,2,,1.1594202898550725,CONDITIONAL_NOT_MEASURED
resource_intensity,1.75,2,,1.1428571428571428,CONDITIONAL_NOT_MEASURED
resource_intensity,1.7750000000000001,2,,1.1267605633802815,CONDITIONAL_NOT_MEASURED
resource_intensity,1.8,2,,1.1111111111111112,CONDITIONAL_NOT_MEASURED
resource_intensity,1.825,2,,1.095890410958904,CONDITIONAL_NOT_MEASURED
resource_intensity,1.85,2,,1.081081081081081,CONDITIONAL_NOT_MEASURED
resource_intensity,1.875,2,,1.0666666666666667,CONDITIONAL_NOT_MEASURED
resource_intensity,1.9000000000000001,2,,1.0526315789473684,CONDITIONAL_NOT_MEASURED
resource_intensity,1.925,2,,1.0389610389610389,CONDITIONAL_NOT_MEASURED
resource_intensity,1.9500000000000002,2,,1.0256410256410255,CONDITIONAL_NOT_MEASURED
resource_intensity,1.975,2,,1.0126582278481011,CONDITIONAL_NOT_MEASURED
resource_intensity,2.0,2,,1.0,CONDITIONAL_NOT_MEASURED
resource_intensity,2.0250000000000004,2,,0.9876543209876542,CONDITIONAL_NOT_MEASURED
resource_intensity,2.05,2,,0.9756097560975611,CONDITIONAL_NOT_MEASURED
resource_intensity,2.075,2,,0.9638554216867469,CONDITIONAL_NOT_MEASURED
resource_intensity,2.1,2,,0.9523809523809523,CONDITIONAL_NOT_MEASURED
resource_intensity,2.125,2,,0.9411764705882353,CONDITIONAL_NOT_MEASURED
resource_intensity,2.1500000000000004,2,,0.9302325581395348,CONDITIONAL_NOT_MEASURED
resource_intensity,2.175,2,,0.9195402298850576,CONDITIONAL_NOT_MEASURED
resource_intensity,2.2,2,,0.9090909090909091,CONDITIONAL_NOT_MEASURED
resource_intensity,2.225,2,,0.898876404494382,CONDITIONAL_NOT_MEASURED
resource_intensity,2.25,2,,0.8888888888888888,CONDITIONAL_NOT_MEASURED
resource_intensity,2.2750000000000004,2,,0.879120879120879,CONDITIONAL_NOT_MEASURED
resource_intensity,2.3,2,,0.8695652173913044,CONDITIONAL_NOT_MEASURED
resource_intensity,2.325,2,,0.8602150537634408,CONDITIONAL_NOT_MEASURED
resource_intensity,2.35,2,,0.851063829787234,CONDITIONAL_NOT_MEASURED
resource_intensity,2.375,2,,0.8421052631578947,CONDITIONAL_NOT_MEASURED
resource_intensity,2.4000000000000004,2,,0.8333333333333333,CONDITIONAL_NOT_MEASURED
resource_intensity,2.425,2,,0.8247422680412372,CONDITIONAL_NOT_MEASURED
resource_intensity,2.45,2,,0.8163265306122448,CONDITIONAL_NOT_MEASURED
resource_intensity,2.475,2,,0.8080808080808081,CONDITIONAL_NOT_MEASURED
resource_intensity,2.5,2,,0.8,CONDITIONAL_NOT_MEASURED
resource_intensity,2.5250000000000004,2,,0.792079207920792,CONDITIONAL_NOT_MEASURED
resource_intensity,2.55,2,,0.7843137254901962,CONDITIONAL_NOT_MEASURED
resource_intensity,2.575,2,,0.7766990291262136,CONDITIONAL_NOT_MEASURED
resource_intensity,2.6,2,,0.7692307692307692,CONDITIONAL_NOT_MEASURED
resource_intensity,2.625,2,,0.7619047619047619,CONDITIONAL_NOT_MEASURED
resource_intensity,2.6500000000000004,2,,0.7547169811320754,CONDITIONAL_NOT_MEASURED
resource_intensity,2.675,2,,0.7476635514018692,CONDITIONAL_NOT_MEASURED
resource_intensity,2.7,2,,0.7407407407407407,CONDITIONAL_NOT_MEASURED
resource_intensity,2.725,2,,0.7339449541284403,CONDITIONAL_NOT_MEASURED
resource_intensity,2.75,2,,0.7272727272727273,CONDITIONAL_NOT_MEASURED
resource_intensity,2.775,2,,0.7207207207207208,CONDITIONAL_NOT_MEASURED
resource_intensity,2.8000000000000003,2,,0.7142857142857142,CONDITIONAL_NOT_MEASURED
resource_intensity,2.825,2,,0.7079646017699115,CONDITIONAL_NOT_MEASURED
resource_intensity,2.85,2,,0.7017543859649122,CONDITIONAL_NOT_MEASURED
resource_intensity,2.875,2,,0.6956521739130435,CONDITIONAL_NOT_MEASURED
resource_intensity,2.9,2,,0.6896551724137931,CONDITIONAL_NOT_MEASURED
resource_intensity,2.9250000000000003,2,,0.6837606837606837,CONDITIONAL_NOT_MEASURED
resource_intensity,2.95,2,,0.6779661016949152,CONDITIONAL_NOT_MEASURED
resource_intensity,2.975,2,,0.6722689075630252,CONDITIONAL_NOT_MEASURED
resource_intensity,3.0,2,,0.6666666666666666,CONDITIONAL_NOT_MEASURED
fresh_solvent_steady_state,1,1,0.0,1.0,CONDITIONAL_NOT_MEASURED
fresh_solvent_steady_state,1,1,0.01,0.99,CONDITIONAL_NOT_MEASURED
fresh_solvent_steady_state,1,1,0.02,0.98,CONDITIONAL_NOT_MEASURED
fresh_solvent_steady_state,1,1,0.03,0.97,CONDITIONAL_NOT_MEASURED
fresh_solvent_steady_state,1,1,0.04,0.96,CONDITIONAL_NOT_MEASURED
fresh_solvent_steady_state,1,1,0.05,0.95,CONDITIONAL_NOT_MEASURED
fresh_solvent_steady_state,1,1,0.06,0.94,CONDITIONAL_NOT_MEASURED
fresh_solvent_steady_state,1,1,0.07,0.9299999999999999,CONDITIONAL_NOT_MEASURED
fresh_solvent_steady_state,1,1,0.08,0.92,CONDITIONAL_NOT_MEASURED
fresh_solvent_steady_state,1,1,0.09,0.91,CONDITIONAL_NOT_MEASURED
fresh_solvent_steady_state,1,1,0.1,0.9,CONDITIONAL_NOT_MEASURED
fresh_solvent_steady_state,1,1,0.11,0.89,CONDITIONAL_NOT_MEASURED
fresh_solvent_steady_state,1,1,0.12,0.88,CONDITIONAL_NOT_MEASURED
fresh_solvent_steady_state,1,1,0.13,0.87,CONDITIONAL_NOT_MEASURED
fresh_solvent_steady_state,1,1,0.14,0.86,CONDITIONAL_NOT_MEASURED
fresh_solvent_steady_state,1,1,0.15,0.85,CONDITIONAL_NOT_MEASURED
fresh_solvent_steady_state,1,1,0.16,0.84,CONDITIONAL_NOT_MEASURED
fresh_solvent_steady_state,1,1,0.17,0.83,CONDITIONAL_NOT_MEASURED
fresh_solvent_steady_state,1,1,0.18,0.8200000000000001,CONDITIONAL_NOT_MEASURED
fresh_solvent_steady_state,1,1,0.19,0.81,CONDITIONAL_NOT_MEASURED
fresh_solvent_steady_state,1,1,0.2,0.8,CONDITIONAL_NOT_MEASURED
fresh_solvent_steady_state,1,1,0.21,0.79,CONDITIONAL_NOT_MEASURED
fresh_solvent_steady_state,1,1,0.22,0.78,CONDITIONAL_NOT_MEASURED
fresh_solvent_steady_state,1,1,0.23,0.77,CONDITIONAL_NOT_MEASURED
fresh_solvent_steady_state,1,1,0.24,0.76,CONDITIONAL_NOT_MEASURED
fresh_solvent_steady_state,1,1,0.25,0.75,CONDITIONAL_NOT_MEASURED
fresh_solvent_steady_state,1,1,0.26,0.74,CONDITIONAL_NOT_MEASURED
fresh_solvent_steady_state,1,1,0.27,0.73,CONDITIONAL_NOT_MEASURED
fresh_solvent_steady_state,1,1,0.28,0.72,CONDITIONAL_NOT_MEASURED
fresh_solvent_steady_state,1,1,0.29,0.71,CONDITIONAL_NOT_MEASURED
fresh_solvent_steady_state,1,1,0.3,0.7,CONDITIONAL_NOT_MEASURED
fresh_solvent_steady_state,1,1,0.31,0.69,CONDITIONAL_NOT_MEASURED
fresh_solvent_steady_state,1,1,0.32,0.6799999999999999,CONDITIONAL_NOT_MEASURED
fresh_solvent_steady_state,1,1,0.33,0.6699999999999999,CONDITIONAL_NOT_MEASURED
fresh_solvent_steady_state,1,1,0.34,0.6599999999999999,CONDITIONAL_NOT_MEASURED
fresh_solvent_steady_state,1,1,0.35000000000000003,0.6499999999999999,CONDITIONAL_NOT_MEASURED
fresh_solvent_steady_state,1,1,0.36,0.64,CONDITIONAL_NOT_MEASURED
fresh_solvent_steady_state,1,1,0.37,0.63,CONDITIONAL_NOT_MEASURED
fresh_solvent_steady_state,1,1,0.38,0.62,CONDITIONAL_NOT_MEASURED
fresh_solvent_steady_state,1,1,0.39,0.61,CONDITIONAL_NOT_MEASURED
fresh_solvent_steady_state,1,1,0.4,0.6,CONDITIONAL_NOT_MEASURED
fresh_solvent_steady_state,1,1,0.41000000000000003,0.59,CONDITIONAL_NOT_MEASURED
fresh_solvent_steady_state,1,1,0.42,0.5800000000000001,CONDITIONAL_NOT_MEASURED
fresh_solvent_steady_state,1,1,0.43,0.5700000000000001,CONDITIONAL_NOT_MEASURED
fresh_solvent_steady_state,1,1,0.44,0.56,CONDITIONAL_NOT_MEASURED
fresh_solvent_steady_state,1,1,0.45,0.55,CONDITIONAL_NOT_MEASURED
fresh_solvent_steady_state,1,1,0.46,0.54,CONDITIONAL_NOT_MEASURED
fresh_solvent_steady_state,1,1,0.47000000000000003,0.53,CONDITIONAL_NOT_MEASURED
fresh_solvent_steady_state,1,1,0.48,0.52,CONDITIONAL_NOT_MEASURED
fresh_solvent_steady_state,1,1,0.49,0.51,CONDITIONAL_NOT_MEASURED
fresh_solvent_steady_state,1,1,0.5,0.5,CONDITIONAL_NOT_MEASURED
fresh_solvent_steady_state,1,1,0.51,0.49,CONDITIONAL_NOT_MEASURED
fresh_solvent_steady_state,1,1,0.52,0.48,CONDITIONAL_NOT_MEASURED
fresh_solvent_steady_state,1,1,0.53,0.47,CONDITIONAL_NOT_MEASURED
fresh_solvent_steady_state,1,1,0.54,0.45999999999999996,CONDITIONAL_NOT_MEASURED
fresh_solvent_steady_state,1,1,0.55,0.44999999999999996,CONDITIONAL_NOT_MEASURED
fresh_solvent_steady_state,1,1,0.56,0.43999999999999995,CONDITIONAL_NOT_MEASURED
fresh_solvent_steady_state,1,1,0.5700000000000001,0.42999999999999994,CONDITIONAL_NOT_MEASURED
fresh_solvent_steady_state,1,1,0.58,0.42000000000000004,CONDITIONAL_NOT_MEASURED
fresh_solvent_steady_state,1,1,0.59,0.41000000000000003,CONDITIONAL_NOT_MEASURED
fresh_solvent_steady_state,1,1,0.6,0.4,CONDITIONAL_NOT_MEASURED
fresh_solvent_steady_state,1,1,0.61,0.39,CONDITIONAL_NOT_MEASURED
fresh_solvent_steady_state,1,1,0.62,0.38,CONDITIONAL_NOT_MEASURED
fresh_solvent_steady_state,1,1,0.63,0.37,CONDITIONAL_NOT_MEASURED
fresh_solvent_steady_state,1,1,0.64,0.36,CONDITIONAL_NOT_MEASURED
fresh_solvent_steady_state,1,1,0.65,0.35,CONDITIONAL_NOT_MEASURED
fresh_solvent_steady_state,1,1,0.66,0.33999999999999997,CONDITIONAL_NOT_MEASURED
fresh_solvent_steady_state,1,1,0.67,0.32999999999999996,CONDITIONAL_NOT_MEASURED
fresh_solvent_steady_state,1,1,0.68,0.31999999999999995,CONDITIONAL_NOT_MEASURED
fresh_solvent_steady_state,1,1,0.6900000000000001,0.30999999999999994,CONDITIONAL_NOT_MEASURED
fresh_solvent_steady_state,1,1,0.7000000000000001,0.29999999999999993,CONDITIONAL_NOT_MEASURED
fresh_solvent_steady_state,1,1,0.71,0.29000000000000004,CONDITIONAL_NOT_MEASURED
fresh_solvent_steady_state,1,1,0.72,0.28,CONDITIONAL_NOT_MEASURED
fresh_solvent_steady_state,1,1,0.73,0.27,CONDITIONAL_NOT_MEASURED
fresh_solvent_steady_state,1,1,0.74,0.26,CONDITIONAL_NOT_MEASURED
fresh_solvent_steady_state,1,1,0.75,0.25,CONDITIONAL_NOT_MEASURED
fresh_solvent_steady_state,1,1,0.76,0.24,CONDITIONAL_NOT_MEASURED
fresh_solvent_steady_state,1,1,0.77,0.22999999999999998,CONDITIONAL_NOT_MEASURED
fresh_solvent_steady_state,1,1,0.78,0.21999999999999997,CONDITIONAL_NOT_MEASURED
fresh_solvent_steady_state,1,1,0.79,0.20999999999999996,CONDITIONAL_NOT_MEASURED
fresh_solvent_steady_state,1,1,0.8,0.19999999999999996,CONDITIONAL_NOT_MEASURED
fresh_solvent_steady_state,1,1,0.81,0.18999999999999995,CONDITIONAL_NOT_MEASURED
fresh_solvent_steady_state,1,1,0.8200000000000001,0.17999999999999994,CONDITIONAL_NOT_MEASURED
fresh_solvent_steady_state,1,1,0.8300000000000001,0.16999999999999993,CONDITIONAL_NOT_MEASURED
fresh_solvent_steady_state,1,1,0.84,0.16000000000000003,CONDITIONAL_NOT_MEASURED
fresh_solvent_steady_state,1,1,0.85,0.15000000000000002,CONDITIONAL_NOT_MEASURED
fresh_solvent_steady_state,1,1,0.86,0.14,CONDITIONAL_NOT_MEASURED
fresh_solvent_steady_state,1,1,0.87,0.13,CONDITIONAL_NOT_MEASURED
fresh_solvent_steady_state,1,1,0.88,0.12,CONDITIONAL_NOT_MEASURED
fresh_solvent_steady_state,1,1,0.89,0.10999999999999999,CONDITIONAL_NOT_MEASURED
fresh_solvent_steady_state,1,1,0.9,0.09999999999999998,CONDITIONAL_NOT_MEASURED
fresh_solvent_steady_state,1,1,0.91,0.08999999999999997,CONDITIONAL_NOT_MEASURED
fresh_solvent_steady_state,1,1,0.92,0.07999999999999996,CONDITIONAL_NOT_MEASURED
fresh_solvent_steady_state,1,1,0.93,0.06999999999999995,CONDITIONAL_NOT_MEASURED
fresh_solvent_steady_state,1,1,0.9400000000000001,0.05999999999999994,CONDITIONAL_NOT_MEASURED
fresh_solvent_steady_state,1,1,0.95,0.050000000000000044,CONDITIONAL_NOT_MEASURED
fresh_solvent_steady_state,1.2,1,0.0,0.8333333333333334,CONDITIONAL_NOT_MEASURED
fresh_solvent_steady_state,1.2,1,0.01,0.8250000000000001,CONDITIONAL_NOT_MEASURED
fresh_solvent_steady_state,1.2,1,0.02,0.8166666666666667,CONDITIONAL_NOT_MEASURED
fresh_solvent_steady_state,1.2,1,0.03,0.8083333333333333,CONDITIONAL_NOT_MEASURED
fresh_solvent_steady_state,1.2,1,0.04,0.8,CONDITIONAL_NOT_MEASURED
fresh_solvent_steady_state,1.2,1,0.05,0.7916666666666666,CONDITIONAL_NOT_MEASURED
fresh_solvent_steady_state,1.2,1,0.06,0.7833333333333333,CONDITIONAL_NOT_MEASURED
fresh_solvent_steady_state,1.2,1,0.07,0.775,CONDITIONAL_NOT_MEASURED
fresh_solvent_steady_state,1.2,1,0.08,0.7666666666666667,CONDITIONAL_NOT_MEASURED
fresh_solvent_steady_state,1.2,1,0.09,0.7583333333333334,CONDITIONAL_NOT_MEASURED
fresh_solvent_steady_state,1.2,1,0.1,0.75,CONDITIONAL_NOT_MEASURED
fresh_solvent_steady_state,1.2,1,0.11,0.7416666666666667,CONDITIONAL_NOT_MEASURED
fresh_solvent_steady_state,1.2,1,0.12,0.7333333333333334,CONDITIONAL_NOT_MEASURED
fresh_solvent_steady_state,1.2,1,0.13,0.725,CONDITIONAL_NOT_MEASURED
fresh_solvent_steady_state,1.2,1,0.14,0.7166666666666667,CONDITIONAL_NOT_MEASURED
fresh_solvent_steady_state,1.2,1,0.15,0.7083333333333334,CONDITIONAL_NOT_MEASURED
fresh_solvent_steady_state,1.2,1,0.16,0.7,CONDITIONAL_NOT_MEASURED
fresh_solvent_steady_state,1.2,1,0.17,0.6916666666666667,CONDITIONAL_NOT_MEASURED
fresh_solvent_steady_state,1.2,1,0.18,0.6833333333333335,CONDITIONAL_NOT_MEASURED
fresh_solvent_steady_state,1.2,1,0.19,0.675,CONDITIONAL_NOT_MEASURED
fresh_solvent_steady_state,1.2,1,0.2,0.6666666666666667,CONDITIONAL_NOT_MEASURED
fresh_solvent_steady_state,1.2,1,0.21,0.6583333333333334,CONDITIONAL_NOT_MEASURED
fresh_solvent_steady_state,1.2,1,0.22,0.65,CONDITIONAL_NOT_MEASURED
fresh_solvent_steady_state,1.2,1,0.23,0.6416666666666667,CONDITIONAL_NOT_MEASURED
fresh_solvent_steady_state,1.2,1,0.24,0.6333333333333334,CONDITIONAL_NOT_MEASURED
fresh_solvent_steady_state,1.2,1,0.25,0.625,CONDITIONAL_NOT_MEASURED
fresh_solvent_steady_state,1.2,1,0.26,0.6166666666666667,CONDITIONAL_NOT_MEASURED
fresh_solvent_steady_state,1.2,1,0.27,0.6083333333333334,CONDITIONAL_NOT_MEASURED
fresh_solvent_steady_state,1.2,1,0.28,0.6,CONDITIONAL_NOT_MEASURED
fresh_solvent_steady_state,1.2,1,0.29,0.5916666666666667,CONDITIONAL_NOT_MEASURED
fresh_solvent_steady_state,1.2,1,0.3,0.5833333333333334,CONDITIONAL_NOT_MEASURED
fresh_solvent_steady_state,1.2,1,0.31,0.575,CONDITIONAL_NOT_MEASURED
fresh_solvent_steady_state,1.2,1,0.32,0.5666666666666667,CONDITIONAL_NOT_MEASURED
fresh_solvent_steady_state,1.2,1,0.33,0.5583333333333333,CONDITIONAL_NOT_MEASURED
fresh_solvent_steady_state,1.2,1,0.34,0.5499999999999999,CONDITIONAL_NOT_MEASURED
fresh_solvent_steady_state,1.2,1,0.35000000000000003,0.5416666666666666,CONDITIONAL_NOT_MEASURED
fresh_solvent_steady_state,1.2,1,0.36,0.5333333333333333,CONDITIONAL_NOT_MEASURED
fresh_solvent_steady_state,1.2,1,0.37,0.525,CONDITIONAL_NOT_MEASURED
fresh_solvent_steady_state,1.2,1,0.38,0.5166666666666667,CONDITIONAL_NOT_MEASURED
fresh_solvent_steady_state,1.2,1,0.39,0.5083333333333333,CONDITIONAL_NOT_MEASURED
fresh_solvent_steady_state,1.2,1,0.4,0.5,CONDITIONAL_NOT_MEASURED
fresh_solvent_steady_state,1.2,1,0.41000000000000003,0.49166666666666664,CONDITIONAL_NOT_MEASURED
fresh_solvent_steady_state,1.2,1,0.42,0.4833333333333334,CONDITIONAL_NOT_MEASURED
fresh_solvent_steady_state,1.2,1,0.43,0.4750000000000001,CONDITIONAL_NOT_MEASURED
fresh_solvent_steady_state,1.2,1,0.44,0.46666666666666673,CONDITIONAL_NOT_MEASURED
fresh_solvent_steady_state,1.2,1,0.45,0.45833333333333337,CONDITIONAL_NOT_MEASURED
fresh_solvent_steady_state,1.2,1,0.46,0.45000000000000007,CONDITIONAL_NOT_MEASURED
fresh_solvent_steady_state,1.2,1,0.47000000000000003,0.4416666666666667,CONDITIONAL_NOT_MEASURED
fresh_solvent_steady_state,1.2,1,0.48,0.43333333333333335,CONDITIONAL_NOT_MEASURED
fresh_solvent_steady_state,1.2,1,0.49,0.42500000000000004,CONDITIONAL_NOT_MEASURED
fresh_solvent_steady_state,1.2,1,0.5,0.4166666666666667,CONDITIONAL_NOT_MEASURED
fresh_solvent_steady_state,1.2,1,0.51,0.4083333333333333,CONDITIONAL_NOT_MEASURED
fresh_solvent_steady_state,1.2,1,0.52,0.4,CONDITIONAL_NOT_MEASURED
fresh_solvent_steady_state,1.2,1,0.53,0.39166666666666666,CONDITIONAL_NOT_MEASURED
fresh_solvent_steady_state,1.2,1,0.54,0.3833333333333333,CONDITIONAL_NOT_MEASURED
fresh_solvent_steady_state,1.2,1,0.55,0.375,CONDITIONAL_NOT_MEASURED
fresh_solvent_steady_state,1.2,1,0.56,0.36666666666666664,CONDITIONAL_NOT_MEASURED
fresh_solvent_steady_state,1.2,1,0.5700000000000001,0.3583333333333333,CONDITIONAL_NOT_MEASURED
fresh_solvent_steady_state,1.2,1,0.58,0.35000000000000003,CONDITIONAL_NOT_MEASURED
fresh_solvent_steady_state,1.2,1,0.59,0.34166666666666673,CONDITIONAL_NOT_MEASURED
fresh_solvent_steady_state,1.2,1,0.6,0.33333333333333337,CONDITIONAL_NOT_MEASURED
fresh_solvent_steady_state,1.2,1,0.61,0.325,CONDITIONAL_NOT_MEASURED
fresh_solvent_steady_state,1.2,1,0.62,0.3166666666666667,CONDITIONAL_NOT_MEASURED
fresh_solvent_steady_state,1.2,1,0.63,0.30833333333333335,CONDITIONAL_NOT_MEASURED
fresh_solvent_steady_state,1.2,1,0.64,0.3,CONDITIONAL_NOT_MEASURED
fresh_solvent_steady_state,1.2,1,0.65,0.2916666666666667,CONDITIONAL_NOT_MEASURED
fresh_solvent_steady_state,1.2,1,0.66,0.2833333333333333,CONDITIONAL_NOT_MEASURED
fresh_solvent_steady_state,1.2,1,0.67,0.27499999999999997,CONDITIONAL_NOT_MEASURED
fresh_solvent_steady_state,1.2,1,0.68,0.26666666666666666,CONDITIONAL_NOT_MEASURED
fresh_solvent_steady_state,1.2,1,0.6900000000000001,0.2583333333333333,CONDITIONAL_NOT_MEASURED
fresh_solvent_steady_state,1.2,1,0.7000000000000001,0.24999999999999994,CONDITIONAL_NOT_MEASURED
fresh_solvent_steady_state,1.2,1,0.71,0.2416666666666667,CONDITIONAL_NOT_MEASURED
fresh_solvent_steady_state,1.2,1,0.72,0.23333333333333336,CONDITIONAL_NOT_MEASURED
fresh_solvent_steady_state,1.2,1,0.73,0.22500000000000003,CONDITIONAL_NOT_MEASURED
fresh_solvent_steady_state,1.2,1,0.74,0.21666666666666667,CONDITIONAL_NOT_MEASURED
fresh_solvent_steady_state,1.2,1,0.75,0.20833333333333334,CONDITIONAL_NOT_MEASURED
fresh_solvent_steady_state,1.2,1,0.76,0.2,CONDITIONAL_NOT_MEASURED
fresh_solvent_steady_state,1.2,1,0.77,0.19166666666666665,CONDITIONAL_NOT_MEASURED
fresh_solvent_steady_state,1.2,1,0.78,0.18333333333333332,CONDITIONAL_NOT_MEASURED
fresh_solvent_steady_state,1.2,1,0.79,0.175,CONDITIONAL_NOT_MEASURED
fresh_solvent_steady_state,1.2,1,0.8,0.16666666666666663,CONDITIONAL_NOT_MEASURED
fresh_solvent_steady_state,1.2,1,0.81,0.1583333333333333,CONDITIONAL_NOT_MEASURED
fresh_solvent_steady_state,1.2,1,0.8200000000000001,0.14999999999999997,CONDITIONAL_NOT_MEASURED
fresh_solvent_steady_state,1.2,1,0.8300000000000001,0.1416666666666666,CONDITIONAL_NOT_MEASURED
fresh_solvent_steady_state,1.2,1,0.84,0.13333333333333336,CONDITIONAL_NOT_MEASURED
fresh_solvent_steady_state,1.2,1,0.85,0.12500000000000003,CONDITIONAL_NOT_MEASURED
fresh_solvent_steady_state,1.2,1,0.86,0.11666666666666668,CONDITIONAL_NOT_MEASURED
fresh_solvent_steady_state,1.2,1,0.87,0.10833333333333334,CONDITIONAL_NOT_MEASURED
fresh_solvent_steady_state,1.2,1,0.88,0.1,CONDITIONAL_NOT_MEASURED
fresh_solvent_steady_state,1.2,1,0.89,0.09166666666666666,CONDITIONAL_NOT_MEASURED
fresh_solvent_steady_state,1.2,1,0.9,0.08333333333333331,CONDITIONAL_NOT_MEASURED
fresh_solvent_steady_state,1.2,1,0.91,0.07499999999999998,CONDITIONAL_NOT_MEASURED
fresh_solvent_steady_state,1.2,1,0.92,0.06666666666666664,CONDITIONAL_NOT_MEASURED
fresh_solvent_steady_state,1.2,1,0.93,0.05833333333333329,CONDITIONAL_NOT_MEASURED
fresh_solvent_steady_state,1.2,1,0.9400000000000001,0.049999999999999954,CONDITIONAL_NOT_MEASURED
fresh_solvent_steady_state,1.2,1,0.95,0.041666666666666706,CONDITIONAL_NOT_MEASURED
fresh_solvent_steady_state,1.5,1,0.0,0.6666666666666666,CONDITIONAL_NOT_MEASURED
fresh_solvent_steady_state,1.5,1,0.01,0.66,CONDITIONAL_NOT_MEASURED
fresh_solvent_steady_state,1.5,1,0.02,0.6533333333333333,CONDITIONAL_NOT_MEASURED
fresh_solvent_steady_state,1.5,1,0.03,0.6466666666666666,CONDITIONAL_NOT_MEASURED
fresh_solvent_steady_state,1.5,1,0.04,0.64,CONDITIONAL_NOT_MEASURED
fresh_solvent_steady_state,1.5,1,0.05,0.6333333333333333,CONDITIONAL_NOT_MEASURED
fresh_solvent_steady_state,1.5,1,0.06,0.6266666666666666,CONDITIONAL_NOT_MEASURED
fresh_solvent_steady_state,1.5,1,0.07,0.62,CONDITIONAL_NOT_MEASURED
fresh_solvent_steady_state,1.5,1,0.08,0.6133333333333334,CONDITIONAL_NOT_MEASURED
fresh_solvent_steady_state,1.5,1,0.09,0.6066666666666667,CONDITIONAL_NOT_MEASURED
fresh_solvent_steady_state,1.5,1,0.1,0.6,CONDITIONAL_NOT_MEASURED
fresh_solvent_steady_state,1.5,1,0.11,0.5933333333333334,CONDITIONAL_NOT_MEASURED
fresh_solvent_steady_state,1.5,1,0.12,0.5866666666666667,CONDITIONAL_NOT_MEASURED
fresh_solvent_steady_state,1.5,1,0.13,0.58,CONDITIONAL_NOT_MEASURED
fresh_solvent_steady_state,1.5,1,0.14,0.5733333333333334,CONDITIONAL_NOT_MEASURED
fresh_solvent_steady_state,1.5,1,0.15,0.5666666666666667,CONDITIONAL_NOT_MEASURED
fresh_solvent_steady_state,1.5,1,0.16,0.5599999999999999,CONDITIONAL_NOT_MEASURED
fresh_solvent_steady_state,1.5,1,0.17,0.5533333333333333,CONDITIONAL_NOT_MEASURED
fresh_solvent_steady_state,1.5,1,0.18,0.5466666666666667,CONDITIONAL_NOT_MEASURED
fresh_solvent_steady_state,1.5,1,0.19,0.54,CONDITIONAL_NOT_MEASURED
fresh_solvent_steady_state,1.5,1,0.2,0.5333333333333333,CONDITIONAL_NOT_MEASURED
fresh_solvent_steady_state,1.5,1,0.21,0.5266666666666667,CONDITIONAL_NOT_MEASURED
fresh_solvent_steady_state,1.5,1,0.22,0.52,CONDITIONAL_NOT_MEASURED
fresh_solvent_steady_state,1.5,1,0.23,0.5133333333333333,CONDITIONAL_NOT_MEASURED
fresh_solvent_steady_state,1.5,1,0.24,0.5066666666666667,CONDITIONAL_NOT_MEASURED
fresh_solvent_steady_state,1.5,1,0.25,0.5,CONDITIONAL_NOT_MEASURED
fresh_solvent_steady_state,1.5,1,0.26,0.49333333333333335,CONDITIONAL_NOT_MEASURED
fresh_solvent_steady_state,1.5,1,0.27,0.48666666666666664,CONDITIONAL_NOT_MEASURED
fresh_solvent_steady_state,1.5,1,0.28,0.48,CONDITIONAL_NOT_MEASURED
fresh_solvent_steady_state,1.5,1,0.29,0.47333333333333333,CONDITIONAL_NOT_MEASURED
fresh_solvent_steady_state,1.5,1,0.3,0.4666666666666666,CONDITIONAL_NOT_MEASURED
fresh_solvent_steady_state,1.5,1,0.31,0.45999999999999996,CONDITIONAL_NOT_MEASURED
fresh_solvent_steady_state,1.5,1,0.32,0.4533333333333333,CONDITIONAL_NOT_MEASURED
fresh_solvent_steady_state,1.5,1,0.33,0.4466666666666666,CONDITIONAL_NOT_MEASURED
fresh_solvent_steady_state,1.5,1,0.34,0.43999999999999995,CONDITIONAL_NOT_MEASURED
fresh_solvent_steady_state,1.5,1,0.35000000000000003,0.4333333333333333,CONDITIONAL_NOT_MEASURED
fresh_solvent_steady_state,1.5,1,0.36,0.4266666666666667,CONDITIONAL_NOT_MEASURED
fresh_solvent_steady_state,1.5,1,0.37,0.42,CONDITIONAL_NOT_MEASURED
fresh_solvent_steady_state,1.5,1,0.38,0.41333333333333333,CONDITIONAL_NOT_MEASURED
fresh_solvent_steady_state,1.5,1,0.39,0.4066666666666667,CONDITIONAL_NOT_MEASURED
fresh_solvent_steady_state,1.5,1,0.4,0.39999999999999997,CONDITIONAL_NOT_MEASURED
fresh_solvent_steady_state,1.5,1,0.41000000000000003,0.3933333333333333,CONDITIONAL_NOT_MEASURED
fresh_solvent_steady_state,1.5,1,0.42,0.3866666666666667,CONDITIONAL_NOT_MEASURED
fresh_solvent_steady_state,1.5,1,0.43,0.38000000000000006,CONDITIONAL_NOT_MEASURED
fresh_solvent_steady_state,1.5,1,0.44,0.37333333333333335,CONDITIONAL_NOT_MEASURED
fresh_solvent_steady_state,1.5,1,0.45,0.3666666666666667,CONDITIONAL_NOT_MEASURED
fresh_solvent_steady_state,1.5,1,0.46,0.36000000000000004,CONDITIONAL_NOT_MEASURED
fresh_solvent_steady_state,1.5,1,0.47000000000000003,0.35333333333333333,CONDITIONAL_NOT_MEASURED
fresh_solvent_steady_state,1.5,1,0.48,0.3466666666666667,CONDITIONAL_NOT_MEASURED
fresh_solvent_steady_state,1.5,1,0.49,0.34,CONDITIONAL_NOT_MEASURED
fresh_solvent_steady_state,1.5,1,0.5,0.3333333333333333,CONDITIONAL_NOT_MEASURED
fresh_solvent_steady_state,1.5,1,0.51,0.32666666666666666,CONDITIONAL_NOT_MEASURED
fresh_solvent_steady_state,1.5,1,0.52,0.32,CONDITIONAL_NOT_MEASURED
fresh_solvent_steady_state,1.5,1,0.53,0.3133333333333333,CONDITIONAL_NOT_MEASURED
fresh_solvent_steady_state,1.5,1,0.54,0.30666666666666664,CONDITIONAL_NOT_MEASURED
fresh_solvent_steady_state,1.5,1,0.55,0.3,CONDITIONAL_NOT_MEASURED
fresh_solvent_steady_state,1.5,1,0.56,0.2933333333333333,CONDITIONAL_NOT_MEASURED
fresh_solvent_steady_state,1.5,1,0.5700000000000001,0.2866666666666666,CONDITIONAL_NOT_MEASURED
fresh_solvent_steady_state,1.5,1,0.58,0.28,CONDITIONAL_NOT_MEASURED
fresh_solvent_steady_state,1.5,1,0.59,0.2733333333333334,CONDITIONAL_NOT_MEASURED
fresh_solvent_steady_state,1.5,1,0.6,0.26666666666666666,CONDITIONAL_NOT_MEASURED
fresh_solvent_steady_state,1.5,1,0.61,0.26,CONDITIONAL_NOT_MEASURED
fresh_solvent_steady_state,1.5,1,0.62,0.25333333333333335,CONDITIONAL_NOT_MEASURED
fresh_solvent_steady_state,1.5,1,0.63,0.24666666666666667,CONDITIONAL_NOT_MEASURED
fresh_solvent_steady_state,1.5,1,0.64,0.24,CONDITIONAL_NOT_MEASURED
fresh_solvent_steady_state,1.5,1,0.65,0.2333333333333333,CONDITIONAL_NOT_MEASURED
fresh_solvent_steady_state,1.5,1,0.66,0.22666666666666666,CONDITIONAL_NOT_MEASURED
fresh_solvent_steady_state,1.5,1,0.67,0.21999999999999997,CONDITIONAL_NOT_MEASURED
fresh_solvent_steady_state,1.5,1,0.68,0.2133333333333333,CONDITIONAL_NOT_MEASURED
fresh_solvent_steady_state,1.5,1,0.6900000000000001,0.20666666666666664,CONDITIONAL_NOT_MEASURED
fresh_solvent_steady_state,1.5,1,0.7000000000000001,0.19999999999999996,CONDITIONAL_NOT_MEASURED
fresh_solvent_steady_state,1.5,1,0.71,0.19333333333333336,CONDITIONAL_NOT_MEASURED
fresh_solvent_steady_state,1.5,1,0.72,0.18666666666666668,CONDITIONAL_NOT_MEASURED
fresh_solvent_steady_state,1.5,1,0.73,0.18000000000000002,CONDITIONAL_NOT_MEASURED
fresh_solvent_steady_state,1.5,1,0.74,0.17333333333333334,CONDITIONAL_NOT_MEASURED
fresh_solvent_steady_state,1.5,1,0.75,0.16666666666666666,CONDITIONAL_NOT_MEASURED
fresh_solvent_steady_state,1.5,1,0.76,0.16,CONDITIONAL_NOT_MEASURED
fresh_solvent_steady_state,1.5,1,0.77,0.15333333333333332,CONDITIONAL_NOT_MEASURED
fresh_solvent_steady_state,1.5,1,0.78,0.14666666666666664,CONDITIONAL_NOT_MEASURED
fresh_solvent_steady_state,1.5,1,0.79,0.13999999999999999,CONDITIONAL_NOT_MEASURED
fresh_solvent_steady_state,1.5,1,0.8,0.1333333333333333,CONDITIONAL_NOT_MEASURED
fresh_solvent_steady_state,1.5,1,0.81,0.12666666666666662,CONDITIONAL_NOT_MEASURED
fresh_solvent_steady_state,1.5,1,0.8200000000000001,0.11999999999999995,CONDITIONAL_NOT_MEASURED
fresh_solvent_steady_state,1.5,1,0.8300000000000001,0.11333333333333329,CONDITIONAL_NOT_MEASURED
fresh_solvent_steady_state,1.5,1,0.84,0.10666666666666669,CONDITIONAL_NOT_MEASURED
fresh_solvent_steady_state,1.5,1,0.85,0.10000000000000002,CONDITIONAL_NOT_MEASURED
fresh_solvent_steady_state,1.5,1,0.86,0.09333333333333334,CONDITIONAL_NOT_MEASURED
fresh_solvent_steady_state,1.5,1,0.87,0.08666666666666667,CONDITIONAL_NOT_MEASURED
fresh_solvent_steady_state,1.5,1,0.88,0.08,CONDITIONAL_NOT_MEASURED
fresh_solvent_steady_state,1.5,1,0.89,0.07333333333333332,CONDITIONAL_NOT_MEASURED
fresh_solvent_steady_state,1.5,1,0.9,0.06666666666666665,CONDITIONAL_NOT_MEASURED
fresh_solvent_steady_state,1.5,1,0.91,0.05999999999999998,CONDITIONAL_NOT_MEASURED
fresh_solvent_steady_state,1.5,1,0.92,0.05333333333333331,CONDITIONAL_NOT_MEASURED
fresh_solvent_steady_state,1.5,1,0.93,0.046666666666666634,CONDITIONAL_NOT_MEASURED
fresh_solvent_steady_state,1.5,1,0.9400000000000001,0.03999999999999996,CONDITIONAL_NOT_MEASURED
fresh_solvent_steady_state,1.5,1,0.95,0.03333333333333336,CONDITIONAL_NOT_MEASURED
fresh_solvent_steady_state,2,1,0.0,0.5,CONDITIONAL_NOT_MEASURED
fresh_solvent_steady_state,2,1,0.01,0.495,CONDITIONAL_NOT_MEASURED
fresh_solvent_steady_state,2,1,0.02,0.49,CONDITIONAL_NOT_MEASURED
fresh_solvent_steady_state,2,1,0.03,0.485,CONDITIONAL_NOT_MEASURED
fresh_solvent_steady_state,2,1,0.04,0.48,CONDITIONAL_NOT_MEASURED
fresh_solvent_steady_state,2,1,0.05,0.475,CONDITIONAL_NOT_MEASURED
fresh_solvent_steady_state,2,1,0.06,0.47,CONDITIONAL_NOT_MEASURED
fresh_solvent_steady_state,2,1,0.07,0.46499999999999997,CONDITIONAL_NOT_MEASURED
fresh_solvent_steady_state,2,1,0.08,0.46,CONDITIONAL_NOT_MEASURED
fresh_solvent_steady_state,2,1,0.09,0.455,CONDITIONAL_NOT_MEASURED
fresh_solvent_steady_state,2,1,0.1,0.45,CONDITIONAL_NOT_MEASURED
fresh_solvent_steady_state,2,1,0.11,0.445,CONDITIONAL_NOT_MEASURED
fresh_solvent_steady_state,2,1,0.12,0.44,CONDITIONAL_NOT_MEASURED
fresh_solvent_steady_state,2,1,0.13,0.435,CONDITIONAL_NOT_MEASURED
fresh_solvent_steady_state,2,1,0.14,0.43,CONDITIONAL_NOT_MEASURED
fresh_solvent_steady_state,2,1,0.15,0.425,CONDITIONAL_NOT_MEASURED
fresh_solvent_steady_state,2,1,0.16,0.42,CONDITIONAL_NOT_MEASURED
fresh_solvent_steady_state,2,1,0.17,0.415,CONDITIONAL_NOT_MEASURED
fresh_solvent_steady_state,2,1,0.18,0.41000000000000003,CONDITIONAL_NOT_MEASURED
fresh_solvent_steady_state,2,1,0.19,0.405,CONDITIONAL_NOT_MEASURED
fresh_solvent_steady_state,2,1,0.2,0.4,CONDITIONAL_NOT_MEASURED
fresh_solvent_steady_state,2,1,0.21,0.395,CONDITIONAL_NOT_MEASURED
fresh_solvent_steady_state,2,1,0.22,0.39,CONDITIONAL_NOT_MEASURED
fresh_solvent_steady_state,2,1,0.23,0.385,CONDITIONAL_NOT_MEASURED
fresh_solvent_steady_state,2,1,0.24,0.38,CONDITIONAL_NOT_MEASURED
fresh_solvent_steady_state,2,1,0.25,0.375,CONDITIONAL_NOT_MEASURED
fresh_solvent_steady_state,2,1,0.26,0.37,CONDITIONAL_NOT_MEASURED
fresh_solvent_steady_state,2,1,0.27,0.365,CONDITIONAL_NOT_MEASURED
fresh_solvent_steady_state,2,1,0.28,0.36,CONDITIONAL_NOT_MEASURED
fresh_solvent_steady_state,2,1,0.29,0.355,CONDITIONAL_NOT_MEASURED
fresh_solvent_steady_state,2,1,0.3,0.35,CONDITIONAL_NOT_MEASURED
fresh_solvent_steady_state,2,1,0.31,0.345,CONDITIONAL_NOT_MEASURED
fresh_solvent_steady_state,2,1,0.32,0.33999999999999997,CONDITIONAL_NOT_MEASURED
fresh_solvent_steady_state,2,1,0.33,0.33499999999999996,CONDITIONAL_NOT_MEASURED
fresh_solvent_steady_state,2,1,0.34,0.32999999999999996,CONDITIONAL_NOT_MEASURED
fresh_solvent_steady_state,2,1,0.35000000000000003,0.32499999999999996,CONDITIONAL_NOT_MEASURED
fresh_solvent_steady_state,2,1,0.36,0.32,CONDITIONAL_NOT_MEASURED
fresh_solvent_steady_state,2,1,0.37,0.315,CONDITIONAL_NOT_MEASURED
fresh_solvent_steady_state,2,1,0.38,0.31,CONDITIONAL_NOT_MEASURED
fresh_solvent_steady_state,2,1,0.39,0.305,CONDITIONAL_NOT_MEASURED
fresh_solvent_steady_state,2,1,0.4,0.3,CONDITIONAL_NOT_MEASURED
fresh_solvent_steady_state,2,1,0.41000000000000003,0.295,CONDITIONAL_NOT_MEASURED
fresh_solvent_steady_state,2,1,0.42,0.29000000000000004,CONDITIONAL_NOT_MEASURED
fresh_solvent_steady_state,2,1,0.43,0.28500000000000003,CONDITIONAL_NOT_MEASURED
fresh_solvent_steady_state,2,1,0.44,0.28,CONDITIONAL_NOT_MEASURED
fresh_solvent_steady_state,2,1,0.45,0.275,CONDITIONAL_NOT_MEASURED
fresh_solvent_steady_state,2,1,0.46,0.27,CONDITIONAL_NOT_MEASURED
fresh_solvent_steady_state,2,1,0.47000000000000003,0.265,CONDITIONAL_NOT_MEASURED
fresh_solvent_steady_state,2,1,0.48,0.26,CONDITIONAL_NOT_MEASURED
fresh_solvent_steady_state,2,1,0.49,0.255,CONDITIONAL_NOT_MEASURED
fresh_solvent_steady_state,2,1,0.5,0.25,CONDITIONAL_NOT_MEASURED
fresh_solvent_steady_state,2,1,0.51,0.245,CONDITIONAL_NOT_MEASURED
fresh_solvent_steady_state,2,1,0.52,0.24,CONDITIONAL_NOT_MEASURED
fresh_solvent_steady_state,2,1,0.53,0.235,CONDITIONAL_NOT_MEASURED
fresh_solvent_steady_state,2,1,0.54,0.22999999999999998,CONDITIONAL_NOT_MEASURED
fresh_solvent_steady_state,2,1,0.55,0.22499999999999998,CONDITIONAL_NOT_MEASURED
fresh_solvent_steady_state,2,1,0.56,0.21999999999999997,CONDITIONAL_NOT_MEASURED
fresh_solvent_steady_state,2,1,0.5700000000000001,0.21499999999999997,CONDITIONAL_NOT_MEASURED
fresh_solvent_steady_state,2,1,0.58,0.21000000000000002,CONDITIONAL_NOT_MEASURED
fresh_solvent_steady_state,2,1,0.59,0.20500000000000002,CONDITIONAL_NOT_MEASURED
fresh_solvent_steady_state,2,1,0.6,0.2,CONDITIONAL_NOT_MEASURED
fresh_solvent_steady_state,2,1,0.61,0.195,CONDITIONAL_NOT_MEASURED
fresh_solvent_steady_state,2,1,0.62,0.19,CONDITIONAL_NOT_MEASURED
fresh_solvent_steady_state,2,1,0.63,0.185,CONDITIONAL_NOT_MEASURED
fresh_solvent_steady_state,2,1,0.64,0.18,CONDITIONAL_NOT_MEASURED
fresh_solvent_steady_state,2,1,0.65,0.175,CONDITIONAL_NOT_MEASURED
fresh_solvent_steady_state,2,1,0.66,0.16999999999999998,CONDITIONAL_NOT_MEASURED
fresh_solvent_steady_state,2,1,0.67,0.16499999999999998,CONDITIONAL_NOT_MEASURED
fresh_solvent_steady_state,2,1,0.68,0.15999999999999998,CONDITIONAL_NOT_MEASURED
fresh_solvent_steady_state,2,1,0.6900000000000001,0.15499999999999997,CONDITIONAL_NOT_MEASURED
fresh_solvent_steady_state,2,1,0.7000000000000001,0.14999999999999997,CONDITIONAL_NOT_MEASURED
fresh_solvent_steady_state,2,1,0.71,0.14500000000000002,CONDITIONAL_NOT_MEASURED
fresh_solvent_steady_state,2,1,0.72,0.14,CONDITIONAL_NOT_MEASURED
fresh_solvent_steady_state,2,1,0.73,0.135,CONDITIONAL_NOT_MEASURED
fresh_solvent_steady_state,2,1,0.74,0.13,CONDITIONAL_NOT_MEASURED
fresh_solvent_steady_state,2,1,0.75,0.125,CONDITIONAL_NOT_MEASURED
fresh_solvent_steady_state,2,1,0.76,0.12,CONDITIONAL_NOT_MEASURED
fresh_solvent_steady_state,2,1,0.77,0.11499999999999999,CONDITIONAL_NOT_MEASURED
fresh_solvent_steady_state,2,1,0.78,0.10999999999999999,CONDITIONAL_NOT_MEASURED
fresh_solvent_steady_state,2,1,0.79,0.10499999999999998,CONDITIONAL_NOT_MEASURED
fresh_solvent_steady_state,2,1,0.8,0.09999999999999998,CONDITIONAL_NOT_MEASURED
fresh_solvent_steady_state,2,1,0.81,0.09499999999999997,CONDITIONAL_NOT_MEASURED
fresh_solvent_steady_state,2,1,0.8200000000000001,0.08999999999999997,CONDITIONAL_NOT_MEASURED
fresh_solvent_steady_state,2,1,0.8300000000000001,0.08499999999999996,CONDITIONAL_NOT_MEASURED
fresh_solvent_steady_state,2,1,0.84,0.08000000000000002,CONDITIONAL_NOT_MEASURED
fresh_solvent_steady_state,2,1,0.85,0.07500000000000001,CONDITIONAL_NOT_MEASURED
fresh_solvent_steady_state,2,1,0.86,0.07,CONDITIONAL_NOT_MEASURED
fresh_solvent_steady_state,2,1,0.87,0.065,CONDITIONAL_NOT_MEASURED
fresh_solvent_steady_state,2,1,0.88,0.06,CONDITIONAL_NOT_MEASURED
fresh_solvent_steady_state,2,1,0.89,0.05499999999999999,CONDITIONAL_NOT_MEASURED
fresh_solvent_steady_state,2,1,0.9,0.04999999999999999,CONDITIONAL_NOT_MEASURED
fresh_solvent_steady_state,2,1,0.91,0.044999999999999984,CONDITIONAL_NOT_MEASURED
fresh_solvent_steady_state,2,1,0.92,0.03999999999999998,CONDITIONAL_NOT_MEASURED
fresh_solvent_steady_state,2,1,0.93,0.034999999999999976,CONDITIONAL_NOT_MEASURED
fresh_solvent_steady_state,2,1,0.9400000000000001,0.02999999999999997,CONDITIONAL_NOT_MEASURED
fresh_solvent_steady_state,2,1,0.95,0.025000000000000022,CONDITIONAL_NOT_MEASURED
