compound_id,task,mean,std,count,evidence_type
9,ames,0.24437113580873024,0.0387512160903902,5,PREDICTED
9,dili,0.5422532347547058,0.03688411985841962,5,PREDICTED
9,herg,0.4664903919450444,0.031524506813586727,5,PREDICTED
10,ames,0.1798795893392699,0.01566796720989805,5,PREDICTED
10,dili,0.4484851073683632,0.041620253921124895,5,PREDICTED
10,herg,0.7920001145285064,0.03504286874581129,5,PREDICTED
11,ames,0.25507718583306094,0.049778957732865135,5,PREDICTED
11,dili,0.6322980748657432,0.03470504785640294,5,PREDICTED
11,herg,0.7931329164970475,0.03868425703235386,5,PREDICTED
13,ames,0.20284598211024835,0.04552765017982657,5,PREDICTED
13,dili,0.5759102717537625,0.04263687609922283,5,PREDICTED
13,herg,0.3523525119305502,0.012058136840888554,5,PREDICTED
14,ames,0.14056754363392562,0.030609679528941922,5,PREDICTED
14,dili,0.4693923398343977,0.046686833089335585,5,PREDICTED
14,herg,0.7213974595712058,0.03739208048437556,5,PREDICTED
15,ames,0.2171712492638988,0.0437592836066599,5,PREDICTED
15,dili,0.643082398541009,0.038615845643088044,5,PREDICTED
15,herg,0.7324319082523715,0.03606163164925803,5,PREDICTED
