成分,成分ID,用途组,模型,任务,中文解释,输出类型或单位,均值,成员标准差,成员数,证据类型
光甘草定,glabridin,研究对象,ADMET-AI,Skin_Reaction,皮肤反应／致敏,0–1模型分数,0.7554382085800171,0.041052836924791336,5,结构预测
光甘草定,glabridin,研究对象,ADMET-AI,AMES,细菌回复突变,0–1模型分数,0.29778116941452026,0.037160638719797134,5,结构预测
光甘草定,glabridin,研究对象,ADMET-AI,Carcinogens_Lagunin,致癌性筛查,0–1模型分数,0.053176265209913254,0.0338960662484169,5,结构预测
光甘草定,glabridin,研究对象,MapLight,AMES,细菌回复突变,0–1模型分数,0.2171712492638988,0.0437592836066599,5,结构预测
光甘草定,glabridin,研究对象,ADMET-AI,Lipophilicity_AstraZeneca,亲脂性数据集预测值,模型原生回归值,3.583479404449463,0.28559887409210205,5,结构预测
光甘草定,glabridin,研究对象,ADMET-AI,Solubility_AqSolDB,水溶解度（以 mol/L 为单位取对数）,log10(mol/L),-4.315407752990723,0.32269176840782166,5,结构预测
光甘草定,glabridin,研究对象,ADMET-AI,NR-AR,雄激素受体,0–1模型分数,0.026554081588983536,0.01348800491541624,5,结构预测
光甘草定,glabridin,研究对象,ADMET-AI,NR-AR-LBD,雄激素受体配体结合域,0–1模型分数,0.017915945500135422,0.012895746156573296,5,结构预测
光甘草定,glabridin,研究对象,ADMET-AI,NR-AhR,芳烃受体,0–1模型分数,0.5434524416923523,0.15791893005371094,5,结构预测
光甘草定,glabridin,研究对象,ADMET-AI,NR-Aromatase,芳香化酶,0–1模型分数,0.5187804102897644,0.12726466357707977,5,结构预测
光甘草定,glabridin,研究对象,ADMET-AI,NR-ER,雌激素受体,0–1模型分数,0.653143584728241,0.09051509201526642,5,结构预测
光甘草定,glabridin,研究对象,ADMET-AI,NR-ER-LBD,雌激素受体配体结合域,0–1模型分数,0.511715292930603,0.07465989142656326,5,结构预测
光甘草定,glabridin,研究对象,ADMET-AI,NR-PPAR-gamma,过氧化物酶体增殖物激活受体γ,0–1模型分数,0.07602403312921524,0.03604186698794365,5,结构预测
光甘草定,glabridin,研究对象,ADMET-AI,SR-ARE,抗氧化应答元件,0–1模型分数,0.8091834783554077,0.05966411903500557,5,结构预测
光甘草定,glabridin,研究对象,ADMET-AI,SR-ATAD5,基因组稳定性应答,0–1模型分数,0.13055898249149323,0.038352880626916885,5,结构预测
光甘草定,glabridin,研究对象,ADMET-AI,SR-HSE,热休克应答,0–1模型分数,0.5047330856323242,0.1391781121492386,5,结构预测
光甘草定,glabridin,研究对象,ADMET-AI,SR-MMP,线粒体膜电位,0–1模型分数,0.9566055536270142,0.02310675010085106,5,结构预测
光甘草定,glabridin,研究对象,ADMET-AI,SR-p53,肿瘤抑制蛋白 p53 应答,0–1模型分数,0.4809419512748718,0.09334353357553482,5,结构预测
α-熊果苷,alpha_arbutin,提亮／抗氧化,ADMET-AI,Skin_Reaction,皮肤反应／致敏,0–1模型分数,0.3486097753047943,0.20010976493358612,5,结构预测
α-熊果苷,alpha_arbutin,提亮／抗氧化,ADMET-AI,AMES,细菌回复突变,0–1模型分数,0.3330043852329254,0.10908354818820953,5,结构预测
α-熊果苷,alpha_arbutin,提亮／抗氧化,ADMET-AI,Carcinogens_Lagunin,致癌性筛查,0–1模型分数,0.03599213808774948,0.04063524305820465,5,结构预测
α-熊果苷,alpha_arbutin,提亮／抗氧化,MapLight,AMES,细菌回复突变,0–1模型分数,0.21215995476305266,0.01654866549224119,5,结构预测
α-熊果苷,alpha_arbutin,提亮／抗氧化,ADMET-AI,Lipophilicity_AstraZeneca,亲脂性数据集预测值,模型原生回归值,-0.16102325916290283,0.48647862672805786,5,结构预测
α-熊果苷,alpha_arbutin,提亮／抗氧化,ADMET-AI,Solubility_AqSolDB,水溶解度（以 mol/L 为单位取对数）,log10(mol/L),-0.8844345808029175,0.2422270029783249,5,结构预测
α-熊果苷,alpha_arbutin,提亮／抗氧化,ADMET-AI,NR-AR,雄激素受体,0–1模型分数,0.06412164866924286,0.01325920782983303,5,结构预测
α-熊果苷,alpha_arbutin,提亮／抗氧化,ADMET-AI,NR-AR-LBD,雄激素受体配体结合域,0–1模型分数,0.02923189476132393,0.013172334991395473,5,结构预测
α-熊果苷,alpha_arbutin,提亮／抗氧化,ADMET-AI,NR-AhR,芳烃受体,0–1模型分数,0.0255004670470953,0.013380867429077625,5,结构预测
α-熊果苷,alpha_arbutin,提亮／抗氧化,ADMET-AI,NR-Aromatase,芳香化酶,0–1模型分数,0.017292862758040428,0.009699703194200993,5,结构预测
α-熊果苷,alpha_arbutin,提亮／抗氧化,ADMET-AI,NR-ER,雌激素受体,0–1模型分数,0.16994121670722961,0.052241381257772446,5,结构预测
α-熊果苷,alpha_arbutin,提亮／抗氧化,ADMET-AI,NR-ER-LBD,雌激素受体配体结合域,0–1模型分数,0.07425366342067719,0.020060136914253235,5,结构预测
α-熊果苷,alpha_arbutin,提亮／抗氧化,ADMET-AI,NR-PPAR-gamma,过氧化物酶体增殖物激活受体γ,0–1模型分数,0.006249616853892803,0.002701835473999381,5,结构预测
α-熊果苷,alpha_arbutin,提亮／抗氧化,ADMET-AI,SR-ARE,抗氧化应答元件,0–1模型分数,0.07880674302577972,0.04996732249855995,5,结构预测
α-熊果苷,alpha_arbutin,提亮／抗氧化,ADMET-AI,SR-ATAD5,基因组稳定性应答,0–1模型分数,0.026587113738059998,0.01774202287197113,5,结构预测
α-熊果苷,alpha_arbutin,提亮／抗氧化,ADMET-AI,SR-HSE,热休克应答,0–1模型分数,0.008285963907837868,0.009209745563566685,5,结构预测
α-熊果苷,alpha_arbutin,提亮／抗氧化,ADMET-AI,SR-MMP,线粒体膜电位,0–1模型分数,0.025799792259931564,0.018040183931589127,5,结构预测
α-熊果苷,alpha_arbutin,提亮／抗氧化,ADMET-AI,SR-p53,肿瘤抑制蛋白 p53 应答,0–1模型分数,0.03378650173544884,0.014867342077195644,5,结构预测
烟酰胺,niacinamide,提亮／抗氧化,ADMET-AI,Skin_Reaction,皮肤反应／致敏,0–1模型分数,0.2894222140312195,0.10080957412719727,5,结构预测
烟酰胺,niacinamide,提亮／抗氧化,ADMET-AI,AMES,细菌回复突变,0–1模型分数,0.03176334500312805,0.011926191858947277,5,结构预测
烟酰胺,niacinamide,提亮／抗氧化,ADMET-AI,Carcinogens_Lagunin,致癌性筛查,0–1模型分数,0.19340983033180237,0.05964060500264168,5,结构预测
烟酰胺,niacinamide,提亮／抗氧化,MapLight,AMES,细菌回复突变,0–1模型分数,0.10719083118629755,0.007489516583710811,5,结构预测
烟酰胺,niacinamide,提亮／抗氧化,ADMET-AI,Lipophilicity_AstraZeneca,亲脂性数据集预测值,模型原生回归值,-0.43461281061172485,0.07765115797519684,5,结构预测
烟酰胺,niacinamide,提亮／抗氧化,ADMET-AI,Solubility_AqSolDB,水溶解度（以 mol/L 为单位取对数）,log10(mol/L),-0.07071986049413681,0.19530291855335236,5,结构预测
烟酰胺,niacinamide,提亮／抗氧化,ADMET-AI,NR-AR,雄激素受体,0–1模型分数,0.010775765404105186,0.0009313616901636124,5,结构预测
烟酰胺,niacinamide,提亮／抗氧化,ADMET-AI,NR-AR-LBD,雄激素受体配体结合域,0–1模型分数,0.0017349182162433863,0.0008269611862488091,5,结构预测
烟酰胺,niacinamide,提亮／抗氧化,ADMET-AI,NR-AhR,芳烃受体,0–1模型分数,0.009337907657027245,0.008532518520951271,5,结构预测
烟酰胺,niacinamide,提亮／抗氧化,ADMET-AI,NR-Aromatase,芳香化酶,0–1模型分数,0.0014997657854110003,0.000764873344451189,5,结构预测
烟酰胺,niacinamide,提亮／抗氧化,ADMET-AI,NR-ER,雌激素受体,0–1模型分数,0.02984997257590294,0.002622073981910944,5,结构预测
烟酰胺,niacinamide,提亮／抗氧化,ADMET-AI,NR-ER-LBD,雌激素受体配体结合域,0–1模型分数,0.0012845767196267843,0.0004857038729824126,5,结构预测
烟酰胺,niacinamide,提亮／抗氧化,ADMET-AI,NR-PPAR-gamma,过氧化物酶体增殖物激活受体γ,0–1模型分数,0.0004424341022968292,0.00020314236462581903,5,结构预测
烟酰胺,niacinamide,提亮／抗氧化,ADMET-AI,SR-ARE,抗氧化应答元件,0–1模型分数,0.006096887402236462,0.004239058122038841,5,结构预测
烟酰胺,niacinamide,提亮／抗氧化,ADMET-AI,SR-ATAD5,基因组稳定性应答,0–1模型分数,0.0011353796580806375,0.0006770819891244173,5,结构预测
烟酰胺,niacinamide,提亮／抗氧化,ADMET-AI,SR-HSE,热休克应答,0–1模型分数,0.0026783954817801714,0.001428950228728354,5,结构预测
烟酰胺,niacinamide,提亮／抗氧化,ADMET-AI,SR-MMP,线粒体膜电位,0–1模型分数,0.00074498460162431,0.0004960939404554665,5,结构预测
烟酰胺,niacinamide,提亮／抗氧化,ADMET-AI,SR-p53,肿瘤抑制蛋白 p53 应答,0–1模型分数,0.0008850606391206384,0.00043197014019824564,5,结构预测
抗坏血酸葡糖苷,ascorbyl_glucoside,提亮／抗氧化,ADMET-AI,Skin_Reaction,皮肤反应／致敏,0–1模型分数,0.333437979221344,0.20626245439052582,5,结构预测
抗坏血酸葡糖苷,ascorbyl_glucoside,提亮／抗氧化,ADMET-AI,AMES,细菌回复突变,0–1模型分数,0.2645532786846161,0.1429664045572281,5,结构预测
抗坏血酸葡糖苷,ascorbyl_glucoside,提亮／抗氧化,ADMET-AI,Carcinogens_Lagunin,致癌性筛查,0–1模型分数,0.014999349601566792,0.022719230502843857,5,结构预测
抗坏血酸葡糖苷,ascorbyl_glucoside,提亮／抗氧化,MapLight,AMES,细菌回复突变,0–1模型分数,0.1990965388412828,0.03916956648306813,5,结构预测
抗坏血酸葡糖苷,ascorbyl_glucoside,提亮／抗氧化,ADMET-AI,Lipophilicity_AstraZeneca,亲脂性数据集预测值,模型原生回归值,-2.009692668914795,0.9359303116798401,5,结构预测
抗坏血酸葡糖苷,ascorbyl_glucoside,提亮／抗氧化,ADMET-AI,Solubility_AqSolDB,水溶解度（以 mol/L 为单位取对数）,log10(mol/L),-0.39508771896362305,0.5361421704292297,5,结构预测
抗坏血酸葡糖苷,ascorbyl_glucoside,提亮／抗氧化,ADMET-AI,NR-AR,雄激素受体,0–1模型分数,0.052219439297914505,0.014583826996386051,5,结构预测
抗坏血酸葡糖苷,ascorbyl_glucoside,提亮／抗氧化,ADMET-AI,NR-AR-LBD,雄激素受体配体结合域,0–1模型分数,0.03484218195080757,0.028183046728372574,5,结构预测
抗坏血酸葡糖苷,ascorbyl_glucoside,提亮／抗氧化,ADMET-AI,NR-AhR,芳烃受体,0–1模型分数,0.0014914126368239522,0.0009622859070077538,5,结构预测
抗坏血酸葡糖苷,ascorbyl_glucoside,提亮／抗氧化,ADMET-AI,NR-Aromatase,芳香化酶,0–1模型分数,0.003210925031453371,0.0025659468956291676,5,结构预测
抗坏血酸葡糖苷,ascorbyl_glucoside,提亮／抗氧化,ADMET-AI,NR-ER,雌激素受体,0–1模型分数,0.1253991276025772,0.04328000918030739,5,结构预测
抗坏血酸葡糖苷,ascorbyl_glucoside,提亮／抗氧化,ADMET-AI,NR-ER-LBD,雌激素受体配体结合域,0–1模型分数,0.03740378096699715,0.019009003415703773,5,结构预测
抗坏血酸葡糖苷,ascorbyl_glucoside,提亮／抗氧化,ADMET-AI,NR-PPAR-gamma,过氧化物酶体增殖物激活受体γ,0–1模型分数,0.002260199747979641,0.0033506432082504034,5,结构预测
抗坏血酸葡糖苷,ascorbyl_glucoside,提亮／抗氧化,ADMET-AI,SR-ARE,抗氧化应答元件,0–1模型分数,0.04576585069298744,0.02672210894525051,5,结构预测
抗坏血酸葡糖苷,ascorbyl_glucoside,提亮／抗氧化,ADMET-AI,SR-ATAD5,基因组稳定性应答,0–1模型分数,0.009252136573195457,0.007340366020798683,5,结构预测
抗坏血酸葡糖苷,ascorbyl_glucoside,提亮／抗氧化,ADMET-AI,SR-HSE,热休克应答,0–1模型分数,0.0015555981080979109,0.0011772012803703547,5,结构预测
抗坏血酸葡糖苷,ascorbyl_glucoside,提亮／抗氧化,ADMET-AI,SR-MMP,线粒体膜电位,0–1模型分数,0.0018268346320837736,0.0008925495203584433,5,结构预测
抗坏血酸葡糖苷,ascorbyl_glucoside,提亮／抗氧化,ADMET-AI,SR-p53,肿瘤抑制蛋白 p53 应答,0–1模型分数,0.0235196053981781,0.013751799240708351,5,结构预测
曲酸,kojic_acid,提亮／抗氧化,ADMET-AI,Skin_Reaction,皮肤反应／致敏,0–1模型分数,0.5948377847671509,0.11917179822921753,5,结构预测
曲酸,kojic_acid,提亮／抗氧化,ADMET-AI,AMES,细菌回复突变,0–1模型分数,0.38109517097473145,0.18021619319915771,5,结构预测
曲酸,kojic_acid,提亮／抗氧化,ADMET-AI,Carcinogens_Lagunin,致癌性筛查,0–1模型分数,0.2723102271556854,0.021950876340270042,5,结构预测
曲酸,kojic_acid,提亮／抗氧化,MapLight,AMES,细菌回复突变,0–1模型分数,0.17448184668476624,0.023391311140188633,5,结构预测
曲酸,kojic_acid,提亮／抗氧化,ADMET-AI,Lipophilicity_AstraZeneca,亲脂性数据集预测值,模型原生回归值,-0.43132176995277405,0.228934183716774,5,结构预测
曲酸,kojic_acid,提亮／抗氧化,ADMET-AI,Solubility_AqSolDB,水溶解度（以 mol/L 为单位取对数）,log10(mol/L),-0.10398926585912704,0.3036857843399048,5,结构预测
曲酸,kojic_acid,提亮／抗氧化,ADMET-AI,NR-AR,雄激素受体,0–1模型分数,0.013559304177761078,0.004458392504602671,5,结构预测
曲酸,kojic_acid,提亮／抗氧化,ADMET-AI,NR-AR-LBD,雄激素受体配体结合域,0–1模型分数,0.011242368258535862,0.0035663607995957136,5,结构预测
曲酸,kojic_acid,提亮／抗氧化,ADMET-AI,NR-AhR,芳烃受体,0–1模型分数,0.04535067081451416,0.032778311520814896,5,结构预测
曲酸,kojic_acid,提亮／抗氧化,ADMET-AI,NR-Aromatase,芳香化酶,0–1模型分数,0.003968826029449701,0.002044930122792721,5,结构预测
曲酸,kojic_acid,提亮／抗氧化,ADMET-AI,NR-ER,雌激素受体,0–1模型分数,0.06348921358585358,0.015412542037665844,5,结构预测
曲酸,kojic_acid,提亮／抗氧化,ADMET-AI,NR-ER-LBD,雌激素受体配体结合域,0–1模型分数,0.013992312364280224,0.003318208269774914,5,结构预测
曲酸,kojic_acid,提亮／抗氧化,ADMET-AI,NR-PPAR-gamma,过氧化物酶体增殖物激活受体γ,0–1模型分数,0.009285187348723412,0.00404557166621089,5,结构预测
曲酸,kojic_acid,提亮／抗氧化,ADMET-AI,SR-ARE,抗氧化应答元件,0–1模型分数,0.11506287008523941,0.043824952095746994,5,结构预测
曲酸,kojic_acid,提亮／抗氧化,ADMET-AI,SR-ATAD5,基因组稳定性应答,0–1模型分数,0.013051939196884632,0.003139407839626074,5,结构预测
曲酸,kojic_acid,提亮／抗氧化,ADMET-AI,SR-HSE,热休克应答,0–1模型分数,0.027805158868432045,0.013894246891140938,5,结构预测
曲酸,kojic_acid,提亮／抗氧化,ADMET-AI,SR-MMP,线粒体膜电位,0–1模型分数,0.0173072200268507,0.012792982161045074,5,结构预测
曲酸,kojic_acid,提亮／抗氧化,ADMET-AI,SR-p53,肿瘤抑制蛋白 p53 应答,0–1模型分数,0.03499944508075714,0.012752753682434559,5,结构预测
β-熊果苷,beta_arbutin,提亮／抗氧化,ADMET-AI,Skin_Reaction,皮肤反应／致敏,0–1模型分数,0.35822930932044983,0.18375347554683685,5,结构预测
β-熊果苷,beta_arbutin,提亮／抗氧化,ADMET-AI,AMES,细菌回复突变,0–1模型分数,0.3450912833213806,0.12855641543865204,5,结构预测
β-熊果苷,beta_arbutin,提亮／抗氧化,ADMET-AI,Carcinogens_Lagunin,致癌性筛查,0–1模型分数,0.039780549705028534,0.04314231872558594,5,结构预测
β-熊果苷,beta_arbutin,提亮／抗氧化,MapLight,AMES,细菌回复突变,0–1模型分数,0.21215995476305266,0.01654866549224119,5,结构预测
β-熊果苷,beta_arbutin,提亮／抗氧化,ADMET-AI,Lipophilicity_AstraZeneca,亲脂性数据集预测值,模型原生回归值,-0.12974712252616882,0.45288732647895813,5,结构预测
β-熊果苷,beta_arbutin,提亮／抗氧化,ADMET-AI,Solubility_AqSolDB,水溶解度（以 mol/L 为单位取对数）,log10(mol/L),-0.872052013874054,0.23214560747146606,5,结构预测
β-熊果苷,beta_arbutin,提亮／抗氧化,ADMET-AI,NR-AR,雄激素受体,0–1模型分数,0.06004191190004349,0.011636218056082726,5,结构预测
β-熊果苷,beta_arbutin,提亮／抗氧化,ADMET-AI,NR-AR-LBD,雄激素受体配体结合域,0–1模型分数,0.025803405791521072,0.012106059119105339,5,结构预测
β-熊果苷,beta_arbutin,提亮／抗氧化,ADMET-AI,NR-AhR,芳烃受体,0–1模型分数,0.02972579002380371,0.015028557740151882,5,结构预测
β-熊果苷,beta_arbutin,提亮／抗氧化,ADMET-AI,NR-Aromatase,芳香化酶,0–1模型分数,0.01681198924779892,0.00967714749276638,5,结构预测
β-熊果苷,beta_arbutin,提亮／抗氧化,ADMET-AI,NR-ER,雌激素受体,0–1模型分数,0.15901565551757812,0.04921523481607437,5,结构预测
β-熊果苷,beta_arbutin,提亮／抗氧化,ADMET-AI,NR-ER-LBD,雌激素受体配体结合域,0–1模型分数,0.0646716058254242,0.015802640467882156,5,结构预测
β-熊果苷,beta_arbutin,提亮／抗氧化,ADMET-AI,NR-PPAR-gamma,过氧化物酶体增殖物激活受体γ,0–1模型分数,0.005467382725328207,0.0024026306346058846,5,结构预测
β-熊果苷,beta_arbutin,提亮／抗氧化,ADMET-AI,SR-ARE,抗氧化应答元件,0–1模型分数,0.0766068696975708,0.04781471565365791,5,结构预测
β-熊果苷,beta_arbutin,提亮／抗氧化,ADMET-AI,SR-ATAD5,基因组稳定性应答,0–1模型分数,0.02512315846979618,0.018072359263896942,5,结构预测
β-熊果苷,beta_arbutin,提亮／抗氧化,ADMET-AI,SR-HSE,热休克应答,0–1模型分数,0.0075523220002651215,0.00804390199482441,5,结构预测
β-熊果苷,beta_arbutin,提亮／抗氧化,ADMET-AI,SR-MMP,线粒体膜电位,0–1模型分数,0.026267211884260178,0.020811595022678375,5,结构预测
β-熊果苷,beta_arbutin,提亮／抗氧化,ADMET-AI,SR-p53,肿瘤抑制蛋白 p53 应答,0–1模型分数,0.03172183781862259,0.016323836520314217,5,结构预测
甘油,glycerin,保湿／调理,ADMET-AI,Skin_Reaction,皮肤反应／致敏,0–1模型分数,0.5290454626083374,0.1270853728055954,5,结构预测
甘油,glycerin,保湿／调理,ADMET-AI,AMES,细菌回复突变,0–1模型分数,0.11652735620737076,0.049586862325668335,5,结构预测
甘油,glycerin,保湿／调理,ADMET-AI,Carcinogens_Lagunin,致癌性筛查,0–1模型分数,0.3504985272884369,0.15023404359817505,5,结构预测
甘油,glycerin,保湿／调理,MapLight,AMES,细菌回复突变,0–1模型分数,0.21826116278584856,0.023807876770205717,5,结构预测
甘油,glycerin,保湿／调理,ADMET-AI,Lipophilicity_AstraZeneca,亲脂性数据集预测值,模型原生回归值,-1.2028957605361938,0.2219766229391098,5,结构预测
甘油,glycerin,保湿／调理,ADMET-AI,Solubility_AqSolDB,水溶解度（以 mol/L 为单位取对数）,log10(mol/L),0.8284711837768555,0.12231799215078354,5,结构预测
甘油,glycerin,保湿／调理,ADMET-AI,NR-AR,雄激素受体,0–1模型分数,0.011504752561450005,0.004137790761888027,5,结构预测
甘油,glycerin,保湿／调理,ADMET-AI,NR-AR-LBD,雄激素受体配体结合域,0–1模型分数,0.006886678747832775,0.0034560197964310646,5,结构预测
甘油,glycerin,保湿／调理,ADMET-AI,NR-AhR,芳烃受体,0–1模型分数,0.0038054753094911575,0.0026549643371254206,5,结构预测
甘油,glycerin,保湿／调理,ADMET-AI,NR-Aromatase,芳香化酶,0–1模型分数,0.0012807553866878152,0.000514224695507437,5,结构预测
甘油,glycerin,保湿／调理,ADMET-AI,NR-ER,雌激素受体,0–1模型分数,0.026457607746124268,0.0062149749137461185,5,结构预测
甘油,glycerin,保湿／调理,ADMET-AI,NR-ER-LBD,雌激素受体配体结合域,0–1模型分数,0.003388121025636792,0.0014376508770510554,5,结构预测
甘油,glycerin,保湿／调理,ADMET-AI,NR-PPAR-gamma,过氧化物酶体增殖物激活受体γ,0–1模型分数,0.0012055611005052924,0.0004610040632542223,5,结构预测
甘油,glycerin,保湿／调理,ADMET-AI,SR-ARE,抗氧化应答元件,0–1模型分数,0.031651850789785385,0.013668079860508442,5,结构预测
甘油,glycerin,保湿／调理,ADMET-AI,SR-ATAD5,基因组稳定性应答,0–1模型分数,0.000946969143114984,0.0005977394175715744,5,结构预测
甘油,glycerin,保湿／调理,ADMET-AI,SR-HSE,热休克应答,0–1模型分数,0.004429326392710209,0.0012561404146254063,5,结构预测
甘油,glycerin,保湿／调理,ADMET-AI,SR-MMP,线粒体膜电位,0–1模型分数,0.0010022735223174095,0.00015956767310854048,5,结构预测
甘油,glycerin,保湿／调理,ADMET-AI,SR-p53,肿瘤抑制蛋白 p53 应答,0–1模型分数,0.0028056211303919554,0.0007757790153846145,5,结构预测
尿素,urea,保湿／调理,ADMET-AI,Skin_Reaction,皮肤反应／致敏,0–1模型分数,0.511208176612854,0.1165575459599495,5,结构预测
尿素,urea,保湿／调理,ADMET-AI,AMES,细菌回复突变,0–1模型分数,0.06327587366104126,0.03618047758936882,5,结构预测
尿素,urea,保湿／调理,ADMET-AI,Carcinogens_Lagunin,致癌性筛查,0–1模型分数,0.3001262843608856,0.09772650897502899,5,结构预测
尿素,urea,保湿／调理,MapLight,AMES,细菌回复突变,0–1模型分数,0.2185191825860749,0.01281819989490753,5,结构预测
尿素,urea,保湿／调理,ADMET-AI,Lipophilicity_AstraZeneca,亲脂性数据集预测值,模型原生回归值,-1.3633131980895996,0.14982037246227264,5,结构预测
尿素,urea,保湿／调理,ADMET-AI,Solubility_AqSolDB,水溶解度（以 mol/L 为单位取对数）,log10(mol/L),0.1656501293182373,0.12966886162757874,5,结构预测
尿素,urea,保湿／调理,ADMET-AI,NR-AR,雄激素受体,0–1模型分数,0.012422746047377586,0.007712779566645622,5,结构预测
尿素,urea,保湿／调理,ADMET-AI,NR-AR-LBD,雄激素受体配体结合域,0–1模型分数,0.004005061462521553,0.002905378583818674,5,结构预测
尿素,urea,保湿／调理,ADMET-AI,NR-AhR,芳烃受体,0–1模型分数,0.0015721948584541678,0.0014578783884644508,5,结构预测
尿素,urea,保湿／调理,ADMET-AI,NR-Aromatase,芳香化酶,0–1模型分数,0.0002858212683349848,0.00017258310981560498,5,结构预测
尿素,urea,保湿／调理,ADMET-AI,NR-ER,雌激素受体,0–1模型分数,0.025002513080835342,0.0044874269515275955,5,结构预测
尿素,urea,保湿／调理,ADMET-AI,NR-ER-LBD,雌激素受体配体结合域,0–1模型分数,0.001758052036166191,0.0008671638206578791,5,结构预测
尿素,urea,保湿／调理,ADMET-AI,NR-PPAR-gamma,过氧化物酶体增殖物激活受体γ,0–1模型分数,0.0003727964940480888,0.00020352510910015553,5,结构预测
尿素,urea,保湿／调理,ADMET-AI,SR-ARE,抗氧化应答元件,0–1模型分数,0.008672548457980156,0.003383249044418335,5,结构预测
尿素,urea,保湿／调理,ADMET-AI,SR-ATAD5,基因组稳定性应答,0–1模型分数,0.00029510149033740163,0.00019892600539606065,5,结构预测
尿素,urea,保湿／调理,ADMET-AI,SR-HSE,热休克应答,0–1模型分数,0.0013649150496348739,0.0007624098216183484,5,结构预测
尿素,urea,保湿／调理,ADMET-AI,SR-MMP,线粒体膜电位,0–1模型分数,0.0003700961824506521,0.00021636689780279994,5,结构预测
尿素,urea,保湿／调理,ADMET-AI,SR-p53,肿瘤抑制蛋白 p53 应答,0–1模型分数,0.0008200971642509103,0.0003642453521024436,5,结构预测
尿囊素,allantoin,保湿／调理,ADMET-AI,Skin_Reaction,皮肤反应／致敏,0–1模型分数,0.5308915376663208,0.08437634259462357,5,结构预测
尿囊素,allantoin,保湿／调理,ADMET-AI,AMES,细菌回复突变,0–1模型分数,0.361127644777298,0.06456553190946579,5,结构预测
尿囊素,allantoin,保湿／调理,ADMET-AI,Carcinogens_Lagunin,致癌性筛查,0–1模型分数,0.24299664795398712,0.11377163976430893,5,结构预测
尿囊素,allantoin,保湿／调理,MapLight,AMES,细菌回复突变,0–1模型分数,0.4745676313917503,0.034170931456595534,5,结构预测
尿囊素,allantoin,保湿／调理,ADMET-AI,Lipophilicity_AstraZeneca,亲脂性数据集预测值,模型原生回归值,-0.8568657040596008,0.1952500194311142,5,结构预测
尿囊素,allantoin,保湿／调理,ADMET-AI,Solubility_AqSolDB,水溶解度（以 mol/L 为单位取对数）,log10(mol/L),-1.005162000656128,0.06812410056591034,5,结构预测
尿囊素,allantoin,保湿／调理,ADMET-AI,NR-AR,雄激素受体,0–1模型分数,0.014765503816306591,0.0071173785254359245,5,结构预测
尿囊素,allantoin,保湿／调理,ADMET-AI,NR-AR-LBD,雄激素受体配体结合域,0–1模型分数,0.00772513821721077,0.0072890534065663815,5,结构预测
尿囊素,allantoin,保湿／调理,ADMET-AI,NR-AhR,芳烃受体,0–1模型分数,0.002015534322708845,0.0009229479474015534,5,结构预测
尿囊素,allantoin,保湿／调理,ADMET-AI,NR-Aromatase,芳香化酶,0–1模型分数,0.00020364325609989464,0.0002651492250151932,5,结构预测
尿囊素,allantoin,保湿／调理,ADMET-AI,NR-ER,雌激素受体,0–1模型分数,0.05749708414077759,0.015221535228192806,5,结构预测
尿囊素,allantoin,保湿／调理,ADMET-AI,NR-ER-LBD,雌激素受体配体结合域,0–1模型分数,0.0017594639211893082,0.0012562461197376251,5,结构预测
尿囊素,allantoin,保湿／调理,ADMET-AI,NR-PPAR-gamma,过氧化物酶体增殖物激活受体γ,0–1模型分数,0.0003132013662252575,0.0003632475854828954,5,结构预测
尿囊素,allantoin,保湿／调理,ADMET-AI,SR-ARE,抗氧化应答元件,0–1模型分数,0.015058745630085468,0.009045575745403767,5,结构预测
尿囊素,allantoin,保湿／调理,ADMET-AI,SR-ATAD5,基因组稳定性应答,0–1模型分数,0.001638004556298256,0.001055756933055818,5,结构预测
尿囊素,allantoin,保湿／调理,ADMET-AI,SR-HSE,热休克应答,0–1模型分数,0.0013168023433536291,0.0008708867244422436,5,结构预测
尿囊素,allantoin,保湿／调理,ADMET-AI,SR-MMP,线粒体膜电位,0–1模型分数,0.00013562657113652676,0.00019541801884770393,5,结构预测
尿囊素,allantoin,保湿／调理,ADMET-AI,SR-p53,肿瘤抑制蛋白 p53 应答,0–1模型分数,0.00941954180598259,0.009976454079151154,5,结构预测
D-泛醇,d_panthenol,保湿／调理,ADMET-AI,Skin_Reaction,皮肤反应／致敏,0–1模型分数,0.6161173582077026,0.12371556460857391,5,结构预测
D-泛醇,d_panthenol,保湿／调理,ADMET-AI,AMES,细菌回复突变,0–1模型分数,0.1742979735136032,0.11418942362070084,5,结构预测
D-泛醇,d_panthenol,保湿／调理,ADMET-AI,Carcinogens_Lagunin,致癌性筛查,0–1模型分数,0.17616072297096252,0.09205430746078491,5,结构预测
D-泛醇,d_panthenol,保湿／调理,MapLight,AMES,细菌回复突变,0–1模型分数,0.144555293835026,0.005490597763852388,5,结构预测
D-泛醇,d_panthenol,保湿／调理,ADMET-AI,Lipophilicity_AstraZeneca,亲脂性数据集预测值,模型原生回归值,-0.8772152662277222,0.28678369522094727,5,结构预测
D-泛醇,d_panthenol,保湿／调理,ADMET-AI,Solubility_AqSolDB,水溶解度（以 mol/L 为单位取对数）,log10(mol/L),0.5455411672592163,0.1699550747871399,5,结构预测
D-泛醇,d_panthenol,保湿／调理,ADMET-AI,NR-AR,雄激素受体,0–1模型分数,0.017876405268907547,0.007297230884432793,5,结构预测
D-泛醇,d_panthenol,保湿／调理,ADMET-AI,NR-AR-LBD,雄激素受体配体结合域,0–1模型分数,0.008887117728590965,0.0029728510417044163,5,结构预测
D-泛醇,d_panthenol,保湿／调理,ADMET-AI,NR-AhR,芳烃受体,0–1模型分数,0.0014541654381901026,0.0012655874015763402,5,结构预测
D-泛醇,d_panthenol,保湿／调理,ADMET-AI,NR-Aromatase,芳香化酶,0–1模型分数,0.0010883595095947385,0.0006584031507372856,5,结构预测
D-泛醇,d_panthenol,保湿／调理,ADMET-AI,NR-ER,雌激素受体,0–1模型分数,0.041665464639663696,0.015916064381599426,5,结构预测
D-泛醇,d_panthenol,保湿／调理,ADMET-AI,NR-ER-LBD,雌激素受体配体结合域,0–1模型分数,0.005177768878638744,0.002318059327080846,5,结构预测
D-泛醇,d_panthenol,保湿／调理,ADMET-AI,NR-PPAR-gamma,过氧化物酶体增殖物激活受体γ,0–1模型分数,0.0012231202563270926,0.0005571952206082642,5,结构预测
D-泛醇,d_panthenol,保湿／调理,ADMET-AI,SR-ARE,抗氧化应答元件,0–1模型分数,0.024717576801776886,0.010621290653944016,5,结构预测
D-泛醇,d_panthenol,保湿／调理,ADMET-AI,SR-ATAD5,基因组稳定性应答,0–1模型分数,0.000995029229670763,0.0006634482415392995,5,结构预测
D-泛醇,d_panthenol,保湿／调理,ADMET-AI,SR-HSE,热休克应答,0–1模型分数,0.004103828687220812,0.001102164969779551,5,结构预测
D-泛醇,d_panthenol,保湿／调理,ADMET-AI,SR-MMP,线粒体膜电位,0–1模型分数,0.0005654739215970039,0.0003557043964974582,5,结构预测
D-泛醇,d_panthenol,保湿／调理,ADMET-AI,SR-p53,肿瘤抑制蛋白 p53 应答,0–1模型分数,0.0037276081275194883,0.0022570318542420864,5,结构预测
甜菜碱,betaine,保湿／调理,ADMET-AI,Skin_Reaction,皮肤反应／致敏,0–1模型分数,0.71149742603302,0.2284899204969406,5,结构预测
甜菜碱,betaine,保湿／调理,ADMET-AI,AMES,细菌回复突变,0–1模型分数,0.03129635006189346,0.0247394610196352,5,结构预测
甜菜碱,betaine,保湿／调理,ADMET-AI,Carcinogens_Lagunin,致癌性筛查,0–1模型分数,0.27098751068115234,0.18849322199821472,5,结构预测
甜菜碱,betaine,保湿／调理,MapLight,AMES,细菌回复突变,0–1模型分数,0.09331269141027423,0.01396664870507829,5,结构预测
甜菜碱,betaine,保湿／调理,ADMET-AI,Lipophilicity_AstraZeneca,亲脂性数据集预测值,模型原生回归值,-2.678882360458374,0.4672795236110687,5,结构预测
甜菜碱,betaine,保湿／调理,ADMET-AI,Solubility_AqSolDB,水溶解度（以 mol/L 为单位取对数）,log10(mol/L),0.26247793436050415,0.1506585329771042,5,结构预测
甜菜碱,betaine,保湿／调理,ADMET-AI,NR-AR,雄激素受体,0–1模型分数,0.009345529600977898,0.005377080291509628,5,结构预测
甜菜碱,betaine,保湿／调理,ADMET-AI,NR-AR-LBD,雄激素受体配体结合域,0–1模型分数,0.0016324948519468307,0.0014227869687601924,5,结构预测
甜菜碱,betaine,保湿／调理,ADMET-AI,NR-AhR,芳烃受体,0–1模型分数,0.0006489897496066988,0.0005794541211798787,5,结构预测
甜菜碱,betaine,保湿／调理,ADMET-AI,NR-Aromatase,芳香化酶,0–1模型分数,0.0001348643854726106,7.426572847180068e-05,5,结构预测
甜菜碱,betaine,保湿／调理,ADMET-AI,NR-ER,雌激素受体,0–1模型分数,0.04086419194936752,0.015124616213142872,5,结构预测
甜菜碱,betaine,保湿／调理,ADMET-AI,NR-ER-LBD,雌激素受体配体结合域,0–1模型分数,0.0024493837263435125,0.0010818163864314556,5,结构预测
甜菜碱,betaine,保湿／调理,ADMET-AI,NR-PPAR-gamma,过氧化物酶体增殖物激活受体γ,0–1模型分数,1.2651953511522152e-05,1.6139985746121965e-05,5,结构预测
甜菜碱,betaine,保湿／调理,ADMET-AI,SR-ARE,抗氧化应答元件,0–1模型分数,0.013037636876106262,0.009362696669995785,5,结构预测
甜菜碱,betaine,保湿／调理,ADMET-AI,SR-ATAD5,基因组稳定性应答,0–1模型分数,9.948750084731728e-05,0.00010622911941027269,5,结构预测
甜菜碱,betaine,保湿／调理,ADMET-AI,SR-HSE,热休克应答,0–1模型分数,0.0001529917644802481,0.00011791547149186954,5,结构预测
甜菜碱,betaine,保湿／调理,ADMET-AI,SR-MMP,线粒体膜电位,0–1模型分数,0.00017870424198918045,0.00016356809646822512,5,结构预测
甜菜碱,betaine,保湿／调理,ADMET-AI,SR-p53,肿瘤抑制蛋白 p53 应答,0–1模型分数,0.00020178031991235912,0.0001500982471043244,5,结构预测
咖啡因,caffeine,其他常见活性,ADMET-AI,Skin_Reaction,皮肤反应／致敏,0–1模型分数,0.3008505702018738,0.16988669335842133,5,结构预测
咖啡因,caffeine,其他常见活性,ADMET-AI,AMES,细菌回复突变,0–1模型分数,0.11057255417108536,0.05841253697872162,5,结构预测
咖啡因,caffeine,其他常见活性,ADMET-AI,Carcinogens_Lagunin,致癌性筛查,0–1模型分数,0.20431296527385712,0.14180158078670502,5,结构预测
咖啡因,caffeine,其他常见活性,MapLight,AMES,细菌回复突变,0–1模型分数,0.20212832464348213,0.027265892970795524,5,结构预测
咖啡因,caffeine,其他常见活性,ADMET-AI,Lipophilicity_AstraZeneca,亲脂性数据集预测值,模型原生回归值,-0.17773933708667755,0.17606301605701447,5,结构预测
咖啡因,caffeine,其他常见活性,ADMET-AI,Solubility_AqSolDB,水溶解度（以 mol/L 为单位取对数）,log10(mol/L),-0.9060890078544617,0.15752699971199036,5,结构预测
咖啡因,caffeine,其他常见活性,ADMET-AI,NR-AR,雄激素受体,0–1模型分数,0.01191042922437191,0.0030091581866145134,5,结构预测
咖啡因,caffeine,其他常见活性,ADMET-AI,NR-AR-LBD,雄激素受体配体结合域,0–1模型分数,0.001831025118008256,0.0005886456929147243,5,结构预测
咖啡因,caffeine,其他常见活性,ADMET-AI,NR-AhR,芳烃受体,0–1模型分数,0.0278038140386343,0.018611973151564598,5,结构预测
咖啡因,caffeine,其他常见活性,ADMET-AI,NR-Aromatase,芳香化酶,0–1模型分数,0.0007175665814429522,0.00021902041044086218,5,结构预测
咖啡因,caffeine,其他常见活性,ADMET-AI,NR-ER,雌激素受体,0–1模型分数,0.028367843478918076,0.004645366687327623,5,结构预测
咖啡因,caffeine,其他常见活性,ADMET-AI,NR-ER-LBD,雌激素受体配体结合域,0–1模型分数,0.0003570567932911217,0.00010148235014639795,5,结构预测
咖啡因,caffeine,其他常见活性,ADMET-AI,NR-PPAR-gamma,过氧化物酶体增殖物激活受体γ,0–1模型分数,0.0003208051493857056,0.0001411625707987696,5,结构预测
咖啡因,caffeine,其他常见活性,ADMET-AI,SR-ARE,抗氧化应答元件,0–1模型分数,0.01049775630235672,0.003403434995561838,5,结构预测
咖啡因,caffeine,其他常见活性,ADMET-AI,SR-ATAD5,基因组稳定性应答,0–1模型分数,0.004849662538617849,0.0016954706516116858,5,结构预测
咖啡因,caffeine,其他常见活性,ADMET-AI,SR-HSE,热休克应答,0–1模型分数,0.0012451355578377843,0.0010809284867718816,5,结构预测
咖啡因,caffeine,其他常见活性,ADMET-AI,SR-MMP,线粒体膜电位,0–1模型分数,0.00026001990772783756,7.390898826997727e-05,5,结构预测
咖啡因,caffeine,其他常见活性,ADMET-AI,SR-p53,肿瘤抑制蛋白 p53 应答,0–1模型分数,0.0026993420906364918,0.0010319139109924436,5,结构预测
L-抗坏血酸（维C）,ascorbic_acid,提亮／抗氧化,ADMET-AI,Skin_Reaction,皮肤反应／致敏,0–1模型分数,0.3996603488922119,0.09362582862377167,5,结构预测
L-抗坏血酸（维C）,ascorbic_acid,提亮／抗氧化,ADMET-AI,AMES,细菌回复突变,0–1模型分数,0.13895271718502045,0.09448525309562683,5,结构预测
L-抗坏血酸（维C）,ascorbic_acid,提亮／抗氧化,ADMET-AI,Carcinogens_Lagunin,致癌性筛查,0–1模型分数,0.14819827675819397,0.07717163860797882,5,结构预测
L-抗坏血酸（维C）,ascorbic_acid,提亮／抗氧化,MapLight,AMES,细菌回复突变,0–1模型分数,0.21168141155265374,0.028589866953297526,5,结构预测
L-抗坏血酸（维C）,ascorbic_acid,提亮／抗氧化,ADMET-AI,Lipophilicity_AstraZeneca,亲脂性数据集预测值,模型原生回归值,-2.235276699066162,0.6069340109825134,5,结构预测
L-抗坏血酸（维C）,ascorbic_acid,提亮／抗氧化,ADMET-AI,Solubility_AqSolDB,水溶解度（以 mol/L 为单位取对数）,log10(mol/L),0.24971699714660645,0.15765592455863953,5,结构预测
L-抗坏血酸（维C）,ascorbic_acid,提亮／抗氧化,ADMET-AI,NR-AR,雄激素受体,0–1模型分数,0.02304762229323387,0.0034077861346304417,5,结构预测
L-抗坏血酸（维C）,ascorbic_acid,提亮／抗氧化,ADMET-AI,NR-AR-LBD,雄激素受体配体结合域,0–1模型分数,0.013371792621910572,0.013456753455102444,5,结构预测
L-抗坏血酸（维C）,ascorbic_acid,提亮／抗氧化,ADMET-AI,NR-AhR,芳烃受体,0–1模型分数,0.014535161666572094,0.0060949185863137245,5,结构预测
L-抗坏血酸（维C）,ascorbic_acid,提亮／抗氧化,ADMET-AI,NR-Aromatase,芳香化酶,0–1模型分数,0.00236460380256176,0.002597412094473839,5,结构预测
L-抗坏血酸（维C）,ascorbic_acid,提亮／抗氧化,ADMET-AI,NR-ER,雌激素受体,0–1模型分数,0.05134115740656853,0.025588585063815117,5,结构预测
L-抗坏血酸（维C）,ascorbic_acid,提亮／抗氧化,ADMET-AI,NR-ER-LBD,雌激素受体配体结合域,0–1模型分数,0.012848001904785633,0.014661567285656929,5,结构预测
L-抗坏血酸（维C）,ascorbic_acid,提亮／抗氧化,ADMET-AI,NR-PPAR-gamma,过氧化物酶体增殖物激活受体γ,0–1模型分数,0.0025014840066432953,0.001691461424343288,5,结构预测
L-抗坏血酸（维C）,ascorbic_acid,提亮／抗氧化,ADMET-AI,SR-ARE,抗氧化应答元件,0–1模型分数,0.048431944102048874,0.040249139070510864,5,结构预测
L-抗坏血酸（维C）,ascorbic_acid,提亮／抗氧化,ADMET-AI,SR-ATAD5,基因组稳定性应答,0–1模型分数,0.002837606705725193,0.0010719186393544078,5,结构预测
L-抗坏血酸（维C）,ascorbic_acid,提亮／抗氧化,ADMET-AI,SR-HSE,热休克应答,0–1模型分数,0.005921958480030298,0.004534056410193443,5,结构预测
L-抗坏血酸（维C）,ascorbic_acid,提亮／抗氧化,ADMET-AI,SR-MMP,线粒体膜电位,0–1模型分数,0.0021103506442159414,0.001594174769707024,5,结构预测
L-抗坏血酸（维C）,ascorbic_acid,提亮／抗氧化,ADMET-AI,SR-p53,肿瘤抑制蛋白 p53 应答,0–1模型分数,0.013285459950566292,0.011635320261120796,5,结构预测
α-生育酚（维E）,alpha_tocopherol,提亮／抗氧化,ADMET-AI,Skin_Reaction,皮肤反应／致敏,0–1模型分数,0.9000749588012695,0.04551854357123375,5,结构预测
α-生育酚（维E）,alpha_tocopherol,提亮／抗氧化,ADMET-AI,AMES,细菌回复突变,0–1模型分数,0.02853414975106716,0.015370132401585579,5,结构预测
α-生育酚（维E）,alpha_tocopherol,提亮／抗氧化,ADMET-AI,Carcinogens_Lagunin,致癌性筛查,0–1模型分数,0.04773709177970886,0.054179847240448,5,结构预测
α-生育酚（维E）,alpha_tocopherol,提亮／抗氧化,MapLight,AMES,细菌回复突变,0–1模型分数,0.04577595302913579,0.010031345684342198,5,结构预测
α-生育酚（维E）,alpha_tocopherol,提亮／抗氧化,ADMET-AI,Lipophilicity_AstraZeneca,亲脂性数据集预测值,模型原生回归值,4.569084167480469,0.47373872995376587,5,结构预测
α-生育酚（维E）,alpha_tocopherol,提亮／抗氧化,ADMET-AI,Solubility_AqSolDB,水溶解度（以 mol/L 为单位取对数）,log10(mol/L),-6.539401054382324,0.2284557819366455,5,结构预测
α-生育酚（维E）,alpha_tocopherol,提亮／抗氧化,ADMET-AI,NR-AR,雄激素受体,0–1模型分数,0.0022933916188776493,0.0004876136954408139,5,结构预测
α-生育酚（维E）,alpha_tocopherol,提亮／抗氧化,ADMET-AI,NR-AR-LBD,雄激素受体配体结合域,0–1模型分数,0.000462865165900439,0.00013735854008700699,5,结构预测
α-生育酚（维E）,alpha_tocopherol,提亮／抗氧化,ADMET-AI,NR-AhR,芳烃受体,0–1模型分数,0.003871546359732747,0.003471552161499858,5,结构预测
α-生育酚（维E）,alpha_tocopherol,提亮／抗氧化,ADMET-AI,NR-Aromatase,芳香化酶,0–1模型分数,0.018935326486825943,0.012284787371754646,5,结构预测
α-生育酚（维E）,alpha_tocopherol,提亮／抗氧化,ADMET-AI,NR-ER,雌激素受体,0–1模型分数,0.06219106167554855,0.025648925453424454,5,结构预测
α-生育酚（维E）,alpha_tocopherol,提亮／抗氧化,ADMET-AI,NR-ER-LBD,雌激素受体配体结合域,0–1模型分数,0.022590283304452896,0.016684135422110558,5,结构预测
α-生育酚（维E）,alpha_tocopherol,提亮／抗氧化,ADMET-AI,NR-PPAR-gamma,过氧化物酶体增殖物激活受体γ,0–1模型分数,0.003940177150070667,0.004009102936834097,5,结构预测
α-生育酚（维E）,alpha_tocopherol,提亮／抗氧化,ADMET-AI,SR-ARE,抗氧化应答元件,0–1模型分数,0.128267303109169,0.03611844405531883,5,结构预测
α-生育酚（维E）,alpha_tocopherol,提亮／抗氧化,ADMET-AI,SR-ATAD5,基因组稳定性应答,0–1模型分数,0.00015342244296334684,0.00016339836292900145,5,结构预测
α-生育酚（维E）,alpha_tocopherol,提亮／抗氧化,ADMET-AI,SR-HSE,热休克应答,0–1模型分数,0.07745369523763657,0.04960199445486069,5,结构预测
α-生育酚（维E）,alpha_tocopherol,提亮／抗氧化,ADMET-AI,SR-MMP,线粒体膜电位,0–1模型分数,0.1939024031162262,0.10137955844402313,5,结构预测
α-生育酚（维E）,alpha_tocopherol,提亮／抗氧化,ADMET-AI,SR-p53,肿瘤抑制蛋白 p53 应答,0–1模型分数,0.008498551324009895,0.007144955452531576,5,结构预测
L-乳酸,l_lactic_acid,酸类／角质调理,ADMET-AI,Skin_Reaction,皮肤反应／致敏,0–1模型分数,0.4391767084598541,0.12597838044166565,5,结构预测
L-乳酸,l_lactic_acid,酸类／角质调理,ADMET-AI,AMES,细菌回复突变,0–1模型分数,0.08195821940898895,0.04751363769173622,5,结构预测
L-乳酸,l_lactic_acid,酸类／角质调理,ADMET-AI,Carcinogens_Lagunin,致癌性筛查,0–1模型分数,0.3884364664554596,0.14574448764324188,5,结构预测
L-乳酸,l_lactic_acid,酸类／角质调理,MapLight,AMES,细菌回复突变,0–1模型分数,0.09566984749576438,0.007353138039316711,5,结构预测
L-乳酸,l_lactic_acid,酸类／角质调理,ADMET-AI,Lipophilicity_AstraZeneca,亲脂性数据集预测值,模型原生回归值,-2.306094169616699,0.38886210322380066,5,结构预测
L-乳酸,l_lactic_acid,酸类／角质调理,ADMET-AI,Solubility_AqSolDB,水溶解度（以 mol/L 为单位取对数）,log10(mol/L),0.5042948722839355,0.18142211437225342,5,结构预测
L-乳酸,l_lactic_acid,酸类／角质调理,ADMET-AI,NR-AR,雄激素受体,0–1模型分数,0.014384356327354908,0.005706551019102335,5,结构预测
L-乳酸,l_lactic_acid,酸类／角质调理,ADMET-AI,NR-AR-LBD,雄激素受体配体结合域,0–1模型分数,0.006738229189068079,0.004026592243462801,5,结构预测
L-乳酸,l_lactic_acid,酸类／角质调理,ADMET-AI,NR-AhR,芳烃受体,0–1模型分数,0.006501337047666311,0.004385405220091343,5,结构预测
L-乳酸,l_lactic_acid,酸类／角质调理,ADMET-AI,NR-Aromatase,芳香化酶,0–1模型分数,0.0010809837840497494,0.0006480654119513929,5,结构预测
L-乳酸,l_lactic_acid,酸类／角质调理,ADMET-AI,NR-ER,雌激素受体,0–1模型分数,0.04334915056824684,0.006927059032022953,5,结构预测
L-乳酸,l_lactic_acid,酸类／角质调理,ADMET-AI,NR-ER-LBD,雌激素受体配体结合域,0–1模型分数,0.0062237950041890144,0.002821981906890869,5,结构预测
L-乳酸,l_lactic_acid,酸类／角质调理,ADMET-AI,NR-PPAR-gamma,过氧化物酶体增殖物激活受体γ,0–1模型分数,0.003238318022340536,0.002034139819443226,5,结构预测
L-乳酸,l_lactic_acid,酸类／角质调理,ADMET-AI,SR-ARE,抗氧化应答元件,0–1模型分数,0.04496929794549942,0.0217613372951746,5,结构预测
L-乳酸,l_lactic_acid,酸类／角质调理,ADMET-AI,SR-ATAD5,基因组稳定性应答,0–1模型分数,0.0023804898373782635,0.002713142428547144,5,结构预测
L-乳酸,l_lactic_acid,酸类／角质调理,ADMET-AI,SR-HSE,热休克应答,0–1模型分数,0.006097353994846344,0.004631997086107731,5,结构预测
L-乳酸,l_lactic_acid,酸类／角质调理,ADMET-AI,SR-MMP,线粒体膜电位,0–1模型分数,0.0016641771653667092,0.00127277965657413,5,结构预测
L-乳酸,l_lactic_acid,酸类／角质调理,ADMET-AI,SR-p53,肿瘤抑制蛋白 p53 应答,0–1模型分数,0.00542098144069314,0.004463112913072109,5,结构预测
水杨酸,salicylic_acid,酸类／角质调理,ADMET-AI,Skin_Reaction,皮肤反应／致敏,0–1模型分数,0.397847980260849,0.037909869104623795,5,结构预测
水杨酸,salicylic_acid,酸类／角质调理,ADMET-AI,AMES,细菌回复突变,0–1模型分数,0.03964020684361458,0.015926996245980263,5,结构预测
水杨酸,salicylic_acid,酸类／角质调理,ADMET-AI,Carcinogens_Lagunin,致癌性筛查,0–1模型分数,0.32987096905708313,0.05905725434422493,5,结构预测
水杨酸,salicylic_acid,酸类／角质调理,MapLight,AMES,细菌回复突变,0–1模型分数,0.08442567987315422,0.005642983103482545,5,结构预测
水杨酸,salicylic_acid,酸类／角质调理,ADMET-AI,Lipophilicity_AstraZeneca,亲脂性数据集预测值,模型原生回归值,-0.7119144201278687,0.1520240157842636,5,结构预测
水杨酸,salicylic_acid,酸类／角质调理,ADMET-AI,Solubility_AqSolDB,水溶解度（以 mol/L 为单位取对数）,log10(mol/L),-1.584290862083435,0.12182449549436569,5,结构预测
水杨酸,salicylic_acid,酸类／角质调理,ADMET-AI,NR-AR,雄激素受体,0–1模型分数,0.02086268737912178,0.011675624176859856,5,结构预测
水杨酸,salicylic_acid,酸类／角质调理,ADMET-AI,NR-AR-LBD,雄激素受体配体结合域,0–1模型分数,0.004371348302811384,0.002541010733693838,5,结构预测
水杨酸,salicylic_acid,酸类／角质调理,ADMET-AI,NR-AhR,芳烃受体,0–1模型分数,0.039596907794475555,0.020428232848644257,5,结构预测
水杨酸,salicylic_acid,酸类／角质调理,ADMET-AI,NR-Aromatase,芳香化酶,0–1模型分数,0.0022111511789262295,0.001218729536049068,5,结构预测
水杨酸,salicylic_acid,酸类／角质调理,ADMET-AI,NR-ER,雌激素受体,0–1模型分数,0.06680499017238617,0.02491132542490959,5,结构预测
水杨酸,salicylic_acid,酸类／角质调理,ADMET-AI,NR-ER-LBD,雌激素受体配体结合域,0–1模型分数,0.02041866071522236,0.01026996597647667,5,结构预测
水杨酸,salicylic_acid,酸类／角质调理,ADMET-AI,NR-PPAR-gamma,过氧化物酶体增殖物激活受体γ,0–1模型分数,0.008507204242050648,0.0041123065166175365,5,结构预测
水杨酸,salicylic_acid,酸类／角质调理,ADMET-AI,SR-ARE,抗氧化应答元件,0–1模型分数,0.06017360836267471,0.019864214584231377,5,结构预测
水杨酸,salicylic_acid,酸类／角质调理,ADMET-AI,SR-ATAD5,基因组稳定性应答,0–1模型分数,0.005158635787665844,0.003943132236599922,5,结构预测
水杨酸,salicylic_acid,酸类／角质调理,ADMET-AI,SR-HSE,热休克应答,0–1模型分数,0.00882350467145443,0.0024142770562320948,5,结构预测
水杨酸,salicylic_acid,酸类／角质调理,ADMET-AI,SR-MMP,线粒体膜电位,0–1模型分数,0.015668287873268127,0.003038250608369708,5,结构预测
水杨酸,salicylic_acid,酸类／角质调理,ADMET-AI,SR-p53,肿瘤抑制蛋白 p53 应答,0–1模型分数,0.008925985544919968,0.002490861341357231,5,结构预测
