keyword,record_id,section,matched_text,start,end,context
酶,P07,干实验部分,酶,33,34,成，训练数据怎么来要讲清楚。通过数据优化酶的相互作用，不同酶的Km、Kcat都不一
酶,P07,干实验部分,酶,42,43,要讲清楚。通过数据优化酶的相互作用，不同酶的Km、Kcat都不一样。有没有可能通过
酶,P07,干实验部分,酶,70,71,t都不一样。有没有可能通过AI方法来优化酶的比例组合？你们不用讲细节，第一可能没有
酶,P07,干实验部分,酶,176,177,成液滴，提高效率，又面临选择性问题。这个酶是杂泛性的，我让它最后一步反应。这些东西
酶,P08,实验进度与干湿迭代,酶,66,67,构建总体模型，再通过湿实验发现规律，发现酶在一起有全局性行为。发现以后再提出优化目
酶,P10,策略价值与应用前景,酶,49,50,质构成的液滴，正好有利于疏水性产物的多步酶催化，这是最重要的价值。不需要过去的细胞
酶,P12,未来展望,酶,17,18,当然可以。葛金老师做了化学催化剂和酶催化剂复合的体系。还有华盛顿大学Davi
酶,P12,未来展望,酶,50,51,盛顿大学David Baker做从头设计酶，一个酶可以催化多步反应。未来有很多可能
酶,P12,未来展望,酶,54,55,David Baker做从头设计酶，一个酶可以催化多步反应。未来有很多可能，化学催
酶,P12,未来展望,酶,84,85,未来有很多可能，化学催化解决普遍性反应，酶催化解决立体选择性。另外，你们现在是多个
酶,P12,未来展望,酶,105,106,催化解决立体选择性。另外，你们现在是多个酶形成级联，有没有可能一个酶里有多个催化位
酶,P12,未来展望,酶,118,119,你们现在是多个酶形成级联，有没有可能一个酶里有多个催化位点？这会是一个革命性的新思
酶,P12,未来展望,酶,145,146,位点？这会是一个革命性的新思路。过去一个酶对应一个底物，现在一个酶可以处理不同反应
酶,P12,未来展望,酶,157,158,新思路。过去一个酶对应一个底物，现在一个酶可以处理不同反应中间态，变成一个分子机器
酶,P13,未来展望,酶,12,13,分子机器有两类。我们讲的酶分子机器可以催化复杂反应，是一个流程，不
酶,P13,未来展望,酶,67,68,去出来，路程很复杂。之所以复杂是因为多个酶连在一起。怎么高效？就是你们做的，把酶变
酶,P13,未来展望,酶,86,87,个酶连在一起。怎么高效？就是你们做的，把酶变成小液滴。能不能把合成途径变成一个酶分
酶,P13,未来展望,酶,105,106,把酶变成小液滴。能不能把合成途径变成一个酶分子机器？由多个结构域构成，这是你们自己
实验,P07,干实验部分,实验,4,6,你们做干实验的目的是优化组成，训练数据怎么来要讲清楚
实验,P08,实验进度与干湿迭代,实验,2,4,你们实验还没做出来？干实验得和湿实验互相印证。有
实验,P08,实验进度与干湿迭代,实验,11,13,你们实验还没做出来？干实验得和湿实验互相印证。有实验数据，再通过干
实验,P08,实验进度与干湿迭代,实验,16,18,你们实验还没做出来？干实验得和湿实验互相印证。有实验数据，再通过干实验模型调
实验,P08,实验进度与干湿迭代,实验,24,26,还没做出来？干实验得和湿实验互相印证。有实验数据，再通过干实验模型调整。先用一般数据
实验,P08,实验进度与干湿迭代,实验,33,35,得和湿实验互相印证。有实验数据，再通过干实验模型调整。先用一般数据构建总体模型，再通
实验,P08,实验进度与干湿迭代,实验,57,59,调整。先用一般数据构建总体模型，再通过湿实验发现规律，发现酶在一起有全局性行为。发现
实验,P08,实验进度与干湿迭代,实验,92,94,局性行为。发现以后再提出优化目标，做几组实验，再进一步学习，这就是干湿迭代。
实验,P09,PPT顺序调整,实验,24,26,序要微调。我看我把你们都讲完了，最后就看实验结果。不要先讨论通用性，等实验结果出来，
实验,P09,PPT顺序调整,实验,39,41,，最后就看实验结果。不要先讨论通用性，等实验结果出来，提高多少就证明方向正确。只是需
反应,P06,具体改进策略,反应,83,85,水的，这样才能把它招募到相对疏水的液滴里反应，避免分子围扩散。这几个理由讲清楚就行。
反应,P07,干实验部分,反应,134,136,把天然产物变成微生物细胞工厂。第二，多步反应，怎么在微生物里产生区室化效应。我把它变
反应,P07,干实验部分,反应,190,192,性问题。这个酶是杂泛性的，我让它最后一步反应。这些东西都解决后，用什么比例优化效果最
反应,P12,未来展望,反应,61,63,aker做从头设计酶，一个酶可以催化多步反应。未来有很多可能，化学催化解决普遍性反应
反应,P12,未来展望,反应,81,83,反应。未来有很多可能，化学催化解决普遍性反应，酶催化解决立体选择性。另外，你们现在是
反应,P12,未来展望,反应,164,166,个酶对应一个底物，现在一个酶可以处理不同反应中间态，变成一个分子机器，由几个结构域构
反应,P13,未来展望,反应,23,25,器有两类。我们讲的酶分子机器可以催化复杂反应，是一个流程，不是一步反应。就像细胞一样
反应,P13,未来展望,反应,36,38,器可以催化复杂反应，是一个流程，不是一步反应。就像细胞一样，进去出来，路程很复杂。之
催化,P10,策略价值与应用前景,催化,50,52,构成的液滴，正好有利于疏水性产物的多步酶催化，这是最重要的价值。不需要过去的细胞器膜
催化,P12,未来展望,催化,13,15,当然可以。葛金老师做了化学催化剂和酶催化剂复合的体系。还有华盛顿大学D
催化,P12,未来展望,催化,18,20,当然可以。葛金老师做了化学催化剂和酶催化剂复合的体系。还有华盛顿大学David 
催化,P12,未来展望,催化,57,59,id Baker做从头设计酶，一个酶可以催化多步反应。未来有很多可能，化学催化解决普
催化,P12,未来展望,催化,74,76,酶可以催化多步反应。未来有很多可能，化学催化解决普遍性反应，酶催化解决立体选择性。另
催化,P12,未来展望,催化,85,87,来有很多可能，化学催化解决普遍性反应，酶催化解决立体选择性。另外，你们现在是多个酶形
催化,P12,未来展望,催化,123,125,多个酶形成级联，有没有可能一个酶里有多个催化位点？这会是一个革命性的新思路。过去一个
催化,P13,未来展望,催化,19,21,分子机器有两类。我们讲的酶分子机器可以催化复杂反应，是一个流程，不是一步反应。就像
液滴,P06,具体改进策略,液滴,80,82,C是疏水的，这样才能把它招募到相对疏水的液滴里反应，避免分子围扩散。这几个理由讲清楚
液滴,P07,干实验部分,液滴,157,159,怎么在微生物里产生区室化效应。我把它变成液滴，提高效率，又面临选择性问题。这个酶是杂
液滴,P10,策略价值与应用前景,液滴,33,35,细胞内膜的区室化新策略。基于蛋白质构成的液滴，正好有利于疏水性产物的多步酶催化，这是
液滴,P10,策略价值与应用前景,液滴,74,76,是最重要的价值。不需要过去的细胞器膜，用液滴自然形成区室化效应。除了这个产物，还能举
液滴,P13,未来展望,液滴,90,92,一起。怎么高效？就是你们做的，把酶变成小液滴。能不能把合成途径变成一个酶分子机器？由
优化,P07,干实验部分,优化,10,12,你们做干实验的目的是优化组成，训练数据怎么来要讲清楚。通过数据优
优化,P07,干实验部分,优化,31,33,化组成，训练数据怎么来要讲清楚。通过数据优化酶的相互作用，不同酶的Km、Kcat都不
优化,P07,干实验部分,优化,68,70,cat都不一样。有没有可能通过AI方法来优化酶的比例组合？你们不用讲细节，第一可能没
优化,P07,干实验部分,优化,207,209,后一步反应。这些东西都解决后，用什么比例优化效果最好？想到用人工智能来帮忙，故事就这
优化,P08,实验进度与干湿迭代,优化,84,86,发现酶在一起有全局性行为。发现以后再提出优化目标，做几组实验，再进一步学习，这就是干
数据,P07,干实验部分,数据,17,19,你们做干实验的目的是优化组成，训练数据怎么来要讲清楚。通过数据优化酶的相互作用
数据,P07,干实验部分,数据,29,31,是优化组成，训练数据怎么来要讲清楚。通过数据优化酶的相互作用，不同酶的Km、Kcat
数据,P08,实验进度与干湿迭代,数据,26,28,做出来？干实验得和湿实验互相印证。有实验数据，再通过干实验模型调整。先用一般数据构建
数据,P08,实验进度与干湿迭代,数据,44,46,实验数据，再通过干实验模型调整。先用一般数据构建总体模型，再通过湿实验发现规律，发现
人工智能,P03,代谢通路改进,AI,146,148,在能自己叙述下来了吗？我担心现在同学都是AI生成的，除了展示之外，有没有可能不依赖P
人工智能,P07,干实验部分,AI,63,65,的Km、Kcat都不一样。有没有可能通过AI方法来优化酶的比例组合？你们不用讲细节，
人工智能,P07,干实验部分,人工智能,217,221,都解决后，用什么比例优化效果最好？想到用人工智能来帮忙，故事就这么讲。那些投资人特别喜欢
人工智能,P09,PPT顺序调整,AI,67,69,高多少就证明方向正确。只是需要更多时间。AI可以预测很多东西，但千万不要超出听众的能
人工智能,P09,PPT顺序调整,AI,118,120,，展示它的颜色、NMR比什么都有说服力。AI给参考，提高效率就行，不能提太高。
模型,P08,实验进度与干湿迭代,模型,35,37,湿实验互相印证。有实验数据，再通过干实验模型调整。先用一般数据构建总体模型，再通过湿
模型,P08,实验进度与干湿迭代,模型,50,52,通过干实验模型调整。先用一般数据构建总体模型，再通过湿实验发现规律，发现酶在一起有全
产物,P07,干实验部分,产物,117,119,常规工具；要讲解决什么问题。第一，把天然产物变成微生物细胞工厂。第二，多步反应，怎么
产物,P09,PPT顺序调整,产物,96,98,西，但千万不要超出听众的能力。拿出一小瓶产物，展示它的颜色、NMR比什么都有说服力。
产物,P10,策略价值与应用前景,产物,44,46,。基于蛋白质构成的液滴，正好有利于疏水性产物的多步酶催化，这是最重要的价值。不需要过
产物,P10,策略价值与应用前景,产物,90,92,器膜，用液滴自然形成区室化效应。除了这个产物，还能举一反三，找几个有意义的其他物质。
产物,P10,策略价值与应用前景,产物,129,131,物质。比如护肤品、营养品，过去都是从天然产物生产。再找一个稀有的植物产物，比如人参之
产物,P10,策略价值与应用前景,产物,143,145,去都是从天然产物生产。再找一个稀有的植物产物，比如人参之类的。通过微生物细胞工厂满足
微生物,P07,干实验部分,微生物,121,124,；要讲解决什么问题。第一，把天然产物变成微生物细胞工厂。第二，多步反应，怎么在微生物里
微生物,P07,干实验部分,微生物,140,143,成微生物细胞工厂。第二，多步反应，怎么在微生物里产生区室化效应。我把它变成液滴，提高效
微生物,P10,策略价值与应用前景,微生物,156,159,一个稀有的植物产物，比如人参之类的。通过微生物细胞工厂满足人类需求，让自然有更多空间，
微生物,P11,人类实践与市场调研,微生物,25,28,个好故事。前面有几张片子讲整个故事——用微生物工厂生产化学品，让人们生活更美好。这是你
细胞工厂,P07,干实验部分,细胞工厂,124,128,解决什么问题。第一，把天然产物变成微生物细胞工厂。第二，多步反应，怎么在微生物里产生区室
细胞工厂,P10,策略价值与应用前景,细胞工厂,159,163,有的植物产物，比如人参之类的。通过微生物细胞工厂满足人类需求，让自然有更多空间，让植物享
细胞工厂,P10,策略价值与应用前景,细胞工厂,206,210,的生活。不用大量砍伐树木、破坏生态，通过细胞工厂生产过去需要从树叶、树根、草里提取的东西
细胞工厂,P11,人类实践与市场调研,微生物工厂,25,30,个好故事。前面有几张片子讲整个故事——用微生物工厂生产化学品，让人们生活更美好。这是你们的
区室化,P07,干实验部分,区室化,146,149,工厂。第二，多步反应，怎么在微生物里产生区室化效应。我把它变成液滴，提高效率，又面临选
区室化,P10,策略价值与应用前景,区室化,18,21,没错，你们提出了一个不依赖细胞内膜的区室化新策略。基于蛋白质构成的液滴，正好有利于
区室化,P10,策略价值与应用前景,区室化,80,83,值。不需要过去的细胞器膜，用液滴自然形成区室化效应。除了这个产物，还能举一反三，找几个
分子机器,P12,未来展望,分子机器,174,178,在一个酶可以处理不同反应中间态，变成一个分子机器，由几个结构域构成，每个结构域有一个口袋
分子机器,P13,未来展望,分子机器,0,4,分子机器有两类。我们讲的酶分子机器可以催化复杂反
分子机器,P13,未来展望,分子机器,13,17,分子机器有两类。我们讲的酶分子机器可以催化复杂反应，是一个流程，不是一步反
分子机器,P13,未来展望,分子机器,106,110,酶变成小液滴。能不能把合成途径变成一个酶分子机器？由多个结构域构成，这是你们自己定义的分
分子机器,P13,未来展望,分子机器,129,133,器？由多个结构域构成，这是你们自己定义的分子机器。
结构域,P12,未来展望,结构域,182,185,不同反应中间态，变成一个分子机器，由几个结构域构成，每个结构域有一个口袋，让底物进来再
结构域,P12,未来展望,结构域,190,193,变成一个分子机器，由几个结构域构成，每个结构域有一个口袋，让底物进来再出去。
结构域,P13,未来展望,结构域,114,117,不能把合成途径变成一个酶分子机器？由多个结构域构成，这是你们自己定义的分子机器。
底物,P06,具体改进策略,底物,21,23,好。第一个道理是把它们拉近；第二个是因为底物杂泛性，选择性不好，所以让它最后一个发生
底物,P12,未来展望,底物,150,152,是一个革命性的新思路。过去一个酶对应一个底物，现在一个酶可以处理不同反应中间态，变成
底物,P12,未来展望,底物,200,202,几个结构域构成，每个结构域有一个口袋，让底物进来再出去。
疏水性,P06,具体改进策略,疏水,62,64,生，解决杂泛性对纯度的影响。另外，OC是疏水的，这样才能把它招募到相对疏水的液滴里反
疏水性,P06,具体改进策略,疏水,77,79,外，OC是疏水的，这样才能把它招募到相对疏水的液滴里反应，避免分子围扩散。这几个理由
疏水性,P10,策略价值与应用前景,疏水性,41,44,新策略。基于蛋白质构成的液滴，正好有利于疏水性产物的多步酶催化，这是最重要的价值。不需
选择性,P06,具体改进策略,选择性,27,30,理是把它们拉近；第二个是因为底物杂泛性，选择性不好，所以让它最后一个发生，解决杂泛性对
选择性,P07,干实验部分,选择性,168,171,化效应。我把它变成液滴，提高效率，又面临选择性问题。这个酶是杂泛性的，我让它最后一步反
选择性,P12,未来展望,选择性,91,94,，化学催化解决普遍性反应，酶催化解决立体选择性。另外，你们现在是多个酶形成级联，有没有
底物杂泛性,P06,具体改进策略,底物杂泛性,21,26,好。第一个道理是把它们拉近；第二个是因为底物杂泛性，选择性不好，所以让它最后一个发生，解决
底物杂泛性,P06,具体改进策略,杂泛性,46,49,，选择性不好，所以让它最后一个发生，解决杂泛性对纯度的影响。另外，OC是疏水的，这样才
底物杂泛性,P07,干实验部分,杂泛性,178,181,滴，提高效率，又面临选择性问题。这个酶是杂泛性的，我让它最后一步反应。这些东西都解决后
纯度,P06,具体改进策略,纯度,50,52,不好，所以让它最后一个发生，解决杂泛性对纯度的影响。另外，OC是疏水的，这样才能把它
招募,P06,具体改进策略,招募,72,74,的影响。另外，OC是疏水的，这样才能把它招募到相对疏水的液滴里反应，避免分子围扩散。
比例,P07,干实验部分,比例,72,74,不一样。有没有可能通过AI方法来优化酶的比例组合？你们不用讲细节，第一可能没有创新性
比例,P07,干实验部分,比例,205,207,它最后一步反应。这些东西都解决后，用什么比例优化效果最好？想到用人工智能来帮忙，故事
效率,P07,干实验部分,高效,161,163,生物里产生区室化效应。我把它变成液滴，提高效率，又面临选择性问题。这个酶是杂泛性的，
效率,P09,PPT顺序调整,高效,125,127,、NMR比什么都有说服力。AI给参考，提高效率就行，不能提太高。
效率,P13,未来展望,高效,75,77,杂。之所以复杂是因为多个酶连在一起。怎么高效？就是你们做的，把酶变成小液滴。能不能把
干湿迭代,P08,实验进度与干湿迭代,干湿迭代,105,109,化目标，做几组实验，再进一步学习，这就是干湿迭代。
核磁,P09,PPT顺序调整,NMR,106,109,众的能力。拿出一小瓶产物，展示它的颜色、NMR比什么都有说服力。AI给参考，提高效率就
预测,P09,PPT顺序调整,预测,71,73,证明方向正确。只是需要更多时间。AI可以预测很多东西，但千万不要超出听众的能力。拿出
故事,P07,干实验部分,故事,225,227,比例优化效果最好？想到用人工智能来帮忙，故事就这么讲。那些投资人特别喜欢这样清晰的思
故事,P11,人类实践与市场调研,故事,7,9,你们要讲一个好故事。前面有几张片子讲整个故事——用微生物工
故事,P11,人类实践与市场调研,故事,20,22,你们要讲一个好故事。前面有几张片子讲整个故事——用微生物工厂生产化学品，让人们生活更
学习,P03,代谢通路改进,学习,52,54,？其实还是要有一定基础。现在这是一种新的学习路径。就像我们习惯了一种饮食规律，是不是
学习,P03,代谢通路改进,学习,92,94,不是也可以有别的？你们是不是很多同学觉得学习没有激情、没有挑战性？但只要你感兴趣就去
学习,P08,实验进度与干湿迭代,学习,99,101,以后再提出优化目标，做几组实验，再进一步学习，这就是干湿迭代。
基础,P03,代谢通路改进,基础,41,43,物理、数学都无所谓是吧？其实还是要有一定基础。现在这是一种新的学习路径。就像我们习惯
知识,P03,代谢通路改进,知识,121,123,挑战性？但只要你感兴趣就去学。另外，这些知识你们现在能自己叙述下来了吗？我担心现在同
手写,P03,代谢通路改进,手写,173,175,了展示之外，有没有可能不依赖PPT，自己手写出来？回到最原始的科学研究状态。
展示,P03,代谢通路改进,展示,154,156,了吗？我担心现在同学都是AI生成的，除了展示之外，有没有可能不依赖PPT，自己手写出
展示,P09,PPT顺序调整,展示,99,101,千万不要超出听众的能力。拿出一小瓶产物，展示它的颜色、NMR比什么都有说服力。AI给
PPT,P03,代谢通路改进,PPT,167,170,I生成的，除了展示之外，有没有可能不依赖PPT，自己手写出来？回到最原始的科学研究状态
PPT,P09,PPT顺序调整,PPT,0,3,PPT顺序要微调。我看我把你们都讲完了，最后就
PPT,P14,最终建议,PPT,0,3,PPT做得再炫一点，至少形象要匹配。现在的风格
植物,P10,策略价值与应用前景,植物,141,143,，过去都是从天然产物生产。再找一个稀有的植物产物，比如人参之类的。通过微生物细胞工厂
植物,P10,策略价值与应用前景,植物,180,182,胞工厂满足人类需求，让自然有更多空间，让植物享受自己的生活。不用大量砍伐树木、破坏生
自然,P10,策略价值与应用前景,自然,76,78,重要的价值。不需要过去的细胞器膜，用液滴自然形成区室化效应。除了这个产物，还能举一反
自然,P10,策略价值与应用前景,自然,171,173,类的。通过微生物细胞工厂满足人类需求，让自然有更多空间，让植物享受自己的生活。不用大
生态,P10,策略价值与应用前景,生态,201,203,物享受自己的生活。不用大量砍伐树木、破坏生态，通过细胞工厂生产过去需要从树叶、树根、
可持续发展,P10,策略价值与应用前景,可持续发展,235,240,要从树叶、树根、草里提取的东西。在欧洲讲可持续发展，不只是人吃饱喝好，而是万物都有自己的生
可持续发展,P10,策略价值与应用前景,sustainability,352,366,Molecule supporting sustainability”。
提取,P10,策略价值与应用前景,提取,225,227,过细胞工厂生产过去需要从树叶、树根、草里提取的东西。在欧洲讲可持续发展，不只是人吃饱
生产,P10,策略价值与应用前景,生产,131,133,。比如护肤品、营养品，过去都是从天然产物生产。再找一个稀有的植物产物，比如人参之类的
生产,P10,策略价值与应用前景,生产,210,212,不用大量砍伐树木、破坏生态，通过细胞工厂生产过去需要从树叶、树根、草里提取的东西。在
生产,P11,人类实践与市场调研,生产,30,32,前面有几张片子讲整个故事——用微生物工厂生产化学品，让人们生活更美好。这是你们的理想
护肤品,P10,策略价值与应用前景,护肤品,114,117,能举一反三，找几个有意义的其他物质。比如护肤品、营养品，过去都是从天然产物生产。再找一
通用性,P09,PPT顺序调整,通用性,34,37,们都讲完了，最后就看实验结果。不要先讨论通用性，等实验结果出来，提高多少就证明方向正确
通用性,P10,策略价值与应用前景,举一反三,95,99,滴自然形成区室化效应。除了这个产物，还能举一反三，找几个有意义的其他物质。比如护肤品、营
未来,P12,未来展望,未来,64,66,r做从头设计酶，一个酶可以催化多步反应。未来有很多可能，化学催化解决普遍性反应，酶催
OC,P06,具体改进策略,OC,59,61,一个发生，解决杂泛性对纯度的影响。另外，OC是疏水的，这样才能把它招募到相对疏水的液
