record_id,section,theme_id,theme,hit,matched_terms
P01,代谢通路改进,T01,酶与级联反应,0,
P02,代谢通路改进,T01,酶与级联反应,0,
P03,代谢通路改进,T01,酶与级联反应,0,
P04,代谢通路改进,T01,酶与级联反应,0,
P05,具体改进策略,T01,酶与级联反应,0,
P06,具体改进策略,T01,酶与级联反应,1,底物；反应
P07,干实验部分,T01,酶与级联反应,1,酶；Km；Kcat；反应
P08,实验进度与干湿迭代,T01,酶与级联反应,1,酶
P09,PPT顺序调整,T01,酶与级联反应,0,
P10,策略价值与应用前景,T01,酶与级联反应,1,酶；催化
P11,人类实践与市场调研,T01,酶与级联反应,0,
P12,未来展望,T01,酶与级联反应,1,催化；酶；反应；级联；底物
P13,未来展望,T01,酶与级联反应,1,酶；催化；反应
P14,最终建议,T01,酶与级联反应,0,
P01,代谢通路改进,T02,区室化与液滴,0,
P02,代谢通路改进,T02,区室化与液滴,0,
P03,代谢通路改进,T02,区室化与液滴,0,
P04,代谢通路改进,T02,区室化与液滴,0,
P05,具体改进策略,T02,区室化与液滴,0,
P06,具体改进策略,T02,区室化与液滴,1,拉近；液滴
P07,干实验部分,T02,区室化与液滴,1,区室化；液滴
P08,实验进度与干湿迭代,T02,区室化与液滴,0,
P09,PPT顺序调整,T02,区室化与液滴,0,
P10,策略价值与应用前景,T02,区室化与液滴,1,细胞内膜；区室化；液滴；细胞器膜
P11,人类实践与市场调研,T02,区室化与液滴,0,
P12,未来展望,T02,区室化与液滴,0,
P13,未来展望,T02,区室化与液滴,1,液滴
P14,最终建议,T02,区室化与液滴,0,
P01,代谢通路改进,T03,计算与数据优化,0,
P02,代谢通路改进,T03,计算与数据优化,0,
P03,代谢通路改进,T03,计算与数据优化,1,AI
P04,代谢通路改进,T03,计算与数据优化,0,
P05,具体改进策略,T03,计算与数据优化,0,
P06,具体改进策略,T03,计算与数据优化,0,
P07,干实验部分,T03,计算与数据优化,1,优化；训练；数据；Km；Kcat；AI；比例；人工智能
P08,实验进度与干湿迭代,T03,计算与数据优化,1,数据；模型；优化
P09,PPT顺序调整,T03,计算与数据优化,1,AI
P10,策略价值与应用前景,T03,计算与数据优化,0,
P11,人类实践与市场调研,T03,计算与数据优化,0,
P12,未来展望,T03,计算与数据优化,0,
P13,未来展望,T03,计算与数据优化,0,
P14,最终建议,T03,计算与数据优化,0,
P01,代谢通路改进,T04,实验与证据,0,
P02,代谢通路改进,T04,实验与证据,0,
P03,代谢通路改进,T04,实验与证据,0,
P04,代谢通路改进,T04,实验与证据,0,
P05,具体改进策略,T04,实验与证据,0,
P06,具体改进策略,T04,实验与证据,0,
P07,干实验部分,T04,实验与证据,1,实验
P08,实验进度与干湿迭代,T04,实验与证据,1,实验；印证
P09,PPT顺序调整,T04,实验与证据,1,实验结果；证明；一小瓶；NMR
P10,策略价值与应用前景,T04,实验与证据,0,
P11,人类实践与市场调研,T04,实验与证据,1,证明
P12,未来展望,T04,实验与证据,0,
P13,未来展望,T04,实验与证据,0,
P14,最终建议,T04,实验与证据,0,
P01,代谢通路改进,T05,资源生态与可持续,0,
P02,代谢通路改进,T05,资源生态与可持续,0,
P03,代谢通路改进,T05,资源生态与可持续,0,
P04,代谢通路改进,T05,资源生态与可持续,0,
P05,具体改进策略,T05,资源生态与可持续,0,
P06,具体改进策略,T05,资源生态与可持续,0,
P07,干实验部分,T05,资源生态与可持续,0,
P08,实验进度与干湿迭代,T05,资源生态与可持续,0,
P09,PPT顺序调整,T05,资源生态与可持续,0,
P10,策略价值与应用前景,T05,资源生态与可持续,1,植物；树木；生态；树叶；树根；提取；可持续发展；sustainability
P11,人类实践与市场调研,T05,资源生态与可持续,1,Earth
P12,未来展望,T05,资源生态与可持续,0,
P13,未来展望,T05,资源生态与可持续,0,
P14,最终建议,T05,资源生态与可持续,0,
P01,代谢通路改进,T06,沟通与项目叙事,0,
P02,代谢通路改进,T06,沟通与项目叙事,0,
P03,代谢通路改进,T06,沟通与项目叙事,1,叙述；展示；PPT
P04,代谢通路改进,T06,沟通与项目叙事,0,
P05,具体改进策略,T06,沟通与项目叙事,0,
P06,具体改进策略,T06,沟通与项目叙事,1,讲清楚
P07,干实验部分,T06,沟通与项目叙事,1,讲清楚；故事；投资人
P08,实验进度与干湿迭代,T06,沟通与项目叙事,0,
P09,PPT顺序调整,T06,沟通与项目叙事,1,PPT；听众；展示
P10,策略价值与应用前景,T06,沟通与项目叙事,1,口号
P11,人类实践与市场调研,T06,沟通与项目叙事,1,故事；片子；愿景；Amazing
P12,未来展望,T06,沟通与项目叙事,0,
P13,未来展望,T06,沟通与项目叙事,0,
P14,最终建议,T06,沟通与项目叙事,1,PPT；风格；艺术；美术
P01,代谢通路改进,T07,学习与独立理解,1,学过
P02,代谢通路改进,T07,学习与独立理解,0,
P03,代谢通路改进,T07,学习与独立理解,1,基础；学习；挑战；知识；手写
P04,代谢通路改进,T07,学习与独立理解,1,人脑
P05,具体改进策略,T07,学习与独立理解,0,
P06,具体改进策略,T07,学习与独立理解,0,
P07,干实验部分,T07,学习与独立理解,0,
P08,实验进度与干湿迭代,T07,学习与独立理解,1,学习
P09,PPT顺序调整,T07,学习与独立理解,0,
P10,策略价值与应用前景,T07,学习与独立理解,0,
P11,人类实践与市场调研,T07,学习与独立理解,0,
P12,未来展望,T07,学习与独立理解,0,
P13,未来展望,T07,学习与独立理解,0,
P14,最终建议,T07,学习与独立理解,0,
P01,代谢通路改进,T08,通用性与未来拓展,0,
P02,代谢通路改进,T08,通用性与未来拓展,0,
P03,代谢通路改进,T08,通用性与未来拓展,0,
P04,代谢通路改进,T08,通用性与未来拓展,0,
P05,具体改进策略,T08,通用性与未来拓展,0,
P06,具体改进策略,T08,通用性与未来拓展,0,
P07,干实验部分,T08,通用性与未来拓展,0,
P08,实验进度与干湿迭代,T08,通用性与未来拓展,0,
P09,PPT顺序调整,T08,通用性与未来拓展,1,通用性
P10,策略价值与应用前景,T08,通用性与未来拓展,1,举一反三；其他物质
P11,人类实践与市场调研,T08,通用性与未来拓展,0,
P12,未来展望,T08,通用性与未来拓展,1,从头设计；未来；革命；分子机器；结构域
P13,未来展望,T08,通用性与未来拓展,1,分子机器；结构域
P14,最终建议,T08,通用性与未来拓展,0,
