compound_id,endpoint,shorthand,prediction,confidence,confidence_semantics,source_url,evidence_type
15,Hepatotoxicity,dili,Inactive,0.81,confidence_of_reported_class,"https://tox.charite.de/protox3/index.php?site=direct_load&id=17113821663640&models=dili,carcino,mutagen,eco",PREDICTED
15,Carcinogenicity,carcino,Inactive,0.67,confidence_of_reported_class,"https://tox.charite.de/protox3/index.php?site=direct_load&id=17113821663640&models=dili,carcino,mutagen,eco",PREDICTED
15,Mutagenicity,mutagen,Inactive,0.67,confidence_of_reported_class,"https://tox.charite.de/protox3/index.php?site=direct_load&id=17113821663640&models=dili,carcino,mutagen,eco",PREDICTED
15,Ecotoxicity,eco,Active,0.59,confidence_of_reported_class,"https://tox.charite.de/protox3/index.php?site=direct_load&id=17113821663640&models=dili,carcino,mutagen,eco",PREDICTED
9,Hepatotoxicity,dili,Inactive,0.84,confidence_of_reported_class,"https://tox.charite.de/protox3/index.php?site=direct_load&id=17116968415168&models=dili,carcino,mutagen,eco",PREDICTED
9,Carcinogenicity,carcino,Inactive,0.62,confidence_of_reported_class,"https://tox.charite.de/protox3/index.php?site=direct_load&id=17116968415168&models=dili,carcino,mutagen,eco",PREDICTED
9,Mutagenicity,mutagen,Inactive,0.69,confidence_of_reported_class,"https://tox.charite.de/protox3/index.php?site=direct_load&id=17116968415168&models=dili,carcino,mutagen,eco",PREDICTED
9,Ecotoxicity,eco,Active,0.52,confidence_of_reported_class,"https://tox.charite.de/protox3/index.php?site=direct_load&id=17116968415168&models=dili,carcino,mutagen,eco",PREDICTED
10,Hepatotoxicity,dili,Inactive,0.76,confidence_of_reported_class,"https://tox.charite.de/protox3/index.php?site=direct_load&id=17838630422632&models=dili,carcino,mutagen,eco",PREDICTED
10,Carcinogenicity,carcino,Inactive,0.67,confidence_of_reported_class,"https://tox.charite.de/protox3/index.php?site=direct_load&id=17838630422632&models=dili,carcino,mutagen,eco",PREDICTED
10,Mutagenicity,mutagen,Inactive,0.72,confidence_of_reported_class,"https://tox.charite.de/protox3/index.php?site=direct_load&id=17838630422632&models=dili,carcino,mutagen,eco",PREDICTED
10,Ecotoxicity,eco,Active,0.55,confidence_of_reported_class,"https://tox.charite.de/protox3/index.php?site=direct_load&id=17838630422632&models=dili,carcino,mutagen,eco",PREDICTED
11,Hepatotoxicity,dili,Inactive,0.83,confidence_of_reported_class,"https://tox.charite.de/protox3/index.php?site=direct_load&id=17270025293184&models=dili,carcino,mutagen,eco",PREDICTED
11,Carcinogenicity,carcino,Inactive,0.58,confidence_of_reported_class,"https://tox.charite.de/protox3/index.php?site=direct_load&id=17270025293184&models=dili,carcino,mutagen,eco",PREDICTED
11,Mutagenicity,mutagen,Inactive,0.67,confidence_of_reported_class,"https://tox.charite.de/protox3/index.php?site=direct_load&id=17270025293184&models=dili,carcino,mutagen,eco",PREDICTED
11,Ecotoxicity,eco,Active,0.70,confidence_of_reported_class,"https://tox.charite.de/protox3/index.php?site=direct_load&id=17270025293184&models=dili,carcino,mutagen,eco",PREDICTED
13,Hepatotoxicity,dili,Inactive,0.80,confidence_of_reported_class,"https://tox.charite.de/protox3/index.php?site=direct_load&id=17117337276759&models=dili,carcino,mutagen,eco",PREDICTED
13,Carcinogenicity,carcino,Inactive,0.69,confidence_of_reported_class,"https://tox.charite.de/protox3/index.php?site=direct_load&id=17117337276759&models=dili,carcino,mutagen,eco",PREDICTED
13,Mutagenicity,mutagen,Inactive,0.65,confidence_of_reported_class,"https://tox.charite.de/protox3/index.php?site=direct_load&id=17117337276759&models=dili,carcino,mutagen,eco",PREDICTED
13,Ecotoxicity,eco,Active,0.56,confidence_of_reported_class,"https://tox.charite.de/protox3/index.php?site=direct_load&id=17117337276759&models=dili,carcino,mutagen,eco",PREDICTED
14,Hepatotoxicity,dili,Inactive,0.76,confidence_of_reported_class,"https://tox.charite.de/protox3/index.php?site=direct_load&id=17906120063655&models=dili,carcino,mutagen,eco",PREDICTED
14,Carcinogenicity,carcino,Inactive,0.71,confidence_of_reported_class,"https://tox.charite.de/protox3/index.php?site=direct_load&id=17906120063655&models=dili,carcino,mutagen,eco",PREDICTED
14,Mutagenicity,mutagen,Inactive,0.65,confidence_of_reported_class,"https://tox.charite.de/protox3/index.php?site=direct_load&id=17906120063655&models=dili,carcino,mutagen,eco",PREDICTED
14,Ecotoxicity,eco,Active,0.52,confidence_of_reported_class,"https://tox.charite.de/protox3/index.php?site=direct_load&id=17906120063655&models=dili,carcino,mutagen,eco",PREDICTED
