compound_id,task,seed,positive_class_probability,evidence_type
9,dili,1,0.49748028840004993,PREDICTED
10,dili,1,0.4262017775500351,PREDICTED
11,dili,1,0.5941488157246064,PREDICTED
13,dili,1,0.5223250694544849,PREDICTED
14,dili,1,0.4538988522611393,PREDICTED
15,dili,1,0.611667129887762,PREDICTED
9,dili,2,0.57466760861486,PREDICTED
10,dili,2,0.45216946689123627,PREDICTED
11,dili,2,0.6789924120342252,PREDICTED
13,dili,2,0.60225384917466,PREDICTED
14,dili,2,0.4549016652700349,PREDICTED
15,dili,2,0.6903048833794604,PREDICTED
9,dili,3,0.552017179443597,PREDICTED
10,dili,3,0.4613836488545932,PREDICTED
11,dili,3,0.6175641819168111,PREDICTED
13,dili,3,0.5762804688761244,PREDICTED
14,dili,3,0.49021405981438465,PREDICTED
15,dili,3,0.6496819350872068,PREDICTED
9,dili,4,0.5097293706008129,PREDICTED
10,dili,4,0.3954951881942811,PREDICTED
11,dili,4,0.6136462645664068,PREDICTED
13,dili,4,0.5484492805292592,PREDICTED
14,dili,4,0.41155123104215857,PREDICTED
15,dili,4,0.5968556957096363,PREDICTED
9,dili,5,0.5773717267142093,PREDICTED
10,dili,5,0.5071754553516706,PREDICTED
11,dili,5,0.6571387000866663,PREDICTED
13,dili,5,0.6302426907342841,PREDICTED
14,dili,5,0.5363958907842713,PREDICTED
15,dili,5,0.6669023486409799,PREDICTED
9,herg,1,0.4936195100101277,PREDICTED
10,herg,1,0.8159972727075886,PREDICTED
11,herg,1,0.8131723644133656,PREDICTED
13,herg,1,0.3573477730144997,PREDICTED
14,herg,1,0.7486006967361354,PREDICTED
15,herg,1,0.7717063782593347,PREDICTED
9,herg,2,0.43438890155940646,PREDICTED
10,herg,2,0.7301199663148261,PREDICTED
11,herg,2,0.727177582797526,PREDICTED
13,herg,2,0.3374766001726301,PREDICTED
14,herg,2,0.6554694417746375,PREDICTED
15,herg,2,0.6933133667068526,PREDICTED
9,herg,3,0.49298668602844303,PREDICTED
10,herg,3,0.800568261428519,PREDICTED
11,herg,3,0.7906122095737146,PREDICTED
13,herg,3,0.3680512769923438,PREDICTED
14,herg,3,0.7324353998274021,PREDICTED
15,herg,3,0.6970823065217941,PREDICTED
9,herg,4,0.48097709620864126,PREDICTED
10,herg,4,0.8052609150264283,PREDICTED
11,herg,4,0.8121169157402913,PREDICTED
13,herg,4,0.355442322145902,PREDICTED
14,herg,4,0.7359600455524263,PREDICTED
15,herg,4,0.7386241589616829,PREDICTED
9,herg,5,0.43047976591860315,PREDICTED
10,herg,5,0.8080541571651702,PREDICTED
11,herg,5,0.8225855099603402,PREDICTED
13,herg,5,0.3434445873273755,PREDICTED
14,herg,5,0.7345217139654275,PREDICTED
15,herg,5,0.7614333308121932,PREDICTED
9,ames,1,0.24238040180925358,PREDICTED
10,ames,1,0.19318073089208826,PREDICTED
11,ames,1,0.2513343504212497,PREDICTED
13,ames,1,0.1771421873364619,PREDICTED
14,ames,1,0.12467488087339247,PREDICTED
15,ames,1,0.2100241070766416,PREDICTED
9,ames,2,0.19231781444512672,PREDICTED
10,ames,2,0.15634538453514252,PREDICTED
11,ames,2,0.24335856762523478,PREDICTED
13,ames,2,0.1520353838442578,PREDICTED
14,ames,2,0.11512447206288898,PREDICTED
15,ames,2,0.21124076328601263,PREDICTED
9,ames,3,0.24103240928227157,PREDICTED
10,ames,3,0.19002282251274147,PREDICTED
11,ames,3,0.18286256426657213,PREDICTED
13,ames,3,0.19369196327553995,PREDICTED
14,ames,3,0.13232992508177677,PREDICTED
15,ames,3,0.15093492568438394,PREDICTED
9,ames,4,0.30165952645265987,PREDICTED
10,ames,4,0.18853474275056206,PREDICTED
11,ames,4,0.31764948421015243,PREDICTED
13,ames,4,0.27112946411078415,PREDICTED
14,ames,4,0.19320441114686757,PREDICTED
15,ames,4,0.2613362884502469,PREDICTED
9,ames,5,0.24446552705433955,PREDICTED
10,ames,5,0.17131426600581529,PREDICTED
11,ames,5,0.28018096264209574,PREDICTED
13,ames,5,0.2202309119841979,PREDICTED
14,ames,5,0.1375040290047024,PREDICTED
15,ames,5,0.252320161822209,PREDICTED
