compound_id,endpoint,admet_ai,admet_ai_std,admetlab,admetsar,maplight,interpretation
9,AMES,0.22696236,0.07782184,0.4945051968097687,0.16693727672100067,0.24437113580873024,"SIDE_BY_SIDE_ONLY; assay definitions, training sets and calibration differ; 0.5 is not a safety threshold"
9,Skin_Reaction,0.7609087,0.023696713,0.33189111948013306,0.6263099908828735,,"SIDE_BY_SIDE_ONLY; assay definitions, training sets and calibration differ; 0.5 is not a safety threshold"
9,Carcinogens_Lagunin,0.037863698,0.017209604,0.6870729327201843,0.5045037269592285,,"SIDE_BY_SIDE_ONLY; assay definitions, training sets and calibration differ; 0.5 is not a safety threshold"
10,AMES,0.15848152,0.034351084,0.5533154010772705,0.11844173073768616,0.1798795893392699,"SIDE_BY_SIDE_ONLY; assay definitions, training sets and calibration differ; 0.5 is not a safety threshold"
10,Skin_Reaction,0.75135565,0.04602973,0.6598843932151794,0.7360553741455078,,"SIDE_BY_SIDE_ONLY; assay definitions, training sets and calibration differ; 0.5 is not a safety threshold"
10,Carcinogens_Lagunin,0.060101032,0.015307048,0.535907506942749,0.39974361658096313,,"SIDE_BY_SIDE_ONLY; assay definitions, training sets and calibration differ; 0.5 is not a safety threshold"
11,AMES,0.4349309,0.06755261,0.5618171691894531,0.3056865334510803,0.25507718583306094,"SIDE_BY_SIDE_ONLY; assay definitions, training sets and calibration differ; 0.5 is not a safety threshold"
11,Skin_Reaction,0.61791646,0.06991744,0.5747218132019043,0.6946159601211548,,"SIDE_BY_SIDE_ONLY; assay definitions, training sets and calibration differ; 0.5 is not a safety threshold"
11,Carcinogens_Lagunin,0.034864426,0.021096434,0.6845101714134216,0.48143190145492554,,"SIDE_BY_SIDE_ONLY; assay definitions, training sets and calibration differ; 0.5 is not a safety threshold"
13,AMES,0.15037777,0.0672992,0.4737323522567749,0.3169371783733368,0.20284598211024835,"SIDE_BY_SIDE_ONLY; assay definitions, training sets and calibration differ; 0.5 is not a safety threshold"
13,Skin_Reaction,0.8646971,0.039008882,0.5201659202575684,0.7580704689025879,,"SIDE_BY_SIDE_ONLY; assay definitions, training sets and calibration differ; 0.5 is not a safety threshold"
13,Carcinogens_Lagunin,0.038813498,0.019657461,0.6431609392166138,0.6221059560775757,,"SIDE_BY_SIDE_ONLY; assay definitions, training sets and calibration differ; 0.5 is not a safety threshold"
14,AMES,0.18043686,0.07288093,0.49503210186958313,0.1434108316898346,0.14056754363392562,"SIDE_BY_SIDE_ONLY; assay definitions, training sets and calibration differ; 0.5 is not a safety threshold"
14,Skin_Reaction,0.8364669,0.048375946,0.9579405784606934,0.7748748064041138,,"SIDE_BY_SIDE_ONLY; assay definitions, training sets and calibration differ; 0.5 is not a safety threshold"
14,Carcinogens_Lagunin,0.061011158,0.019768793,0.27217477560043335,0.42096632719039917,,"SIDE_BY_SIDE_ONLY; assay definitions, training sets and calibration differ; 0.5 is not a safety threshold"
15,AMES,0.29778117,0.037160594,0.7145677208900452,0.23405267298221588,0.2171712492638988,"SIDE_BY_SIDE_ONLY; assay definitions, training sets and calibration differ; 0.5 is not a safety threshold"
15,Skin_Reaction,0.75543827,0.041052856,0.8513730764389038,0.742832601070404,,"SIDE_BY_SIDE_ONLY; assay definitions, training sets and calibration differ; 0.5 is not a safety threshold"
15,Carcinogens_Lagunin,0.053176273,0.033896066,0.6303020715713501,0.4999246597290039,,"SIDE_BY_SIDE_ONLY; assay definitions, training sets and calibration differ; 0.5 is not a safety threshold"
