MoleculeID,LogP_pred,LogP_predRange,AD_LogP,AD_index_LogP,Conf_index_LogP,LogP_CAS_neighbor_1,LogP_CAS_neighbor_2,LogP_CAS_neighbor_3,LogP_CAS_neighbor_4,LogP_CAS_neighbor_5,LogP_InChiKey_neighbor_1,LogP_InChiKey_neighbor_2,LogP_InChiKey_neighbor_3,LogP_InChiKey_neighbor_4,LogP_InChiKey_neighbor_5,LogP_DTXSID_neighbor_1,LogP_DTXSID_neighbor_2,LogP_DTXSID_neighbor_3,LogP_DTXSID_neighbor_4,LogP_DTXSID_neighbor_5,LogP_Exp_neighbor_1,LogP_Exp_neighbor_2,LogP_Exp_neighbor_3,LogP_Exp_neighbor_4,LogP_Exp_neighbor_5,LogP_pred_neighbor_1,LogP_pred_neighbor_2,LogP_pred_neighbor_3,LogP_pred_neighbor_4,LogP_pred_neighbor_5,LogWS_pred,WS_predRange,AD_WS,AD_index_WS,Conf_index_WS,LogWS_CAS_neighbor_1,LogWS_CAS_neighbor_2,LogWS_CAS_neighbor_3,LogWS_CAS_neighbor_4,LogWS_CAS_neighbor_5,LogWS_InChiKey_neighbor_1,LogWS_InChiKey_neighbor_2,LogWS_InChiKey_neighbor_3,LogWS_InChiKey_neighbor_4,LogWS_InChiKey_neighbor_5,LogWS_DTXSID_neighbor_1,LogWS_DTXSID_neighbor_2,LogWS_DTXSID_neighbor_3,LogWS_DTXSID_neighbor_4,LogWS_DTXSID_neighbor_5,LogWS_Exp_neighbor_1,LogWS_Exp_neighbor_2,LogWS_Exp_neighbor_3,LogWS_Exp_neighbor_4,LogWS_Exp_neighbor_5,LogWS_pred_neighbor_1,LogWS_pred_neighbor_2,LogWS_pred_neighbor_3,LogWS_pred_neighbor_4,LogWS_pred_neighbor_5,LogBCF_pred,BCF_predRange,AD_BCF,AD_index_BCF,Conf_index_BCF,LogBCF_CAS_neighbor_1,LogBCF_CAS_neighbor_2,LogBCF_CAS_neighbor_3,LogBCF_CAS_neighbor_4,LogBCF_CAS_neighbor_5,LogBCF_InChiKey_neighbor_1,LogBCF_InChiKey_neighbor_2,LogBCF_InChiKey_neighbor_3,LogBCF_InChiKey_neighbor_4,LogBCF_InChiKey_neighbor_5,LogBCF_DTXSID_neighbor_1,LogBCF_DTXSID_neighbor_2,LogBCF_DTXSID_neighbor_3,LogBCF_DTXSID_neighbor_4,LogBCF_DTXSID_neighbor_5,LogBCF_Exp_neighbor_1,LogBCF_Exp_neighbor_2,LogBCF_Exp_neighbor_3,LogBCF_Exp_neighbor_4,LogBCF_Exp_neighbor_5,LogBCF_pred_neighbor_1,LogBCF_pred_neighbor_2,LogBCF_pred_neighbor_3,LogBCF_pred_neighbor_4,LogBCF_pred_neighbor_5,ReadyBiodeg_pred,AD_ReadyBiodeg,AD_index_ReadyBiodeg,Conf_index_ReadyBiodeg,ReadyBiodeg_CAS_neighbor_1,ReadyBiodeg_CAS_neighbor_2,ReadyBiodeg_CAS_neighbor_3,ReadyBiodeg_CAS_neighbor_4,ReadyBiodeg_CAS_neighbor_5,ReadyBiodeg_InChiKey_neighbor_1,ReadyBiodeg_InChiKey_neighbor_2,ReadyBiodeg_InChiKey_neighbor_3,ReadyBiodeg_InChiKey_neighbor_4,ReadyBiodeg_InChiKey_neighbor_5,ReadyBiodeg_DTXSID_neighbor_1,ReadyBiodeg_DTXSID_neighbor_2,ReadyBiodeg_DTXSID_neighbor_3,ReadyBiodeg_DTXSID_neighbor_4,ReadyBiodeg_DTXSID_neighbor_5,ReadyBiodeg_Exp_neighbor_1,ReadyBiodeg_Exp_neighbor_2,ReadyBiodeg_Exp_neighbor_3,ReadyBiodeg_Exp_neighbor_4,ReadyBiodeg_Exp_neighbor_5,ReadyBiodeg_pred_neighbor_1,ReadyBiodeg_pred_neighbor_2,ReadyBiodeg_pred_neighbor_3,ReadyBiodeg_pred_neighbor_4,ReadyBiodeg_pred_neighbor_5,LogKM_pred,KM_predRange,AD_KM,AD_index_KM,Conf_index_KM,KM_CAS_neighbor_1,KM_CAS_neighbor_2,KM_CAS_neighbor_3,KM_CAS_neighbor_4,KM_CAS_neighbor_5,KM_InChiKey_neighbor_1,KM_InChiKey_neighbor_2,KM_InChiKey_neighbor_3,KM_InChiKey_neighbor_4,KM_InChiKey_neighbor_5,KM_DTXSID_neighbor_1,KM_DTXSID_neighbor_2,KM_DTXSID_neighbor_3,KM_DTXSID_neighbor_4,KM_DTXSID_neighbor_5,LogKM_Exp_neighbor_1,LogKM_Exp_neighbor_2,LogKM_Exp_neighbor_3,LogKM_Exp_neighbor_4,LogKM_Exp_neighbor_5,LogKM_pred_neighbor_1,LogKM_pred_neighbor_2,LogKM_pred_neighbor_3,LogKM_pred_neighbor_4,LogKM_pred_neighbor_5,LogKoc_pred,Koc_predRange,AD_Koc,AD_index_Koc,Conf_index_Koc,Koc_CAS_neighbor_1,Koc_CAS_neighbor_2,Koc_CAS_neighbor_3,Koc_CAS_neighbor_4,Koc_CAS_neighbor_5,Koc_InChiKey_neighbor_1,Koc_InChiKey_neighbor_2,Koc_InChiKey_neighbor_3,Koc_InChiKey_neighbor_4,Koc_InChiKey_neighbor_5,Koc_DTXSID_neighbor_1,Koc_DTXSID_neighbor_2,Koc_DTXSID_neighbor_3,Koc_DTXSID_neighbor_4,Koc_DTXSID_neighbor_5,LogKoc_Exp_neighbor_1,LogKoc_Exp_neighbor_2,LogKoc_Exp_neighbor_3,LogKoc_Exp_neighbor_4,LogKoc_Exp_neighbor_5,LogKoc_pred_neighbor_1,LogKoc_pred_neighbor_2,LogKoc_pred_neighbor_3,LogKoc_pred_neighbor_4,LogKoc_pred_neighbor_5
glabridin,5.27,[4.88:5.73],1,0.57,0.69,55994-24-6,13935-95-0,13935-96-1,13936-21-5,55994-23-5,ZOJDQSMWRPGNOE-UHFFFAOYSA-N,AHFXBVNXQOEBAE-UHFFFAOYSA-N,KPPFDBHPAAUETJ-UHFFFAOYSA-N,UMWZLYTVXQBTTE-UHFFFAOYSA-N,RQMAGPLWBBHITD-UHFFFAOYSA-N,DTXSID40878563,DTXSID80632363,DTXSID70878394,DTXSID1065681,DTXSID30878395,5.96,4.88,4.88,5.59,4.94,5.76,4.91,4.92,4.75,4.89,-5.89,[-6.78:-4.95],1,0.44,0.48,14078-41-2,53201-62-0,520-34-3,26567-10-2,485-72-3,CBYWHFTZNVZQHV-UHFFFAOYSA-N,WDNYOQDNYCWKPU-UHFFFAOYSA-N,MBNGWHIJMBWFHU-UHFFFAOYSA-N,XBDTZNMRTRPDKH-UHFFFAOYSA-N,HKQYGTCOTHHOMP-UHFFFAOYSA-N,DTXSID00930919,DTXSID701036304,DTXSID80199966,DTXSID70460556,DTXSID4022311,-6.78,-6.54,-6.2,-5.44,-4.13,-5.94,-4.27,-3.96,-4.69,-3.99,1.7,[1.47:1.93],1,0.37,0.65,83-79-4,119-93-7,80-05-7,59722-76-8,131-57-7,JUVIOZPCNVVQFO-UHFFFAOYSA-N,NUIURNJTPRWVAP-UHFFFAOYSA-N,IISBACLAFKSPIT-UHFFFAOYSA-N,NXLZYWCPIVGZKC-UHFFFAOYSA-N,DXGLGDHPHMLXJC-UHFFFAOYSA-N,DTXSID6021248,DTXSID5024059,DTXSID7020182,DTXSID8069351,DTXSID3022405,1.41,1.67,1.64,2.05,1.97,1.48,1.48,1.68,1.34,1.47,0,1,0.470105751748948,0.735052875874474,119-90-4|,5809-23-4|,91-96-3|,16203-97-7|,43051-46-3|,JRBJSXQPQWSCCF-UHFFFAOYSA-N,FQNKTJPBXAZUGC-UHFFFAOYSA-N,CRRLDLPBQWRVGN-UHFFFAOYSA-N,IPWOSICBVUXMML-UHFFFAOYSA-N,OYTLLQHYKCEMGB-UHFFFAOYSA-N,DTXSID3025091|,DTXSID4027604|,DTXSID5059034|,DTXSID20167301|,DTXSID5068449|,0,0,0,0,0,0,0,0,0,0,-0.58,[-1.19:0.03],1,0.3,0.48,5124-25-4,91-96-3,119-47-1,66332-96-5,125116-23-6,BBFRYSKTTHYWQZ-UHFFFAOYSA-N,CRRLDLPBQWRVGN-UHFFFAOYSA-N,KGRVJHAUYBGFFP-UHFFFAOYSA-N,PTCGDEVVHUXTMP-UHFFFAOYSA-N,XWPZUHJBOLQNMN-UHFFFAOYSA-N,DTXSID8052148,DTXSID5059034,DTXSID4020870,DTXSID8024109,DTXSID4034497,-0.66,-1.5,0.03,-0.61,0.23,-0.73,-0.49,-0.24,-0.34,0.4,5.56,[4.73:6.22],1,0.32,0.45,53-70-3,239-64-5,62924-70-3,57-97-6,56-49-5,LHRCREOYAASXPZ-UHFFFAOYSA-N,IUILSTHMSGDSHQ-UHFFFAOYSA-N,PWNAWOCHVWERAR-UHFFFAOYSA-N,ARSRBNBHOADGJU-UHFFFAOYSA-N,PPQNQXQZIWHJRB-UHFFFAOYSA-N,DTXSID9020409|,DTXSID9075373|,DTXSID7032553|,DTXSID1020510|,DTXSID0020862|,6.22,6.02,4,5.37,6.1,5.64,5.78,3.46,5.34,5.58
alpha_arbutin,-1.35,[-1.4:-1.3],1,1,0.95,497-76-7,138-52-3,2871-15-0,NOCAS_874308,31302-52-0,BJRNKVDFDLYUGJ-UHFFFAOYSA-N,NGFMICBWJRZIBI-UHFFFAOYSA-N,NEZJDVYDSZTRFS-UHFFFAOYSA-N,BWCHYPPTNWPJDG-UHFFFAOYSA-N,MIAKOEWBCMPCQR-UHFFFAOYSA-N,DTXSID7040152,DTXSID10883326,DTXSID30724540,DTXSID40874308,DTXSID90332185,-1.35,-1.22,-0.75,-0.42,-2.67,-1.23,-0.94,-0.3,-0.43,-1,-1.45,[-2.04:-0.86],1,0.51,0.62,138-52-3,5329-55-5,618-67-7,56211-78-0,530-14-3,NGFMICBWJRZIBI-UHFFFAOYSA-N,UWYXADYVSWKWAX-UHFFFAOYSA-N,GVRIYIMNJGULCZ-UHFFFAOYSA-N,RNMSZIWXOVWGMI-UHFFFAOYSA-N,GOZCEKPKECLKNO-UHFFFAOYSA-N,DTXSID10883326,DTXSID60277493,DTXSID101024266,DTXSID401031781,DTXSID201031535,-0.85,-1.55,-1.51,-2.6,-1.17,-1.4,-1.1,-1.02,-1.45,-1.21,0.31,[-0.02:0.64],1,0.3,0.62,115-77-5,98-10-2,88-19-7,108-78-1,122-20-3,WXZMFSXDPGVJKK-UHFFFAOYSA-N,KHBQMWCZKVMBLN-UHFFFAOYSA-N,YCMLQMDWSXFTIF-UHFFFAOYSA-N,JDSHMPZPIAZGSV-UHFFFAOYSA-N,SLINHMUFWFWBMU-UHFFFAOYSA-N,DTXSID2026943,DTXSID1059159,DTXSID7021362,DTXSID6020802,DTXSID5021415,0.1,0.68,0.41,0.58,-0.24,0.16,0.29,0.39,0.36,0.12,1,1,0.323084543428103,0.467829328352655,50-99-7|,NOCAS_859634|,126-58-9|,50-70-4|,839-90-7|,WQZGKKKJIJFFOK-UHFFFAOYSA-N,OVRNDRQMDRJTHS-UHFFFAOYSA-N,TXBCBTDQIULDIA-UHFFFAOYSA-N,FBPFZTCFMRRESA-UHFFFAOYSA-N,BPXVHIRIPLPOPT-UHFFFAOYSA-N,DTXSID7022910|,DTXSID80859634|,DTXSID3027039|,DTXSID5023588|,DTXSID4026266|,1,1,0,1,0,1,0,1,1,0,-0.87,[-1.27:-0.51],0,0.13,0.5,5124-25-4,97-23-4,603-11-2,88-98-2,1912-24-9,BBFRYSKTTHYWQZ-UHFFFAOYSA-N,MDNWOSOZYLHTCG-UHFFFAOYSA-N,KFIRODWJCYBBHY-UHFFFAOYSA-N,ILUAAIDVFMVTAU-UHFFFAOYSA-N,MXWJVTOOROXGIU-UHFFFAOYSA-N,DTXSID8052148,DTXSID6021824,DTXSID9060528,DTXSID80861676,DTXSID9020112,-0.66,-0.51,-1.57,-0.57,-1.05,-0.73,-0.43,-0.79,-1.05,-0.86,1.99,[1.68:2.3],1,0.35,0.61,81334-34-1,1563-66-2,12771-68-5,84-72-0,6988-21-2,CLQMBPJKHLGMQK-UHFFFAOYSA-N,DUEPRVBVGDRKAG-UHFFFAOYSA-N,HUTDUHSNJYTCAR-UHFFFAOYSA-N,PZBLUWVMZMXIKZ-UHFFFAOYSA-N,SDKQRNRRDYRQKY-UHFFFAOYSA-N,DTXSID8034665|,DTXSID9020249|,DTXSID2034338|,DTXSID3024100|,DTXSID2041886|,2,1.75,2.08,2.54,1.6,1.66,2.17,2.01,2.32,2.2
niacinamide,-0.37,[-0.39:-0.35],1,1,0.99,98-92-0,1453-82-3,1452-77-3,3724-16-1,39640-62-5,DFPAKSUCGFBDDF-UHFFFAOYSA-N,VFQXVTODMYMSMJ-UHFFFAOYSA-N,IBBMAWULFFBRKK-UHFFFAOYSA-N,YDHIMEXEGOCNHU-UHFFFAOYSA-N,YEALAJQPOVKTOH-UHFFFAOYSA-N,DTXSID2020929,DTXSID3020756,DTXSID4061703,DTXSID40340452,DTXSID10280735,-0.37,-0.28,0.15,-0.71,-0.65,-0.39,-0.48,0.04,-0.57,-0.6,0.68,[0.58:0.69],1,1,0.8,98-92-0,1452-77-3,10222-01-2,98-96-4,598-70-9,DFPAKSUCGFBDDF-UHFFFAOYSA-N,IBBMAWULFFBRKK-UHFFFAOYSA-N,UUIVKBHZENILKB-UHFFFAOYSA-N,IPEHBUMCGVEMRF-UHFFFAOYSA-N,YUIKPESWSMJSMP-UHFFFAOYSA-N,DTXSID2020929,DTXSID4061703,DTXSID5032361,DTXSID9021215,DTXSID9074985,0.69,0.17,-1.21,-0.91,-1.06,-0.57,-0.33,-0.22,-0.07,-0.34,0.66,[0.43:0.89],1,0.54,0.71,462-08-8,504-24-5,110-98-5,126-30-7,504-29-0,CUYKNJBYIJFRCU-UHFFFAOYSA-N,NUKYPUAOHBNCPY-UHFFFAOYSA-N,AZUXKVXMJOIAOF-UHFFFAOYSA-N,SLCVBVWXLSEKPL-UHFFFAOYSA-N,ICSNLGPSRYBMBD-UHFFFAOYSA-N,DTXSID9047461,DTXSID0023870,DTXSID7026863,DTXSID8027036,DTXSID0024505,0.32,0.66,0.66,0.67,1.06,0.66,0.32,0.46,0.63,0.57,1,1,0.67770700143081,0.684345003527931,123-08-0|,99-93-4|,4241-27-4|,64-10-8|,103-90-2|,RGHHSNMVTDWUBI-UHFFFAOYSA-N,TXFPEBPIARQUIG-UHFFFAOYSA-N,FIMGYEKEYXUTGD-UHFFFAOYSA-N,LUBJCRLGQSPQNN-UHFFFAOYSA-N,RZVAJINKPMORJF-UHFFFAOYSA-N,DTXSID8059552|,DTXSID0029133|,DTXSID4063375|,DTXSID8042507|,DTXSID2020006|,1,1,1,0,1,1,1,1,1,1,-0.58,[-0.71:-0.46],1,0.7,0.81,99-09-2,100-01-6,88-74-4,554-84-7,98-10-2,XJCVRTZCHMZPBD-UHFFFAOYSA-N,TYMLOMAKGOJONV-UHFFFAOYSA-N,DPJCXCZTLWNFOH-UHFFFAOYSA-N,RTZZCYNQPHTPPL-UHFFFAOYSA-N,KHBQMWCZKVMBLN-UHFFFAOYSA-N,DTXSID6025725,DTXSID8020961,DTXSID1025726,DTXSID2025765,DTXSID1059159,-0.77,-0.51,-0.46,-0.49,-0.71,-0.57,-0.69,-0.7,-0.68,-0.68,1.87,[1.46:2.28],1,0.6,0.64,56-04-2,55-21-0,150-13-0,103-74-2,95-14-7,VDIAYBNYJCMVED-UHFFFAOYSA-N,KXDAEFPNCMNJSK-UHFFFAOYSA-N,ALYNCZNDIQEVRV-UHFFFAOYSA-N,BXGYBSJAZFGIPX-UHFFFAOYSA-N,QRUDEWIWKLJBPS-UHFFFAOYSA-N,DTXSID2020890|,DTXSID0021709|,DTXSID6024466|,DTXSID2044767|,DTXSID6020147|,2.14,1.46,2.5,1.45,1.69,1.77,1.52,1.47,1.62,1.8
ascorbyl_glucoside,-2.78,[-4.69:-0.87],0,0.42,0.26,547-25-1,99-20-7,57-50-1,585-88-6,56846-39-0,RULSWEULPANCDV-UHFFFAOYSA-N,HDTRYLNUVZCQOY-UHFFFAOYSA-N,CZMRCDWAGMRECN-UHFFFAOYSA-N,VQHSOMBJVWLPSR-UHFFFAOYSA-N,IAYJZWFYUSNIPN-UHFFFAOYSA-N,DTXSID90876998,DTXSID3048102,DTXSID2021288,DTXSID0044444,DTXSID70875080,-4.8,0.3,-3.7,-3.87,-1.39,-2.15,-3.86,-1.87,-2.42,-0.14,0.32,[-0.09:0.73],1,0.57,0.67,57-50-1,4618-18-2,63-42-3|5965-66-2|69-79-4,83480-29-9,78491-02-8,CZMRCDWAGMRECN-UHFFFAOYSA-N,JCQLYHFGKNRPGE-UHFFFAOYSA-N,GUBGYTABKSRVRQ-UHFFFAOYSA-N,FZNCGRZWXLXZSZ-UHFFFAOYSA-N,SOROIESOUPGGFO-UHFFFAOYSA-N,DTXSID2021288,DTXSID5045833,DTXSID2023193|DTXSID5058723|DTXSID1023233,DTXSID2021442,DTXSID0029559,0.79,0.35,-0.23,-0.15,0.56,0.13,0.32,0.45,-0.25,-0.45,0.33,[0.05:0.61],0,0.13,0.54,839-90-7,1634-78-2,108-78-1,78-51-3,115-77-5,BPXVHIRIPLPOPT-UHFFFAOYSA-N,WSORODGWGUUOBO-UHFFFAOYSA-N,JDSHMPZPIAZGSV-UHFFFAOYSA-N,WTLBZVNBAKMVDP-UHFFFAOYSA-N,WXZMFSXDPGVJKK-UHFFFAOYSA-N,DTXSID4026266,DTXSID9020790,DTXSID6020802,DTXSID5021758,DTXSID2026943,0.2,0.05,0.58,0.76,0.1,0.17,0.91,0.36,1.16,0.16,1,0,0.196975427108485,0.404774770192846,2809-21-4|,60-00-4|,50-99-7|,NOCAS_859634|,50-70-4|,DBVJJBKOTRCVKF-UHFFFAOYSA-N,KCXVZYZYPLLWCC-UHFFFAOYSA-N,WQZGKKKJIJFFOK-UHFFFAOYSA-N,OVRNDRQMDRJTHS-UHFFFAOYSA-N,FBPFZTCFMRRESA-UHFFFAOYSA-N,DTXSID6023028|,DTXSID6022977|,DTXSID7022910|,DTXSID80859634|,DTXSID5023588|,1,0,1,1,1,1,1,1,0,1,-0.85,[-1.46:-0.24],0,0.08,0.4,5124-25-4,91-96-3,119-47-1,97-23-4,603-11-2,BBFRYSKTTHYWQZ-UHFFFAOYSA-N,CRRLDLPBQWRVGN-UHFFFAOYSA-N,KGRVJHAUYBGFFP-UHFFFAOYSA-N,MDNWOSOZYLHTCG-UHFFFAOYSA-N,KFIRODWJCYBBHY-UHFFFAOYSA-N,DTXSID8052148,DTXSID5059034,DTXSID4020870,DTXSID6021824,DTXSID9060528,-0.66,-1.5,0.03,-0.51,-1.57,-0.73,-0.49,-0.24,-0.43,-0.79,1.62,[1.45:1.79],0,0.21,0.63,74223-64-6,79277-27-3,120162-55-2,101200-48-0,111991-09-4,RSMUVYRMZCOLBH-UHFFFAOYSA-N,AHTPATJNIAFOLR-UHFFFAOYSA-N,MAHPNPYYQAIOJN-UHFFFAOYSA-N,VLCQZHSMCYCDJL-UHFFFAOYSA-N,RTCOGUMHFFWOJV-UHFFFAOYSA-N,DTXSID6023864|,DTXSID1024124|,DTXSID8041614|,DTXSID8024101|,DTXSID6034764|,1.54,1.45,1.89,1.72,1.48,1.69,1.69,1.68,1.59,1.84
kojic_acid,-0.55,[-1.06:-0.04],1,0.57,0.61,501-30-4,534-82-7,3238-40-2,431-03-8,NOCAS_878905,YKEKHNWEUINKJV-UHFFFAOYSA-N,FBWPWWWZWKPJFL-UHFFFAOYSA-N,CHTHALBTIRVDBM-UHFFFAOYSA-N,QSJXEFYPDANLFS-UHFFFAOYSA-N,QVXIZJHZWYLVET-UHFFFAOYSA-N,DTXSID2040236,DTXSID20862142,DTXSID0062927,DTXSID6021583,DTXSID20878905,-0.64,-0.58,0.3,-1.34,-0.49,-0.32,1.15,1.09,-0.22,-0.01,-1.04,[-1.55:-0.53],1,0.57,0.67,875-74-1,79-91-4,52-67-5,63-91-2|150-30-1|673-06-3,557-25-5,ZGUNAGUHMKGQNY-UHFFFAOYSA-N,UZBOWOQARWWIER-UHFFFAOYSA-N,VVNCNSJFMMFHPL-UHFFFAOYSA-N,COLNVLDHVKWLRT-UHFFFAOYSA-N,RIEABXYBQSLTFR-UHFFFAOYSA-N,DTXSID50889362,DTXSID201000184,DTXSID6037069,DTXSID4040763|DTXSID9023463|DTXSID4025876,DTXSID70871764,-1.61,-1.24,-0.13,-0.87,-1.33,-0.54,-1.01,0,-1.11,-0.99,0.18,[-0.2:0.56],1,0.48,0.66,512-56-1,461-58-5,110-98-5,680-31-9,122-20-3,WVLBCYQITXONBZ-UHFFFAOYSA-N,QGBSISYHAICWAH-UHFFFAOYSA-N,AZUXKVXMJOIAOF-UHFFFAOYSA-N,GNOIPBMMFNIUFM-UHFFFAOYSA-N,SLINHMUFWFWBMU-UHFFFAOYSA-N,DTXSID1021403,DTXSID1020354,DTXSID7026863,DTXSID6020694,DTXSID5021415,0.15,0.49,0.66,-0.3,-0.24,0.17,0.43,0.46,0.22,0.12,1,1,0.569331150198618,0.630157077911835,100-26-5|,499-83-2|,499-80-9|,89-00-9|,959-26-2|,LVPMIMZXDYBCDF-UHFFFAOYSA-N,WJJMNDUMQPNECX-UHFFFAOYSA-N,MJIVRKPEXXHNJT-UHFFFAOYSA-N,GJAWHXHKYYXBSV-UHFFFAOYSA-N,QPKOBORKPHRBPS-UHFFFAOYSA-N,DTXSID3059210|,DTXSID7022043|,DTXSID9060104|,DTXSID8041327|,DTXSID3052644|,0,1,1,1,1,1,1,1,1,1,-0.97,[-1.4:-0.54],1,0.44,0.57,3296-90-0,88-98-2,479-27-6,603-11-2,2243-62-1,CHUGKEQJSLOLHL-UHFFFAOYSA-N,ILUAAIDVFMVTAU-UHFFFAOYSA-N,YFOOEYJGMMJJLS-UHFFFAOYSA-N,KFIRODWJCYBBHY-UHFFFAOYSA-N,KQSABULTKYLFEV-UHFFFAOYSA-N,DTXSID9020164,DTXSID80861676,DTXSID6044432,DTXSID9060528,DTXSID3020916,-1.4,-0.57,-0.73,-1.57,-0.52,-0.65,-1.05,-0.8,-0.79,-0.88,1.56,[0.82:2.3],1,0.52,0.5,150-13-0,56-04-2,88-99-3,123-33-1,64-10-8,ALYNCZNDIQEVRV-UHFFFAOYSA-N,VDIAYBNYJCMVED-UHFFFAOYSA-N,XNGIFLGASWRNHJ-UHFFFAOYSA-N,BGRDGMRNKXEXQD-UHFFFAOYSA-N,LUBJCRLGQSPQNN-UHFFFAOYSA-N,DTXSID6024466|,DTXSID2020890|,DTXSID8021484|,DTXSID9020792|,DTXSID8042507|,2.5,2.14,1.07,0.45,1.35,1.47,1.77,1.73,1.24,1.76
beta_arbutin,-1.35,[-1.4:-1.3],1,1,0.95,497-76-7,138-52-3,2871-15-0,NOCAS_874308,31302-52-0,BJRNKVDFDLYUGJ-UHFFFAOYSA-N,NGFMICBWJRZIBI-UHFFFAOYSA-N,NEZJDVYDSZTRFS-UHFFFAOYSA-N,BWCHYPPTNWPJDG-UHFFFAOYSA-N,MIAKOEWBCMPCQR-UHFFFAOYSA-N,DTXSID7040152,DTXSID10883326,DTXSID30724540,DTXSID40874308,DTXSID90332185,-1.35,-1.22,-0.75,-0.42,-2.67,-1.23,-0.94,-0.3,-0.43,-1,-1.45,[-2.04:-0.86],1,0.51,0.62,138-52-3,5329-55-5,618-67-7,56211-78-0,530-14-3,NGFMICBWJRZIBI-UHFFFAOYSA-N,UWYXADYVSWKWAX-UHFFFAOYSA-N,GVRIYIMNJGULCZ-UHFFFAOYSA-N,RNMSZIWXOVWGMI-UHFFFAOYSA-N,GOZCEKPKECLKNO-UHFFFAOYSA-N,DTXSID10883326,DTXSID60277493,DTXSID101024266,DTXSID401031781,DTXSID201031535,-0.85,-1.55,-1.51,-2.6,-1.17,-1.4,-1.1,-1.02,-1.45,-1.21,0.31,[-0.02:0.64],1,0.3,0.62,115-77-5,98-10-2,88-19-7,108-78-1,122-20-3,WXZMFSXDPGVJKK-UHFFFAOYSA-N,KHBQMWCZKVMBLN-UHFFFAOYSA-N,YCMLQMDWSXFTIF-UHFFFAOYSA-N,JDSHMPZPIAZGSV-UHFFFAOYSA-N,SLINHMUFWFWBMU-UHFFFAOYSA-N,DTXSID2026943,DTXSID1059159,DTXSID7021362,DTXSID6020802,DTXSID5021415,0.1,0.68,0.41,0.58,-0.24,0.16,0.29,0.39,0.36,0.12,1,1,0.323084543428103,0.467829328352655,50-99-7|,NOCAS_859634|,126-58-9|,50-70-4|,839-90-7|,WQZGKKKJIJFFOK-UHFFFAOYSA-N,OVRNDRQMDRJTHS-UHFFFAOYSA-N,TXBCBTDQIULDIA-UHFFFAOYSA-N,FBPFZTCFMRRESA-UHFFFAOYSA-N,BPXVHIRIPLPOPT-UHFFFAOYSA-N,DTXSID7022910|,DTXSID80859634|,DTXSID3027039|,DTXSID5023588|,DTXSID4026266|,1,1,0,1,0,1,0,1,1,0,-0.87,[-1.27:-0.51],0,0.13,0.5,5124-25-4,97-23-4,603-11-2,88-98-2,1912-24-9,BBFRYSKTTHYWQZ-UHFFFAOYSA-N,MDNWOSOZYLHTCG-UHFFFAOYSA-N,KFIRODWJCYBBHY-UHFFFAOYSA-N,ILUAAIDVFMVTAU-UHFFFAOYSA-N,MXWJVTOOROXGIU-UHFFFAOYSA-N,DTXSID8052148,DTXSID6021824,DTXSID9060528,DTXSID80861676,DTXSID9020112,-0.66,-0.51,-1.57,-0.57,-1.05,-0.73,-0.43,-0.79,-1.05,-0.86,1.99,[1.68:2.3],1,0.35,0.61,81334-34-1,1563-66-2,12771-68-5,84-72-0,6988-21-2,CLQMBPJKHLGMQK-UHFFFAOYSA-N,DUEPRVBVGDRKAG-UHFFFAOYSA-N,HUTDUHSNJYTCAR-UHFFFAOYSA-N,PZBLUWVMZMXIKZ-UHFFFAOYSA-N,SDKQRNRRDYRQKY-UHFFFAOYSA-N,DTXSID8034665|,DTXSID9020249|,DTXSID2034338|,DTXSID3024100|,DTXSID2041886|,2,1.75,2.08,2.54,1.6,1.66,2.17,2.01,2.32,2.2
glycerin,-1.86,[-1.94:-1.78],1,1,0.84,56-81-5,616-30-8,149-32-6,534-03-2,87-69-4,PEDCQBHIVMGVHV-UHFFFAOYSA-N,KQIGMPWTAHJUMN-UHFFFAOYSA-N,UNXHWFMMPAWVPI-UHFFFAOYSA-N,KJJPLEZQSCZCKE-UHFFFAOYSA-N,FEWJPZIEWOKRBE-UHFFFAOYSA-N,DTXSID9020663,DTXSID30862294,DTXSID6043919,DTXSID2060202,DTXSID8023632,-1.86,1,-2.29,-1.82,-1.04,-1.08,-1.75,-1.95,-0.42,-4.32,1.08,[1.03:1.08],1,1,0.83,56-81-5,5893-10-7,50-21-5,106873-99-8,72-17-3,PEDCQBHIVMGVHV-UHFFFAOYSA-N,SRBATDDRZARFDZ-UHFFFAOYSA-N,JVTAAEKCZFNVCJ-UHFFFAOYSA-N,QAISXTKWTBOYAA-UHFFFAOYSA-N,JVTAAEKCZFNVCJ-UHFFFAOYSA-N,DTXSID9020663,DTXSID20878743,DTXSID7023192,DTXSID50875604,DTXSID6052829,1.08,0.01,1.05,-0.59,0.95,0.19,-0.12,0.24,0.01,0.24,0.43,[0.22:0.64],1,0.44,0.71,115-77-5,102-71-6,461-58-5,111-41-1,110-98-5,WXZMFSXDPGVJKK-UHFFFAOYSA-N,GSEJCLTVZPLZKY-UHFFFAOYSA-N,QGBSISYHAICWAH-UHFFFAOYSA-N,LHIJANUOQQMGNT-UHFFFAOYSA-N,AZUXKVXMJOIAOF-UHFFFAOYSA-N,DTXSID2026943,DTXSID9021392,DTXSID1020354,DTXSID7025423,DTXSID7026863,0.1,0.59,0.49,0.46,0.66,0.16,0.24,0.43,0.62,0.46,1,1,0.485243238225497,0.588113121925275,56-81-5|,111-46-6|,111-42-2|,112-27-6|,50-21-5|,PEDCQBHIVMGVHV-UHFFFAOYSA-N,MTHSVFCYNBDYFN-UHFFFAOYSA-N,ZBCBWPMODOFKDW-UHFFFAOYSA-N,ZIBGPFATKBEMQZ-UHFFFAOYSA-N,JVTAAEKCZFNVCJ-UHFFFAOYSA-N,DTXSID9020663|,DTXSID8020462|,DTXSID3021932|,DTXSID4021393|,DTXSID7023192|,1,1,1,1,1,1,1,0,1,1,-1.02,[-1.35:-0.69],0,0.24,0.55,3296-90-0,144-19-4,88-98-2,122-34-9,479-27-6,CHUGKEQJSLOLHL-UHFFFAOYSA-N,JCTXKRPTIMZBJT-UHFFFAOYSA-N,ILUAAIDVFMVTAU-UHFFFAOYSA-N,ODCWYMIRDDJXKW-UHFFFAOYSA-N,YFOOEYJGMMJJLS-UHFFFAOYSA-N,DTXSID9020164,DTXSID8027113,DTXSID80861676,DTXSID4021268,DTXSID6044432,-1.4,-1.34,-0.57,-0.94,-0.73,-0.65,-1.01,-1.05,-0.91,-0.8,0.55,[0.19:0.91],1,0.51,0.61,111-42-2,57-55-6,57-13-6,123-33-1,61-82-5,ZBCBWPMODOFKDW-UHFFFAOYSA-N,DNIAPMSPPWPWGF-UHFFFAOYSA-N,XSQUKJJJFZCRTK-UHFFFAOYSA-N,BGRDGMRNKXEXQD-UHFFFAOYSA-N,KLSJWNVTNUYHDU-UHFFFAOYSA-N,DTXSID3021932|,DTXSID0021206|,DTXSID4021426|,DTXSID9020792|,DTXSID0020076|,0.6,0.36,0.15,0.45,1.25,0.72,1.02,0.95,1.24,0.68
urea,-1.88,[-1.89:-1.84],1,1,0.84,57-13-6,1111-78-0,420-04-2,50-01-1,598-50-5,XSQUKJJJFZCRTK-UHFFFAOYSA-N,KXDHJXZQYSOELW-UHFFFAOYSA-N,XZMCDFZZKTWFGF-UHFFFAOYSA-N,ZRALSGWEFCBTJO-UHFFFAOYSA-N,XGEGHDBEHXKFPX-UHFFFAOYSA-N,DTXSID4021426,DTXSID9027360,DTXSID9034490,DTXSID7058757,DTXSID5060510,-1.89,-0.47,-0.82,-1.7,-1.4,-1.07,-1.1,-0.43,-1.08,-0.51,0.96,[0.87:1.05],1,1,0.81,57-13-6,110-14-5,598-50-5,1115-61-3,557-11-9,XSQUKJJJFZCRTK-UHFFFAOYSA-N,SNCZNSNPXMPCGN-UHFFFAOYSA-N,XGEGHDBEHXKFPX-UHFFFAOYSA-N,BYHGDHZGPMCBIO-UHFFFAOYSA-N,VPJDULFXCAQHRC-UHFFFAOYSA-N,DTXSID4021426,DTXSID4059382,DTXSID5060510,DTXSID801030828,DTXSID2024450,0.96,-1.55,1.13,-0.81,-0,-0.23,-0.76,-0.29,-0.68,-0.09,0.31,[0.15:0.47],1,0.43,0.75,461-58-5,512-56-1,62-56-6,115-77-5,111-41-1,QGBSISYHAICWAH-UHFFFAOYSA-N,WVLBCYQITXONBZ-UHFFFAOYSA-N,UMGDCJDMYOKAJW-UHFFFAOYSA-N,WXZMFSXDPGVJKK-UHFFFAOYSA-N,LHIJANUOQQMGNT-UHFFFAOYSA-N,DTXSID1020354,DTXSID1021403,DTXSID9021348,DTXSID2026943,DTXSID7025423,0.49,0.15,0.3,0.1,0.46,0.43,0.17,0.41,0.16,0.62,NaN,0,0,0,,,,,,,,,,,,,,,,NaN,NaN,NaN,NaN,NaN,NaN,NaN,NaN,NaN,NaN,NaN,NA,0,0,0,,,,,,,,,,,,,,,,NaN,NaN,NaN,NaN,NaN,NaN,NaN,NaN,NaN,NaN,NaN,NA,0,0,0,,,,,,,,,,,,,,,,NaN,NaN,NaN,NaN,NaN,NaN,NaN,NaN,NaN,NaN
allantoin,-2.26,[-2.26:-2.2],1,1,0.81,97-59-6,69-93-2,6972-82-3,13231-00-0,1609-07-0,POJWUDADGALRAB-UHFFFAOYSA-N,KLMXEVHMXUCFEP-UHFFFAOYSA-N,OLZSVISHBFBNTN-UHFFFAOYSA-N,WMZHHNOZTJFKRT-UHFFFAOYSA-N,SIQWQBQGWREFSE-UHFFFAOYSA-N,DTXSID3020043,DTXSID3042508,DTXSID10220015,DTXSID20157489,DTXSID70167033,-2.26,-2.17,-1.4,0.25,-0.77,-1.14,-1.29,-1.1,-1.23,-1.17,-1.54,[-1.59:-1.49],1,1,0.9,97-59-6,69-93-2,6947-77-9,2518-72-1,24448-94-0,POJWUDADGALRAB-UHFFFAOYSA-N,KLMXEVHMXUCFEP-UHFFFAOYSA-N,PQVZDTWRGIHYCU-UHFFFAOYSA-N,FMTLDVACNZDTQL-UHFFFAOYSA-N,LAOZSCRCYVBSJA-UHFFFAOYSA-N,DTXSID3020043,DTXSID3042508,DTXSID20219692,DTXSID90179850,DTXSID2020509,-1.54,-3.43,-1.89,-1.43,-1.74,-1.94,-2.21,-1.64,-1.73,-1.58,0.39,[0.19:0.59],1,0.33,0.68,108-78-1,839-90-7,102-71-6,461-58-5,115-77-5,JDSHMPZPIAZGSV-UHFFFAOYSA-N,BPXVHIRIPLPOPT-UHFFFAOYSA-N,GSEJCLTVZPLZKY-UHFFFAOYSA-N,QGBSISYHAICWAH-UHFFFAOYSA-N,WXZMFSXDPGVJKK-UHFFFAOYSA-N,DTXSID6020802,DTXSID4026266,DTXSID9021392,DTXSID1020354,DTXSID2026943,0.58,0.2,0.59,0.49,0.1,0.36,0.17,0.24,0.43,0.16,1,1,0.378606654215534,0.534794829920293,139-13-9|,56-84-8|,77-92-9|,1758-73-2|,50-99-7|,MGFYIUFZLHCRTH-UHFFFAOYSA-N,CKLJMWTZIZZHCS-UHFFFAOYSA-N,KRKNYBCHXYNGOX-UHFFFAOYSA-N,FYOWZTWVYZOZSI-UHFFFAOYSA-N,WQZGKKKJIJFFOK-UHFFFAOYSA-N,DTXSID6020939|,DTXSID7022621|,DTXSID3020332|,DTXSID4029224|,DTXSID7022910|,0,1,1,1,1,1,1,1,1,1,-0.96,[-1.4:-0.52],0,0.18,0.48,88-98-2,603-11-2,3296-90-0,479-27-6,2243-62-1,ILUAAIDVFMVTAU-UHFFFAOYSA-N,KFIRODWJCYBBHY-UHFFFAOYSA-N,CHUGKEQJSLOLHL-UHFFFAOYSA-N,YFOOEYJGMMJJLS-UHFFFAOYSA-N,KQSABULTKYLFEV-UHFFFAOYSA-N,DTXSID80861676,DTXSID9060528,DTXSID9020164,DTXSID6044432,DTXSID3020916,-0.57,-1.57,-1.4,-0.73,-0.52,-1.05,-0.79,-0.65,-0.8,-0.88,2.26,[1.27:3.25],1,0.35,0.32,1071-83-6,123-33-1,77182-82-2,57966-95-7,66215-27-8,XDDAORKBJWWYJS-UHFFFAOYSA-N,BGRDGMRNKXEXQD-UHFFFAOYSA-N,IAJOBQBIJHVGMQ-UHFFFAOYSA-N,XERJKGMBORTKEO-UHFFFAOYSA-N,LVQDKIWDGQRHTE-UHFFFAOYSA-N,DTXSID1024122|,DTXSID9020792|,DTXSID1024120|,DTXSID6032358|,DTXSID6023999|,3.32,0.45,2.63,2.09,2.3,1.17,1.24,1.15,1.17,2.09
d_panthenol,-1.04,[-1.09:-0.99],1,1,0.98,81-13-0|16485-10-2,79-83-4,72599-27-0,6665-16-3,NOCAS_860670,SNPLKNRPJHDVJA-UHFFFAOYSA-N,GHOKWGTUZJEAQD-UHFFFAOYSA-N,UQRORFVVSGFNRO-UHFFFAOYSA-N,NFDYGNFETJVMSE-UHFFFAOYSA-N,JVAZJLFFSJARQM-UHFFFAOYSA-N,DTXSID3022906|DTXSID3044598,DTXSID9023417,DTXSID6045618,DTXSID60875837,DTXSID90860670,-1.04,-1.69,-0.6,-2.49,0.16,-1.08,-1.94,-0.61,-2.73,0.29,0.69,[0.64:0.69],1,1,0.86,81-13-0,72599-27-0,97-30-3,90243-80-4,79-83-4,SNPLKNRPJHDVJA-UHFFFAOYSA-N,UQRORFVVSGFNRO-UHFFFAOYSA-N,HOVAGTYPODGVJG-UHFFFAOYSA-N,DDTCLMFTBAHLCY-UHFFFAOYSA-N,GHOKWGTUZJEAQD-UHFFFAOYSA-N,DTXSID3022906,DTXSID6045618,DTXSID7026605,DTXSID10875746,DTXSID9023417,0.69,0.42,0.52,-1.3,0.66,0.06,-0.33,0.16,-0.58,-0.05,0.07,[-0.3:0.47],1,0.49,0.65,122-20-3,680-31-9,102-71-6,115-77-5,110-98-5,SLINHMUFWFWBMU-UHFFFAOYSA-N,GNOIPBMMFNIUFM-UHFFFAOYSA-N,GSEJCLTVZPLZKY-UHFFFAOYSA-N,WXZMFSXDPGVJKK-UHFFFAOYSA-N,AZUXKVXMJOIAOF-UHFFFAOYSA-N,DTXSID5021415,DTXSID6020694,DTXSID9021392,DTXSID2026943,DTXSID7026863,-0.24,-0.3,0.59,0.1,0.66,0.12,0.22,0.24,0.16,0.46,1,1,0.453538467840914,0.572260736732983,6104-30-9|,16287-68-6|,115-77-5|,23235-61-2|,1758-73-2|,QFHMNFAUXJAINK-UHFFFAOYSA-N,LWZFANDGMFTDAV-UHFFFAOYSA-N,WXZMFSXDPGVJKK-UHFFFAOYSA-N,WMYINDVYGQKYMI-UHFFFAOYSA-N,FYOWZTWVYZOZSI-UHFFFAOYSA-N,DTXSID8027614|,DTXSID70324260|,DTXSID2026943|,DTXSID9044879|,DTXSID4029224|,1,1,1,0,1,1,1,0,0,1,-1.09,[-1.43:-0.75],0,0.17,0.53,88-98-2,144-19-4,1912-24-9,122-34-9,603-11-2,ILUAAIDVFMVTAU-UHFFFAOYSA-N,JCTXKRPTIMZBJT-UHFFFAOYSA-N,MXWJVTOOROXGIU-UHFFFAOYSA-N,ODCWYMIRDDJXKW-UHFFFAOYSA-N,KFIRODWJCYBBHY-UHFFFAOYSA-N,DTXSID80861676,DTXSID8027113,DTXSID9020112,DTXSID4021268,DTXSID9060528,-0.57,-1.34,-1.05,-0.94,-1.57,-1.05,-1.01,-0.86,-0.91,-0.79,1.35,[0.43:2.27],1,0.42,0.39,57966-95-7,6923-22-4,1646-88-4,3337-71-1,673-04-1,XERJKGMBORTKEO-UHFFFAOYSA-N,KRTSDMXIXPKRQR-UHFFFAOYSA-N,YRRKLBAKDXSTNC-UHFFFAOYSA-N,VGPYEHKOIGNJKV-UHFFFAOYSA-N,HKAMKLBXTLTVCN-UHFFFAOYSA-N,DTXSID6032358|,DTXSID9034816|,DTXSID6023862|,DTXSID8023890|,DTXSID9042388|,2.09,0,0.42,1.6,2.34,1.17,1.77,1.49,1.23,2.22
betaine,-1.65,[-2.84:-0.55],1,0.49,0.49,123-41-1,1704-62-7,67-48-1,110-70-3,108-01-0,OEYIOHPDSNJKLS-UHFFFAOYSA-N,YSAANLSYLSUVHB-UHFFFAOYSA-N,OEYIOHPDSNJKLS-UHFFFAOYSA-N,KVKFRMCSXWQSNT-UHFFFAOYSA-N,UEEJHVSXFDXPFK-UHFFFAOYSA-N,DTXSID9047467,DTXSID1027427,DTXSID4020325,DTXSID4058730,DTXSID2020505,-2.25,-0.99,-3.77,-0.62,-0.55,-1.91,-0.72,-1.99,-1.08,-0.78,0.72,[0.65:0.72],1,1,0.84,107-43-7,431-03-8,600-14-6,3848-24-6,123-54-6,KWIUHFFTVRNATP-UHFFFAOYSA-N,QSJXEFYPDANLFS-UHFFFAOYSA-N,TZMFJUDUGYTVRY-UHFFFAOYSA-N,MWVFCEVNXHTDNF-UHFFFAOYSA-N,YRKCREAYFQTBPV-UHFFFAOYSA-N,DTXSID8022666,DTXSID6021583,DTXSID6051435,DTXSID2047066,DTXSID4021979,0.72,0.37,-0.18,-2.06,0.22,-0.11,-0.18,-0.07,0.53,-0.36,0.45,[0.2:0.65],1,0.51,0.71,111-40-0,110-85-0,111-41-1,110-91-8,68-12-2,RPNUMPOLZDHAAY-UHFFFAOYSA-N,GLUUGHFHXGJENI-UHFFFAOYSA-N,LHIJANUOQQMGNT-UHFFFAOYSA-N,YNAVUWVOSKDBBP-UHFFFAOYSA-N,ZMXDDKWLCZADIW-UHFFFAOYSA-N,DTXSID2025050,DTXSID1021164,DTXSID7025423,DTXSID2025688,DTXSID6020515,0.65,0.59,0.46,0.45,-0.1,0.52,0.24,0.62,0.2,0.26,1,1,0.471945573240345,0.735972786620173,105-46-4|,103429-90-9|,110-19-0|,108-84-9|,4435-53-4|,DCKVNWZUADLDEH-UHFFFAOYSA-N,RYNQKSJRFHJZTK-UHFFFAOYSA-N,GJRQTCIYDGXPES-UHFFFAOYSA-N,CPIVYSAVIPTCCX-UHFFFAOYSA-N,QMYGFTJCQFEDST-UHFFFAOYSA-N,DTXSID0047612|,DTXSID30145852|,DTXSID5026837|,DTXSID6051562|,DTXSID2052106|,1,1,1,1,1,1,1,1,1,1,-0.68,[-1.22:-0.14],1,0.47,0.55,142-96-1,79-46-9,1634-04-4,107-39-1,78-59-1,DURPTKYDGMDSBL-UHFFFAOYSA-N,FGLBSLMDCBOPQK-UHFFFAOYSA-N,BZLVMXJERCGZMT-UHFFFAOYSA-N,FXNDIJDIPNCZQJ-UHFFFAOYSA-N,HJOVHMDZYOCNQW-UHFFFAOYSA-N,DTXSID1022007,DTXSID6020981,DTXSID3020833,DTXSID4026765,DTXSID8020759,-0.25,-1.2,-0.88,0.12,-1.29,0.46,-0.37,-0.44,0.33,-0.86,0.76,[0.39:1.13],1,0.48,0.62,111-42-2,1615-80-1,123-91-1,1464-53-5,57-55-6,ZBCBWPMODOFKDW-UHFFFAOYSA-N,YCBOYOYVDOUXLH-UHFFFAOYSA-N,RYHBNJHYFVUHQT-UHFFFAOYSA-N,ZFIVKAOQEXOYFY-UHFFFAOYSA-N,DNIAPMSPPWPWGF-UHFFFAOYSA-N,DTXSID3021932|,DTXSID1043754|,DTXSID4020533|,DTXSID0041307|,DTXSID0021206|,0.6,1.18,1.23,0.4,0.36,0.72,0.96,0.95,1.18,1.02
caffeine,-0.07,[-0.1:-0.07],1,1,0.94,58-08-2,39832-36-5,603-00-9,83-67-0,611-59-6,RYYVLZVUVIJVGH-UHFFFAOYSA-N,KRVVZPXPQUPXJE-UHFFFAOYSA-N,KYHQZNGJUGFTGR-UHFFFAOYSA-N,YAPQBXQYLJRXSA-UHFFFAOYSA-N,QUNWUDVFRNGTCO-UHFFFAOYSA-N,DTXSID0020232,DTXSID40192897,DTXSID5023536,DTXSID9026132,DTXSID2052281,-0.07,-0.15,-0.77,-0.78,-0.22,-0.29,-0.18,-0.71,-0.02,-0.33,-0.95,[-1:-0.9],1,1,0.97,58-08-2,13401-18-8,23043-88-1,39832-36-5,27760-74-3,RYYVLZVUVIJVGH-UHFFFAOYSA-N,LMXZVISHHDYBFW-UHFFFAOYSA-N,RPOQNHMXOPWCEK-UHFFFAOYSA-N,KRVVZPXPQUPXJE-UHFFFAOYSA-N,HGFWMGARSDHJFP-UHFFFAOYSA-N,DTXSID0020232,DTXSID80158457,DTXSID00177605,DTXSID40192897,DTXSID20357200,-0.95,-1.46,-0.75,-0.72,0.02,-0.89,-0.77,-0.79,-0.81,-1.19,0.27,[-0.02:0.51],1,0.36,0.65,10605-21-7,314-40-9,61-82-5,60-51-5,680-31-9,TWFZGCMQGLPBSX-UHFFFAOYSA-N,OSOBMCTWSONQHC-UHFFFAOYSA-N,KLSJWNVTNUYHDU-UHFFFAOYSA-N,MCWXGJITAZMZEV-UHFFFAOYSA-N,GNOIPBMMFNIUFM-UHFFFAOYSA-N,DTXSID4024729,DTXSID4022020,DTXSID0020076,DTXSID7020479,DTXSID6020694,0.4,0.51,0.49,0.2,-0.3,0.34,0.41,0.52,0.59,0.22,0,1,0.431080518830857,0.521827316054032,1025-15-6|,4433-79-8|,840-65-3|,5902-51-2|,6375-47-9|,KOMNUTZXSVSERR-UHFFFAOYSA-N,MOUVJGIRLPZEES-UHFFFAOYSA-N,GYUVMLBYMPKZAZ-UHFFFAOYSA-N,FNEQOVOLKIIMTA-UHFFFAOYSA-N,SJWQCBCAGCEWCV-UHFFFAOYSA-N,DTXSID0026175|,DTXSID5029265|,DTXSID6029202|,DTXSID8024317|,DTXSID2027620|,0,0,0,0,0,1,0,0,0,1,-0.92,[-1.33:-0.46],1,0.25,0.52,21564-17-0,94-52-0,314-40-9,2255-17-6,2212-67-1,TUBQDCKAWGHZPF-UHFFFAOYSA-N,XPAZGLFMMUODDK-UHFFFAOYSA-N,OSOBMCTWSONQHC-UHFFFAOYSA-N,MJNAIAPNXYJWCT-UHFFFAOYSA-N,DEDOPGXGGQYYMW-UHFFFAOYSA-N,DTXSID6032647,DTXSID8020965,DTXSID4022020,DTXSID00177084,DTXSID6024206,-1.01,-1.15,-1.33,0.01,-1.08,-0.68,-0.88,-0.51,-0.45,-1.19,1.79,[1.26:2.32],1,0.34,0.52,66-75-1,23103-98-2,1912-26-1,21087-64-9,140-56-7,YKPXESVABPNVOR-UHFFFAOYSA-N,YFGYUFNIOHWBOB-UHFFFAOYSA-N,HFBWPRKWDIRYNX-UHFFFAOYSA-N,FOXFZRUHNHCZPX-UHFFFAOYSA-N,FLTYACUMGDVPLP-UHFFFAOYSA-N,DTXSID8026270|,DTXSID1032569|,DTXSID2042488|,DTXSID6024204|,DTXSID6040371|,1.46,1.9,2.76,1.71,1.18,1.7,2.36,2.46,1.86,2.3
ascorbic_acid,-1.78,[-2.4:-1.16],1,0.51,0.63,50-81-7,3615-41-6,497-76-7,147-81-9|50-69-1,86404-04-8,KRGQEOSDQHTZMX-UHFFFAOYSA-N,PNNNRSAQSRJVSB-UHFFFAOYSA-N,BJRNKVDFDLYUGJ-UHFFFAOYSA-N,PYMYPHUHKUWMLA-UHFFFAOYSA-N,FCOFRUTUVRXURQ-UHFFFAOYSA-N,DTXSID5020106,DTXSID7042647,DTXSID7040152,DTXSID8041610|DTXSID6043917,DTXSID8020595,-1.85,-2.17,-1.35,-2.67,-0.8,-2.69,-2.44,-1.23,-2.47,-1.01,0.06,[-0.66:0.78],1,0.52,0.6,99-32-1,87-96-7,492-62-6|3458-28-4|2280-44-6,87-72-9,145-73-3,PBAYDYUZOSNJGU-UHFFFAOYSA-N,SHZGCJCMOBCMKK-UHFFFAOYSA-N,WQZGKKKJIJFFOK-UHFFFAOYSA-N,SRBFZHDQGSBBOR-UHFFFAOYSA-N,GXEKYRXVRROBEV-UHFFFAOYSA-N,DTXSID30243928,DTXSID501016770,DTXSID30197710|DTXSID5040463|DTXSID501015215,DTXSID5052836,DTXSID7024081,-1.11,0.78,0.61,0.39,-0.27,0.1,0.17,0.07,0.31,0.14,0.25,[-0.1:0.6],1,0.31,0.6,115-77-5,108-78-1,98-10-2,512-56-1,108-80-5,WXZMFSXDPGVJKK-UHFFFAOYSA-N,JDSHMPZPIAZGSV-UHFFFAOYSA-N,KHBQMWCZKVMBLN-UHFFFAOYSA-N,WVLBCYQITXONBZ-UHFFFAOYSA-N,ZFSLODLOARCGLH-UHFFFAOYSA-N,DTXSID2026943,DTXSID6020802,DTXSID1059159,DTXSID1021403,DTXSID7024873,0.1,0.58,0.68,0.15,-0.3,0.16,0.36,0.29,0.17,0.4,1,1,0.412502468680392,0.551742737152722,50-99-7|,77-92-9|,50-70-4|,NOCAS_859634|,87-69-4|,WQZGKKKJIJFFOK-UHFFFAOYSA-N,KRKNYBCHXYNGOX-UHFFFAOYSA-N,FBPFZTCFMRRESA-UHFFFAOYSA-N,OVRNDRQMDRJTHS-UHFFFAOYSA-N,FEWJPZIEWOKRBE-UHFFFAOYSA-N,DTXSID7022910|,DTXSID3020332|,DTXSID5023588|,DTXSID80859634|,DTXSID8023632|,1,1,1,1,1,1,1,1,0,1,-0.96,[-1.4:-0.52],0,0.18,0.49,88-98-2,603-11-2,3296-90-0,479-27-6,2243-62-1,ILUAAIDVFMVTAU-UHFFFAOYSA-N,KFIRODWJCYBBHY-UHFFFAOYSA-N,CHUGKEQJSLOLHL-UHFFFAOYSA-N,YFOOEYJGMMJJLS-UHFFFAOYSA-N,KQSABULTKYLFEV-UHFFFAOYSA-N,DTXSID80861676,DTXSID9060528,DTXSID9020164,DTXSID6044432,DTXSID3020916,-0.57,-1.57,-1.4,-0.73,-0.52,-1.05,-0.79,-0.65,-0.8,-0.88,2.48,[2.09:2.93],1,0.42,0.5,77182-82-2,66215-27-8,57966-95-7,145-73-3,1071-83-6,IAJOBQBIJHVGMQ-UHFFFAOYSA-N,LVQDKIWDGQRHTE-UHFFFAOYSA-N,XERJKGMBORTKEO-UHFFFAOYSA-N,GXEKYRXVRROBEV-UHFFFAOYSA-N,XDDAORKBJWWYJS-UHFFFAOYSA-N,DTXSID1024120|,DTXSID6023999|,DTXSID6032358|,DTXSID7024081|,DTXSID1024122|,2.63,2.3,2.09,2.09,3.32,1.15,2.09,1.17,1.78,1.17
alpha_tocopherol,8.82,[7.5:10.14],1,0.47,0.43,604-35-3,878665-13-5,110553-27-0,67-96-9,50-14-6,XUGISPSHIFXEHZ-UHFFFAOYSA-N,LNTJADZLGCWBQH-UHFFFAOYSA-N,GAODDBNJCKQQDY-UHFFFAOYSA-N,ILYCWAKSDCYMBB-UHFFFAOYSA-N,MECHNRXZTMCUDQ-UHFFFAOYSA-N,DTXSID60889358,DTXSID601020940,DTXSID6044199,DTXSID5022938,DTXSID5020233,7.2,9.4,10,7.5,10.44,8.04,9.2,9.84,7.95,7.88,-8.51,[-8.52:-8.27],1,1,0.71,10191-41-0|59-02-9,54-28-4,4221-80-1,144429-84-5,134701-20-5,GVJHHUAWPYXKBD-UHFFFAOYSA-N,QUEDXNHFTDJVIY-UHFFFAOYSA-N,KJYSXRBJOSZLEL-UHFFFAOYSA-N,YSLFJMFSTOJEDL-UHFFFAOYSA-N,TVWGHFVGFWIHFN-UHFFFAOYSA-N,DTXSID8021355|DTXSID0026339,DTXSID9049031,DTXSID5063364,DTXSID80273997,DTXSID2051685,-8.52,-0.51,-7.34,-7.11,-6.85,-5.18,-7.44,-6.56,-5.04,-5.21,3.23,[2.07:4.36],0,0.21,0.33,119-47-1,2668-47-5,1460-02-2,26761-40-0,732-26-3,KGRVJHAUYBGFFP-UHFFFAOYSA-N,JIEWQZNTUPWNMX-UHFFFAOYSA-N,GUFMBISUSZUUCB-UHFFFAOYSA-N,ZVFDTKUVRCTHQE-UHFFFAOYSA-N,PFEFOYRSMXVNEL-UHFFFAOYSA-N,DTXSID4020870,DTXSID7062582,DTXSID50163255,DTXSID4025082,DTXSID2021311,2.74,3.78,4.36,1.16,4.14,3.58,3.59,3.7,2.05,3.47,0,1,0.475232199798685,0.583107602711869,4130-42-1|,120-95-6|,128-37-0|,732-26-3|,128-39-2|,BVUXDWXKPROUDO-UHFFFAOYSA-N,WMVJWKURWRGJCI-UHFFFAOYSA-N,NLZUEZXRPGMBCV-UHFFFAOYSA-N,PFEFOYRSMXVNEL-UHFFFAOYSA-N,DKCPKDPYUFEZCP-UHFFFAOYSA-N,DTXSID0029262|,DTXSID9026974|,DTXSID2020216|,DTXSID2021311|,DTXSID6027052|,0,0,1,0,0,0,0,0,0,0,-0.02,[-0.79:0.69],0,0.19,0.37,78-42-2,117-81-7,67614-33-9,91-96-3,52918-63-5,GTVWRXDRKAHEAD-UHFFFAOYSA-N,BJQHLKABXJIVAM-UHFFFAOYSA-N,NYPJDWWKZLNGGM-UHFFFAOYSA-N,CRRLDLPBQWRVGN-UHFFFAOYSA-N,OWZREIFADZCYQD-UHFFFAOYSA-N,DTXSID0021414,DTXSID5020607,DTXSID3020621,DTXSID5059034,DTXSID8020381,-0.29,0.44,0.69,-1.5,0.51,0.8,0.27,0.44,-0.49,0.24,4.72,[4.1:5.34],0,0.27,0.45,64532-97-4,69409-94-5,70124-77-5,66841-25-6,117-84-0,LMCLPMXCYFSRNG-UHFFFAOYSA-N,INISTDXBRIBGOC-UHFFFAOYSA-N,GBIHOLCMZGAKNG-UHFFFAOYSA-N,YWSCPYYRJXKUDB-UHFFFAOYSA-N,MQIUGAXCHLFZKX-UHFFFAOYSA-N,DTXSID4025797|,DTXSID7024110|DTXSID7037555,DTXSID0022301|,DTXSID0024343|,DTXSID1021956|,4.06,5.71,5,5,4.38,5.06,5.05,5.2,4.85,4.06
l_lactic_acid,-0.72,[-0.73:-0.72],1,1,0.99,50-21-5,504-63-2,57-55-6,110-64-5,110-63-4,JVTAAEKCZFNVCJ-UHFFFAOYSA-N,YPFDHNVEDLHUCE-UHFFFAOYSA-N,DNIAPMSPPWPWGF-UHFFFAOYSA-N,ORTVZLZNOYNASJ-UHFFFAOYSA-N,WERYXYBDKMZEQL-UHFFFAOYSA-N,DTXSID7023192,DTXSID8041246,DTXSID0021206,DTXSID9026849,DTXSID2024666,-0.72,-1.04,-0.92,-0.81,-0.83,-0.71,-0.69,-0.57,-0.41,-0.34,1.04,[0.99:1.05],1,1,0.84,50-21-5,72-17-3,2833-21-8,2211-14-5,5893-10-7,JVTAAEKCZFNVCJ-UHFFFAOYSA-N,JVTAAEKCZFNVCJ-UHFFFAOYSA-N,XGTKSWVCNVUVHG-UHFFFAOYSA-N,MVGBKLTYYAYYGY-UHFFFAOYSA-N,SRBATDDRZARFDZ-UHFFFAOYSA-N,DTXSID7023192,DTXSID6052829,DTXSID00878786,DTXSID301036164,DTXSID20878743,1.05,0.95,-0.23,0.94,0.01,0.24,0.24,0.62,0.18,-0.12,0.62,[0.42:0.82],1,0.35,0.67,1779-48-2,10541-83-0,121-92-6,75-98-9,127-68-4,MLCHBQKMVKNBOV-UHFFFAOYSA-N,ZVIDMSBTYRSMAR-UHFFFAOYSA-N,AFPHTEQTJZKQAQ-UHFFFAOYSA-N,IUGYQRQAERSCNH-UHFFFAOYSA-N,ONMOULMPIIOVTQ-UHFFFAOYSA-N,DTXSID0027436,DTXSID8065117,DTXSID0025737,DTXSID8026432,DTXSID2027048,0.78,0.38,0.85,0.36,0.7,0.59,0.64,0.6,0.67,0.72,1,1,0.579206037418676,0.789603018709338,50-21-5|,56-40-6|,110-15-6|,107-95-9|,124-04-9|,JVTAAEKCZFNVCJ-UHFFFAOYSA-N,DHMQDGOQFOQNFH-UHFFFAOYSA-N,KDYFGRWQOYBRFD-UHFFFAOYSA-N,UCMIRNVEIXFBKS-UHFFFAOYSA-N,WNLRTRBMVRJNCN-UHFFFAOYSA-N,DTXSID7023192|,DTXSID9020667|,DTXSID6023602|,DTXSID0030823|,DTXSID7021605|,1,1,1,1,1,1,1,1,1,1,-1.07,[-1.4:-0.68],1,0.31,0.55,3296-90-0,96-29-7,144-19-4,88-98-2,95-48-7,CHUGKEQJSLOLHL-UHFFFAOYSA-N,WHIVNJATOVLWBW-UHFFFAOYSA-N,JCTXKRPTIMZBJT-UHFFFAOYSA-N,ILUAAIDVFMVTAU-UHFFFAOYSA-N,QWVGKYWNOKOFNN-UHFFFAOYSA-N,DTXSID9020164,DTXSID1021821,DTXSID8027113,DTXSID80861676,DTXSID8021808,-1.4,-1.33,-1.34,-0.57,-0.52,-0.65,-0.85,-1.01,-1.05,-0.78,1.01,[0.48:1.54],1,0.6,0.58,79-06-1,123-91-1,57-55-6,1464-53-5,61-82-5,HRPVXLWXLXDGHG-UHFFFAOYSA-N,RYHBNJHYFVUHQT-UHFFFAOYSA-N,DNIAPMSPPWPWGF-UHFFFAOYSA-N,ZFIVKAOQEXOYFY-UHFFFAOYSA-N,KLSJWNVTNUYHDU-UHFFFAOYSA-N,DTXSID5020027|,DTXSID4020533|,DTXSID0021206|,DTXSID0041307|,DTXSID0020076|,1.7,1.23,0.36,0.4,1.25,0.58,0.95,1.02,1.18,0.68
salicylic_acid,2.26,[2.21:2.31],1,1,0.97,69-72-7,99-96-7,99-06-9,50-85-1,89-56-5,YGSDEFSMJLZEOE-UHFFFAOYSA-N,FJKROLUGYXJWQN-UHFFFAOYSA-N,IJFXRHURBJZNAO-UHFFFAOYSA-N,NJESAXZANHETJV-UHFFFAOYSA-N,DLGBEGBHXSAQOC-UHFFFAOYSA-N,DTXSID7026368,DTXSID3026647,DTXSID6021610,DTXSID30198166,DTXSID20237472,2.26,1.58,1.5,2.99,2.78,2.31,1.42,1.46,2.46,2.57,-1.83,[-1.89:-1.77],1,1,0.97,69-72-7,83-40-9,104-03-0,62-23-7,54-21-7,YGSDEFSMJLZEOE-UHFFFAOYSA-N,WHSXTWFYRGOBGO-UHFFFAOYSA-N,YBADLXQNJCMBKR-UHFFFAOYSA-N,OTLNPYWUJOZPPA-UHFFFAOYSA-N,YGSDEFSMJLZEOE-UHFFFAOYSA-N,DTXSID7026368,DTXSID9038686,DTXSID6059289,DTXSID3020966,DTXSID5021708,-1.83,-2.29,-1.94,-2.86,-0.11,-1.83,-1.65,-2.23,-1.85,-1.83,0.62,[0.41:0.83],1,0.48,0.71,1779-48-2,121-92-6,92-70-6,10541-83-0,76-93-7,MLCHBQKMVKNBOV-UHFFFAOYSA-N,AFPHTEQTJZKQAQ-UHFFFAOYSA-N,ALKYHXVLJMQRLQ-UHFFFAOYSA-N,ZVIDMSBTYRSMAR-UHFFFAOYSA-N,UKXSKSHDVLQNKG-UHFFFAOYSA-N,DTXSID0027436,DTXSID0025737,DTXSID3026560,DTXSID8065117,DTXSID0058805,0.78,0.85,0.6,0.38,0.26,0.59,0.6,0.55,0.64,0.64,1,1,0.598519510964809,0.644751258294931,69-72-7|,83-40-9|,99-06-9|,99-96-7|,118-92-3|,YGSDEFSMJLZEOE-UHFFFAOYSA-N,WHSXTWFYRGOBGO-UHFFFAOYSA-N,IJFXRHURBJZNAO-UHFFFAOYSA-N,FJKROLUGYXJWQN-UHFFFAOYSA-N,RWZYAGGXGHYGMB-UHFFFAOYSA-N,DTXSID7026368|,DTXSID9038686|,DTXSID6021610|,DTXSID3026647|,DTXSID8020094|,1,0,1,1,1,1,1,1,1,1,-0.99,[-1.42:-0.56],1,0.46,0.58,3296-90-0,88-98-2,2243-62-1,479-27-6,603-11-2,CHUGKEQJSLOLHL-UHFFFAOYSA-N,ILUAAIDVFMVTAU-UHFFFAOYSA-N,KQSABULTKYLFEV-UHFFFAOYSA-N,YFOOEYJGMMJJLS-UHFFFAOYSA-N,KFIRODWJCYBBHY-UHFFFAOYSA-N,DTXSID9020164,DTXSID80861676,DTXSID3020916,DTXSID6044432,DTXSID9060528,-1.4,-0.57,-0.52,-0.73,-1.57,-0.65,-1.05,-0.88,-0.8,-0.79,1.58,[1.43:1.81],1,0.73,0.78,65-85-0,99-96-7,609-66-5,55-21-0,93-58-3,WPYMKLBDIGXBTP-UHFFFAOYSA-N,FJKROLUGYXJWQN-UHFFFAOYSA-N,RBGDLYUEXLWQBZ-UHFFFAOYSA-N,KXDAEFPNCMNJSK-UHFFFAOYSA-N,QPJVMBTYPHYUOC-UHFFFAOYSA-N,DTXSID6020143|,DTXSID3026647|,DTXSID3052278|,DTXSID0021709|,DTXSID5025572|,1.5,1.43,1.51,1.46,2.1,1.6,1.77,1.65,1.52,1.59
pathway_9,3.01,[2.53:3.27],1,0.59,0.72,15912-93-3,NOCAS_874791,90370-29-9,15294-25-4,NOCAS_877438,OBBNHWAIDHAZOZ-UHFFFAOYSA-N,COCAVGOWOPNYOD-UHFFFAOYSA-N,ZARUKNQGJBWWBA-UHFFFAOYSA-N,JQJZXIAXWYFOJQ-UHFFFAOYSA-N,BQDWBWGFNVYGCP-UHFFFAOYSA-N,DTXSID00166594,DTXSID30874791,DTXSID20238106,DTXSID10165174,DTXSID20877438,3.25,2.06,3.23,3.25,3.27,3.24,2.67,3.24,3.24,3.23,-4.54,[-5.61:-3.47],1,0.44,0.47,485-72-3,520-34-3,34368-04-2,122584-18-3,437-50-3,HKQYGTCOTHHOMP-UHFFFAOYSA-N,MBNGWHIJMBWFHU-UHFFFAOYSA-N,JRWZLRBJNMZMFE-UHFFFAOYSA-N,WZPIJXQLACAELC-UHFFFAOYSA-N,XOXYHGOIRWABTC-UHFFFAOYSA-N,DTXSID4022311,DTXSID80199966,DTXSID3022958,DTXSID40447031,DTXSID20195907,-4.13,-6.2,-4.34,-5.05,-2.93,-3.99,-3.96,-4.02,-4.05,-4.69,1.59,[1.32:1.86],1,0.39,0.66,131-57-7,119-93-7,80-05-7,101-77-9,83-79-4,DXGLGDHPHMLXJC-UHFFFAOYSA-N,NUIURNJTPRWVAP-UHFFFAOYSA-N,IISBACLAFKSPIT-UHFFFAOYSA-N,YBRVSVVVWCFQMG-UHFFFAOYSA-N,JUVIOZPCNVVQFO-UHFFFAOYSA-N,DTXSID3022405,DTXSID5024059,DTXSID7020182,DTXSID6022422,DTXSID6021248,1.97,1.67,1.64,1.18,1.41,1.47,1.48,1.68,1.57,1.48,0,1,0.480682941352989,0.585832973489021,119-90-4|,5809-23-4|,901-44-0|,43051-46-3|,482-05-3|,JRBJSXQPQWSCCF-UHFFFAOYSA-N,FQNKTJPBXAZUGC-UHFFFAOYSA-N,UUAGPGQUHZVJBQ-UHFFFAOYSA-N,OYTLLQHYKCEMGB-UHFFFAOYSA-N,GWZCCUDJHOGOSO-UHFFFAOYSA-N,DTXSID3025091|,DTXSID4027604|,DTXSID6029204|,DTXSID5068449|,DTXSID0060064|,0,0,0,0,1,0,0,0,0,0,-0.12,[-0.59:0.35],1,0.31,0.54,97-23-4,5124-25-4,119-47-1,80-05-7,60168-88-9,MDNWOSOZYLHTCG-UHFFFAOYSA-N,BBFRYSKTTHYWQZ-UHFFFAOYSA-N,KGRVJHAUYBGFFP-UHFFFAOYSA-N,IISBACLAFKSPIT-UHFFFAOYSA-N,NHOWDZOIZKMVAI-UHFFFAOYSA-N,DTXSID6021824,DTXSID8052148,DTXSID4020870,DTXSID7020182,DTXSID2032390,-0.51,-0.66,0.03,0.27,0.57,-0.43,-0.73,-0.24,-0.43,0.05,3.78,[2.81:4.75],1,0.4,0.43,56-53-1,154-23-4,42576-02-3,33629-47-9,72-43-5,RGLYKWWBQGJZGM-UHFFFAOYSA-N,PFTAWBLQPZVEMU-UHFFFAOYSA-N,SUSRORUBZHMPCO-UHFFFAOYSA-N,SPNQRCTZKIBOAX-UHFFFAOYSA-N,IAKOZHOLGAGEJT-UHFFFAOYSA-N,DTXSID3020465|,DTXSID3022322|,DTXSID1040320|,DTXSID3032337|,DTXSID9020827|,4.14,2.03,4,3.98,4.9,4.14,2.38,3.14,3.7,4.48
pathway_10,5.38,[4.33:6.43],1,0.55,0.56,70356-09-1,55994-24-6,NOCAS_875493,62298-52-6,850-92-0,XNEFYCZVKIDDMS-UHFFFAOYSA-N,ZOJDQSMWRPGNOE-UHFFFAOYSA-N,RVNPCUCLGXAVGA-UHFFFAOYSA-N,OMXFYKCGCDGYNC-UHFFFAOYSA-N,OMXFYKCGCDGYNC-UHFFFAOYSA-N,DTXSID9044829,DTXSID40878563,DTXSID60875493,DTXSID801036345,DTXSID801020310,6.1,5.96,6.54,3.88,4.3,5,5.76,6.32,4.3,4.3,-5.54,[-6.66:-4.42],1,0.44,0.47,14078-41-2,53201-62-0,122584-18-3,34368-04-2,485-72-3,CBYWHFTZNVZQHV-UHFFFAOYSA-N,WDNYOQDNYCWKPU-UHFFFAOYSA-N,WZPIJXQLACAELC-UHFFFAOYSA-N,JRWZLRBJNMZMFE-UHFFFAOYSA-N,HKQYGTCOTHHOMP-UHFFFAOYSA-N,DTXSID00930919,DTXSID701036304,DTXSID40447031,DTXSID3022958,DTXSID4022311,-6.78,-6.54,-5.05,-4.34,-4.13,-5.94,-4.27,-4.05,-4.02,-3.99,1.77,[1.02:2.52],0,0.35,0.49,83-79-4,119-93-7,80-05-7,1582-09-8,84-51-5,JUVIOZPCNVVQFO-UHFFFAOYSA-N,NUIURNJTPRWVAP-UHFFFAOYSA-N,IISBACLAFKSPIT-UHFFFAOYSA-N,ZSDSQXJSNMTJDA-UHFFFAOYSA-N,SJEBAWHUJDUKQK-UHFFFAOYSA-N,DTXSID6021248,DTXSID5024059,DTXSID7020182,DTXSID4021395,DTXSID5044994,1.41,1.67,1.64,3.36,0.98,1.48,1.48,1.68,2.16,1.63,0,1,0.502356270778843,0.751178135389421,119-90-4|,85954-11-6|,5809-23-4|,901-44-0|,834-12-8|,JRBJSXQPQWSCCF-UHFFFAOYSA-N,HRSLYNJTMYIRHM-UHFFFAOYSA-N,FQNKTJPBXAZUGC-UHFFFAOYSA-N,UUAGPGQUHZVJBQ-UHFFFAOYSA-N,RQVYBGPQFYCBGX-UHFFFAOYSA-N,DTXSID3025091|,|,DTXSID4027604|,DTXSID6029204|,DTXSID1023869|,0,0,0,0,0,0,0,0,0,0,-0.58,[-1.21:0.05],1,0.33,0.48,91-96-3,5124-25-4,119-47-1,125116-23-6,25311-71-1,CRRLDLPBQWRVGN-UHFFFAOYSA-N,BBFRYSKTTHYWQZ-UHFFFAOYSA-N,KGRVJHAUYBGFFP-UHFFFAOYSA-N,XWPZUHJBOLQNMN-UHFFFAOYSA-N,HOQADATXFBOEGG-UHFFFAOYSA-N,DTXSID5059034,DTXSID8052148,DTXSID4020870,DTXSID4034497,DTXSID8032417,-1.5,-0.66,0.03,0.23,-0.51,-0.49,-0.73,-0.24,0.4,0.07,4.06,[3.14:4.98],1,0.33,0.41,10453-86-8,52645-53-1,82558-50-7,66441-23-4,62924-70-3,VEMKTZHHVJILDY-UHFFFAOYSA-N,RLLPVAHGXHCWKJ-UHFFFAOYSA-N,PMHURSZHKKJGBM-UHFFFAOYSA-N,PQKBPHSEKWERTG-UHFFFAOYSA-N,PWNAWOCHVWERAR-UHFFFAOYSA-N,DTXSID7022253|,DTXSID8022292|,DTXSID8024159|,DTXSID2032392|,DTXSID7032553|,5,4.8,2.4,3.98,4,4.21,4.89,2.65,3.35,3.46
pathway_11,6.04,[5.57:6.51],1,0.63,0.68,49562-28-9,70356-09-1,NOCAS_875493,NOCAS_875494,10453-86-8,YMTINGFKWWXKFG-UHFFFAOYSA-N,XNEFYCZVKIDDMS-UHFFFAOYSA-N,RVNPCUCLGXAVGA-UHFFFAOYSA-N,OGYBKKCWCYZRSG-UHFFFAOYSA-N,VEMKTZHHVJILDY-UHFFFAOYSA-N,DTXSID2029874,DTXSID9044829,DTXSID60875493,DTXSID20875494,DTXSID7022253,5.3,6.1,6.54,6.48,6.14,5.25,5,6.32,6.04,5.8,-3.53,[-4.28:-2.78],1,0.42,0.53,6358-53-8,485-72-3,1491-59-4,437-50-3,518-29-6,GJUABKCEXOMRPQ-UHFFFAOYSA-N,HKQYGTCOTHHOMP-UHFFFAOYSA-N,WYWIFABBXFUGLM-UHFFFAOYSA-N,XOXYHGOIRWABTC-UHFFFAOYSA-N,HLBPOYVRLSXWJJ-UHFFFAOYSA-N,DTXSID6024838,DTXSID4022311,DTXSID3040691,DTXSID20195907,DTXSID10199732,-2.49,-4.13,-3.7,-2.93,-4.5,-3.66,-3.99,-3,-4.69,-4.86,1.75,[1.01:2.49],1,0.37,0.5,83-79-4,119-93-7,80-05-7,1582-09-8,84-51-5,JUVIOZPCNVVQFO-UHFFFAOYSA-N,NUIURNJTPRWVAP-UHFFFAOYSA-N,IISBACLAFKSPIT-UHFFFAOYSA-N,ZSDSQXJSNMTJDA-UHFFFAOYSA-N,SJEBAWHUJDUKQK-UHFFFAOYSA-N,DTXSID6021248,DTXSID5024059,DTXSID7020182,DTXSID4021395,DTXSID5044994,1.41,1.67,1.64,3.36,0.98,1.48,1.48,1.68,2.16,1.63,0,1,0.479769686018662,0.739884843009331,85954-11-6|,119-90-4|,834-12-8|,886-50-0|,16203-97-7|,HRSLYNJTMYIRHM-UHFFFAOYSA-N,JRBJSXQPQWSCCF-UHFFFAOYSA-N,RQVYBGPQFYCBGX-UHFFFAOYSA-N,IROINLKCQGIITA-UHFFFAOYSA-N,IPWOSICBVUXMML-UHFFFAOYSA-N,|,DTXSID3025091|,DTXSID1023869|,DTXSID3024318|,DTXSID20167301|,0,0,0,0,0,0,0,0,0,0,-0.59,[-1.15:-0.03],1,0.27,0.48,125116-23-6,66332-96-5,91-96-3,25311-71-1,5124-25-4,XWPZUHJBOLQNMN-UHFFFAOYSA-N,PTCGDEVVHUXTMP-UHFFFAOYSA-N,CRRLDLPBQWRVGN-UHFFFAOYSA-N,HOQADATXFBOEGG-UHFFFAOYSA-N,BBFRYSKTTHYWQZ-UHFFFAOYSA-N,DTXSID4034497,DTXSID8024109,DTXSID5059034,DTXSID8032417,DTXSID8052148,0.23,-0.61,-1.5,-0.51,-0.66,0.4,-0.34,-0.49,0.07,-0.73,5.54,[4.71:6.22],1,0.29,0.42,53-70-3,62924-70-3,239-64-5,82657-04-3,56-49-5,LHRCREOYAASXPZ-UHFFFAOYSA-N,PWNAWOCHVWERAR-UHFFFAOYSA-N,IUILSTHMSGDSHQ-UHFFFAOYSA-N,OMFRMAHOUUJSGP-UHFFFAOYSA-N,PPQNQXQZIWHJRB-UHFFFAOYSA-N,DTXSID9020409|,DTXSID7032553|,DTXSID9075373|,DTXSID9020160|,DTXSID0020862|,6.22,4,6.02,5.35,6.1,5.64,3.46,5.78,4.77,5.58
pathway_13,3.18,[2.93:3.43],1,0.54,0.67,480-40-0,NOCAS_877992,22071-15-4,520-36-5,5527-84-4,RTIXKCRFFJGDFG-UHFFFAOYSA-N,HIDUVANVUYTSAY-UHFFFAOYSA-N,DKYWVDODHFEZIM-UHFFFAOYSA-N,KZNIFHPLKGYRTM-UHFFFAOYSA-N,AGIKBILZJVNZNW-UHFFFAOYSA-N,DTXSID1022396,DTXSID60877992,DTXSID6020771,DTXSID6022391,DTXSID90877445,3.52,2.85,3.12,3.02,3.4,2.72,3.31,3.32,2.84,2.26,-4.19,[-5.23:-3.27],1,0.43,0.49,34368-04-2,128470-16-6,13392-18-2,552-58-9,520-34-3,JRWZLRBJNMZMFE-UHFFFAOYSA-N,IIRWWTKISYTTBL-UHFFFAOYSA-N,LSLYOANBFKQKPT-UHFFFAOYSA-N,SBHXYTNGIZCORC-UHFFFAOYSA-N,MBNGWHIJMBWFHU-UHFFFAOYSA-N,DTXSID3022958,DTXSID00155908,DTXSID4023046,DTXSID70877706,DTXSID80199966,-4.34,-3.58,-3.27,-3.62,-6.2,-4.02,-3.67,-3.54,-3.61,-3.96,1.75,[1.4:2.1],1,0.35,0.6,131-57-7,119-93-7,80-05-7,129-43-1,101-77-9,DXGLGDHPHMLXJC-UHFFFAOYSA-N,NUIURNJTPRWVAP-UHFFFAOYSA-N,IISBACLAFKSPIT-UHFFFAOYSA-N,BTLXPCBPYBNQNR-UHFFFAOYSA-N,YBRVSVVVWCFQMG-UHFFFAOYSA-N,DTXSID3022405,DTXSID5024059,DTXSID7020182,DTXSID1020722,DTXSID6022422,1.97,1.67,1.64,2.25,1.18,1.47,1.48,1.68,1.56,1.57,0,1,0.448645213891093,0.569814109758073,119-90-4|,43051-46-3|,482-05-3|,5809-23-4|,13710-19-5|,JRBJSXQPQWSCCF-UHFFFAOYSA-N,OYTLLQHYKCEMGB-UHFFFAOYSA-N,GWZCCUDJHOGOSO-UHFFFAOYSA-N,FQNKTJPBXAZUGC-UHFFFAOYSA-N,YEZNLOUZAIOMLT-UHFFFAOYSA-N,DTXSID3025091|,DTXSID5068449|,DTXSID0060064|,DTXSID4027604|,DTXSID1045409|,0,0,1,0,0,0,0,0,0,0,-0.24,[-0.57:0.09],0,0.25,0.57,97-23-4,80-05-7,5124-25-4,91-94-1,101-14-4,MDNWOSOZYLHTCG-UHFFFAOYSA-N,IISBACLAFKSPIT-UHFFFAOYSA-N,BBFRYSKTTHYWQZ-UHFFFAOYSA-N,HUWXDEQWWKGHRV-UHFFFAOYSA-N,IBOFVQJTBBUKMU-UHFFFAOYSA-N,DTXSID6021824,DTXSID7020182,DTXSID8052148,DTXSID6020432,DTXSID5020865,-0.51,0.27,-0.66,-0.13,-0.15,-0.43,-0.43,-0.73,-0.57,-0.29,3.39,[2.64:4.14],1,0.42,0.51,56-53-1,53-96-3,33629-47-9,154-23-4,2077-99-8,RGLYKWWBQGJZGM-UHFFFAOYSA-N,CZIHNRWJTSTCEX-UHFFFAOYSA-N,SPNQRCTZKIBOAX-UHFFFAOYSA-N,PFTAWBLQPZVEMU-UHFFFAOYSA-N,QXXIZJPWGJDHKR-UHFFFAOYSA-N,DTXSID3020465|,DTXSID0039227|,DTXSID3032337|,DTXSID3022322|,DTXSID90174840|,4.14,3.14,3.98,2.03,3.61,4.14,3.61,3.7,2.38,3.12
pathway_14,4.92,[3.99:5.85],1,0.48,0.5,27686-84-6,56-53-1,55994-24-6,93371-38-1,93371-56-3,HCZKYJDFEPMADG-UHFFFAOYSA-N,RGLYKWWBQGJZGM-UHFFFAOYSA-N,ZOJDQSMWRPGNOE-UHFFFAOYSA-N,DJNFWZGQBHCPMH-UHFFFAOYSA-N,CGPVNSFODJDABX-UHFFFAOYSA-N,DTXSID5045178,DTXSID3020465,DTXSID40878563,DTXSID30875041,DTXSID70875040,5.8,5.07,5.96,3.75,3.84,3.4,4.39,5.76,3.78,3.63,-3.95,[-4.35:-3.53],1,0.41,0.65,34368-04-2,27686-84-6,128470-16-6,27955-94-8,13392-18-2,JRWZLRBJNMZMFE-UHFFFAOYSA-N,HCZKYJDFEPMADG-UHFFFAOYSA-N,IIRWWTKISYTTBL-UHFFFAOYSA-N,BRPSWMCDEYMRPE-UHFFFAOYSA-N,LSLYOANBFKQKPT-UHFFFAOYSA-N,DTXSID3022958,DTXSID5045178,DTXSID00155908,DTXSID2037712,DTXSID4023046,-4.34,-4.35,-3.58,-4.09,-3.27,-4.02,-3.61,-3.67,-4,-3.54,1.93,[1.41:2.59],0,0.35,0.51,83-79-4,119-93-7,80-05-7,59722-76-8,1582-09-8,JUVIOZPCNVVQFO-UHFFFAOYSA-N,NUIURNJTPRWVAP-UHFFFAOYSA-N,IISBACLAFKSPIT-UHFFFAOYSA-N,NXLZYWCPIVGZKC-UHFFFAOYSA-N,ZSDSQXJSNMTJDA-UHFFFAOYSA-N,DTXSID6021248,DTXSID5024059,DTXSID7020182,DTXSID8069351,DTXSID4021395,1.41,1.67,1.64,2.05,3.36,1.48,1.48,1.68,1.34,2.16,0,1,0.474656024153411,0.737328012076706,119-90-4|,5809-23-4|,43051-46-3|,901-44-0|,91-96-3|,JRBJSXQPQWSCCF-UHFFFAOYSA-N,FQNKTJPBXAZUGC-UHFFFAOYSA-N,OYTLLQHYKCEMGB-UHFFFAOYSA-N,UUAGPGQUHZVJBQ-UHFFFAOYSA-N,CRRLDLPBQWRVGN-UHFFFAOYSA-N,DTXSID3025091|,DTXSID4027604|,DTXSID5068449|,DTXSID6029204|,DTXSID5059034|,0,0,0,0,0,0,0,0,0,0,-0.54,[-1.16:0.08],0,0.24,0.45,5124-25-4,91-96-3,119-47-1,97-23-4,80-05-7,BBFRYSKTTHYWQZ-UHFFFAOYSA-N,CRRLDLPBQWRVGN-UHFFFAOYSA-N,KGRVJHAUYBGFFP-UHFFFAOYSA-N,MDNWOSOZYLHTCG-UHFFFAOYSA-N,IISBACLAFKSPIT-UHFFFAOYSA-N,DTXSID8052148,DTXSID5059034,DTXSID4020870,DTXSID6021824,DTXSID7020182,-0.66,-1.5,0.03,-0.51,0.27,-0.73,-0.49,-0.24,-0.43,-0.43,4.21,[3.19:5],1,0.35,0.36,42874-03-3,82558-50-7,62924-70-3,10453-86-8,52645-53-1,OQMBBFQZGJFLBU-UHFFFAOYSA-N,PMHURSZHKKJGBM-UHFFFAOYSA-N,PWNAWOCHVWERAR-UHFFFAOYSA-N,VEMKTZHHVJILDY-UHFFFAOYSA-N,RLLPVAHGXHCWKJ-UHFFFAOYSA-N,DTXSID7024241|,DTXSID8024159|,DTXSID7032553|,DTXSID7022253|,DTXSID8022292|,5,2.4,4,5,4.8,3.65,2.65,3.46,4.21,4.89
