id,model,task,seed,score,evidence_type
glabridin,MapLight,AMES,1,0.2100241070766416,PREDICTED
alpha_arbutin,MapLight,AMES,1,0.20608865292765507,PREDICTED
niacinamide,MapLight,AMES,1,0.09461506131162946,PREDICTED
ascorbyl_glucoside,MapLight,AMES,1,0.19310911991942808,PREDICTED
kojic_acid,MapLight,AMES,1,0.16085275094605395,PREDICTED
beta_arbutin,MapLight,AMES,1,0.20608865292765507,PREDICTED
glycerin,MapLight,AMES,1,0.2449775032383656,PREDICTED
urea,MapLight,AMES,1,0.2006312189573074,PREDICTED
allantoin,MapLight,AMES,1,0.48813658727690973,PREDICTED
d_panthenol,MapLight,AMES,1,0.14508241030881025,PREDICTED
betaine,MapLight,AMES,1,0.08392725322988319,PREDICTED
caffeine,MapLight,AMES,1,0.18162618494766,PREDICTED
ascorbic_acid,MapLight,AMES,1,0.21952256984572802,PREDICTED
alpha_tocopherol,MapLight,AMES,1,0.03320652339888571,PREDICTED
l_lactic_acid,MapLight,AMES,1,0.09875826013855482,PREDICTED
salicylic_acid,MapLight,AMES,1,0.08821844442035469,PREDICTED
glabridin,MapLight+GIN,AMES,1,0.2724075094056236,PREDICTED
alpha_arbutin,MapLight+GIN,AMES,1,0.18686100957821142,PREDICTED
niacinamide,MapLight+GIN,AMES,1,0.08365393304102545,PREDICTED
ascorbyl_glucoside,MapLight+GIN,AMES,1,0.15094872969482714,PREDICTED
kojic_acid,MapLight+GIN,AMES,1,0.19790178677625006,PREDICTED
beta_arbutin,MapLight+GIN,AMES,1,0.1882727698487813,PREDICTED
glycerin,MapLight+GIN,AMES,1,0.13211383266175683,PREDICTED
urea,MapLight+GIN,AMES,1,0.13530969310751476,PREDICTED
allantoin,MapLight+GIN,AMES,1,0.3639140954592548,PREDICTED
d_panthenol,MapLight+GIN,AMES,1,0.19827748532875414,PREDICTED
betaine,MapLight+GIN,AMES,1,0.06314333562953332,PREDICTED
caffeine,MapLight+GIN,AMES,1,0.17904892694269295,PREDICTED
ascorbic_acid,MapLight+GIN,AMES,1,0.29659847797795535,PREDICTED
alpha_tocopherol,MapLight+GIN,AMES,1,0.04923456087224327,PREDICTED
l_lactic_acid,MapLight+GIN,AMES,1,0.09544734245004687,PREDICTED
salicylic_acid,MapLight+GIN,AMES,1,0.09857183126190759,PREDICTED
glabridin,MapLight,AMES,2,0.21124076328601263,PREDICTED
alpha_arbutin,MapLight,AMES,2,0.23113406563639272,PREDICTED
niacinamide,MapLight,AMES,2,0.112014694226299,PREDICTED
ascorbyl_glucoside,MapLight,AMES,2,0.2512097437333903,PREDICTED
kojic_acid,MapLight,AMES,2,0.1485990662400205,PREDICTED
beta_arbutin,MapLight,AMES,2,0.23113406563639272,PREDICTED
glycerin,MapLight,AMES,2,0.19907790773733638,PREDICTED
urea,MapLight,AMES,2,0.22620949678540667,PREDICTED
allantoin,MapLight,AMES,2,0.44588426477772325,PREDICTED
d_panthenol,MapLight,AMES,2,0.1386756414797276,PREDICTED
betaine,MapLight,AMES,2,0.11256796547153712,PREDICTED
caffeine,MapLight,AMES,2,0.24442460345519754,PREDICTED
ascorbic_acid,MapLight,AMES,2,0.16643331418324028,PREDICTED
alpha_tocopherol,MapLight,AMES,2,0.0440136733665227,PREDICTED
l_lactic_acid,MapLight,AMES,2,0.10508177576076237,PREDICTED
salicylic_acid,MapLight,AMES,2,0.08442989239748458,PREDICTED
glabridin,MapLight+GIN,AMES,2,0.2104873234928002,PREDICTED
alpha_arbutin,MapLight+GIN,AMES,2,0.18853730701186097,PREDICTED
niacinamide,MapLight+GIN,AMES,2,0.0933600719001716,PREDICTED
ascorbyl_glucoside,MapLight+GIN,AMES,2,0.19617509601554273,PREDICTED
kojic_acid,MapLight+GIN,AMES,2,0.16674117930055996,PREDICTED
beta_arbutin,MapLight+GIN,AMES,2,0.1353200954147136,PREDICTED
glycerin,MapLight+GIN,AMES,2,0.1383102399953191,PREDICTED
urea,MapLight+GIN,AMES,2,0.12091982227225809,PREDICTED
allantoin,MapLight+GIN,AMES,2,0.2911413626712109,PREDICTED
d_panthenol,MapLight+GIN,AMES,2,0.2094257113640359,PREDICTED
betaine,MapLight+GIN,AMES,2,0.09183640672949203,PREDICTED
caffeine,MapLight+GIN,AMES,2,0.16303475164021008,PREDICTED
ascorbic_acid,MapLight+GIN,AMES,2,0.32563576146609025,PREDICTED
alpha_tocopherol,MapLight+GIN,AMES,2,0.05082602964013747,PREDICTED
l_lactic_acid,MapLight+GIN,AMES,2,0.10101411676195168,PREDICTED
salicylic_acid,MapLight+GIN,AMES,2,0.08353778989817112,PREDICTED
glabridin,MapLight,AMES,3,0.15093492568438394,PREDICTED
alpha_arbutin,MapLight,AMES,3,0.19381932775838404,PREDICTED
niacinamide,MapLight,AMES,3,0.1130398906243878,PREDICTED
ascorbyl_glucoside,MapLight,AMES,3,0.18432839046331095,PREDICTED
kojic_acid,MapLight,AMES,3,0.2045083026689697,PREDICTED
beta_arbutin,MapLight,AMES,3,0.19381932775838404,PREDICTED
glycerin,MapLight,AMES,3,0.23732813543073986,PREDICTED
urea,MapLight,AMES,3,0.23065135557330116,PREDICTED
allantoin,MapLight,AMES,3,0.4561450807707341,PREDICTED
d_panthenol,MapLight,AMES,3,0.151756597085424,PREDICTED
betaine,MapLight,AMES,3,0.10100029793380386,PREDICTED
caffeine,MapLight,AMES,3,0.2089599824156852,PREDICTED
ascorbic_acid,MapLight,AMES,3,0.24313594617170908,PREDICTED
alpha_tocopherol,MapLight,AMES,3,0.04462403022797666,PREDICTED
l_lactic_acid,MapLight,AMES,3,0.09279761063610076,PREDICTED
salicylic_acid,MapLight,AMES,3,0.07971713051519716,PREDICTED
glabridin,MapLight+GIN,AMES,3,0.1793465552324379,PREDICTED
alpha_arbutin,MapLight+GIN,AMES,3,0.20804576889510062,PREDICTED
niacinamide,MapLight+GIN,AMES,3,0.08788767086545116,PREDICTED
ascorbyl_glucoside,MapLight+GIN,AMES,3,0.16029549721263844,PREDICTED
kojic_acid,MapLight+GIN,AMES,3,0.19330008943068072,PREDICTED
beta_arbutin,MapLight+GIN,AMES,3,0.25735266838761445,PREDICTED
glycerin,MapLight+GIN,AMES,3,0.09534129922235601,PREDICTED
urea,MapLight+GIN,AMES,3,0.14334442091554422,PREDICTED
allantoin,MapLight+GIN,AMES,3,0.4017359796338286,PREDICTED
d_panthenol,MapLight+GIN,AMES,3,0.1817812729376305,PREDICTED
betaine,MapLight+GIN,AMES,3,0.05609938456441861,PREDICTED
caffeine,MapLight+GIN,AMES,3,0.1859831186467071,PREDICTED
ascorbic_acid,MapLight+GIN,AMES,3,0.3001574086075249,PREDICTED
alpha_tocopherol,MapLight+GIN,AMES,3,0.040457757948253674,PREDICTED
l_lactic_acid,MapLight+GIN,AMES,3,0.10218401175503873,PREDICTED
salicylic_acid,MapLight+GIN,AMES,3,0.08786842091743625,PREDICTED
glabridin,MapLight,AMES,4,0.2613362884502469,PREDICTED
alpha_arbutin,MapLight,AMES,4,0.2016994821630092,PREDICTED
niacinamide,MapLight,AMES,4,0.11000369003572238,PREDICTED
ascorbyl_glucoside,MapLight,AMES,4,0.21999391120971834,PREDICTED
kojic_acid,MapLight,AMES,4,0.1653254827851475,PREDICTED
beta_arbutin,MapLight,AMES,4,0.2016994821630092,PREDICTED
glycerin,MapLight,AMES,4,0.1896613155623698,PREDICTED
urea,MapLight,AMES,4,0.225584479765098,PREDICTED
allantoin,MapLight,AMES,4,0.4541742775947395,PREDICTED
d_panthenol,MapLight,AMES,4,0.1476415679972013,PREDICTED
betaine,MapLight,AMES,4,0.09188876079786672,PREDICTED
caffeine,MapLight,AMES,4,0.17540548919519497,PREDICTED
ascorbic_acid,MapLight,AMES,4,0.2234195936713419,PREDICTED
alpha_tocopherol,MapLight,AMES,4,0.06127073742912846,PREDICTED
l_lactic_acid,MapLight,AMES,4,0.09649281291998961,PREDICTED
salicylic_acid,MapLight,AMES,4,0.09160463615759863,PREDICTED
glabridin,MapLight+GIN,AMES,4,0.21786194771139644,PREDICTED
alpha_arbutin,MapLight+GIN,AMES,4,0.19296931501235742,PREDICTED
niacinamide,MapLight+GIN,AMES,4,0.07987920730351275,PREDICTED
ascorbyl_glucoside,MapLight+GIN,AMES,4,0.2026670134682468,PREDICTED
kojic_acid,MapLight+GIN,AMES,4,0.18786265804155056,PREDICTED
beta_arbutin,MapLight+GIN,AMES,4,0.17246507140063744,PREDICTED
glycerin,MapLight+GIN,AMES,4,0.10604550963226167,PREDICTED
urea,MapLight+GIN,AMES,4,0.13911955472454365,PREDICTED
allantoin,MapLight+GIN,AMES,4,0.3909762818236594,PREDICTED
d_panthenol,MapLight+GIN,AMES,4,0.2051620703461656,PREDICTED
betaine,MapLight+GIN,AMES,4,0.062288449692835805,PREDICTED
caffeine,MapLight+GIN,AMES,4,0.20623965945594797,PREDICTED
ascorbic_acid,MapLight+GIN,AMES,4,0.3345640463343731,PREDICTED
alpha_tocopherol,MapLight+GIN,AMES,4,0.031833470516573405,PREDICTED
l_lactic_acid,MapLight+GIN,AMES,4,0.09487017203037013,PREDICTED
salicylic_acid,MapLight+GIN,AMES,4,0.10482681542033516,PREDICTED
glabridin,MapLight,AMES,5,0.252320161822209,PREDICTED
alpha_arbutin,MapLight,AMES,5,0.22805824532982222,PREDICTED
niacinamide,MapLight,AMES,5,0.10628081973344912,PREDICTED
ascorbyl_glucoside,MapLight,AMES,5,0.14684152888056637,PREDICTED
kojic_acid,MapLight,AMES,5,0.19312363078363953,PREDICTED
beta_arbutin,MapLight,AMES,5,0.22805824532982222,PREDICTED
glycerin,MapLight,AMES,5,0.22026095196043138,PREDICTED
urea,MapLight,AMES,5,0.20951936184926115,PREDICTED
allantoin,MapLight,AMES,5,0.5284979465386448,PREDICTED
d_panthenol,MapLight,AMES,5,0.1396202523039668,PREDICTED
betaine,MapLight,AMES,5,0.07717917961828026,PREDICTED
caffeine,MapLight,AMES,5,0.20022536320367307,PREDICTED
ascorbic_acid,MapLight,AMES,5,0.20589563389124932,PREDICTED
alpha_tocopherol,MapLight,AMES,5,0.04576480072316544,PREDICTED
l_lactic_acid,MapLight,AMES,5,0.08521877802341424,PREDICTED
salicylic_acid,MapLight,AMES,5,0.07815829587513605,PREDICTED
glabridin,MapLight+GIN,AMES,5,0.21609405148198227,PREDICTED
alpha_arbutin,MapLight+GIN,AMES,5,0.19200388147346464,PREDICTED
niacinamide,MapLight+GIN,AMES,5,0.0720089495873015,PREDICTED
ascorbyl_glucoside,MapLight+GIN,AMES,5,0.17272446415018444,PREDICTED
kojic_acid,MapLight+GIN,AMES,5,0.1878601491575387,PREDICTED
beta_arbutin,MapLight+GIN,AMES,5,0.18923355736790995,PREDICTED
glycerin,MapLight+GIN,AMES,5,0.108264779848048,PREDICTED
urea,MapLight+GIN,AMES,5,0.13444928556079794,PREDICTED
allantoin,MapLight+GIN,AMES,5,0.3809304643211673,PREDICTED
d_panthenol,MapLight+GIN,AMES,5,0.25081318971832106,PREDICTED
betaine,MapLight+GIN,AMES,5,0.05640953646743635,PREDICTED
caffeine,MapLight+GIN,AMES,5,0.22024402326045664,PREDICTED
ascorbic_acid,MapLight+GIN,AMES,5,0.2887734796963009,PREDICTED
alpha_tocopherol,MapLight+GIN,AMES,5,0.03864842526398727,PREDICTED
l_lactic_acid,MapLight+GIN,AMES,5,0.08638085867782447,PREDICTED
salicylic_acid,MapLight+GIN,AMES,5,0.10531347684179333,PREDICTED
