model,bin_lower,bin_upper,n,mean_score,observed_positive_fraction
MapLight,0.0,0.1,79,0.06789236399182974,0.06329113924050633
MapLight,0.1,0.2,134,0.15299056041976608,0.1791044776119403
MapLight,0.2,0.3,131,0.24789487646283986,0.2366412213740458
MapLight,0.3,0.4,112,0.34918478876495707,0.2767857142857143
MapLight,0.4,0.5,119,0.4533170464034616,0.40336134453781514
MapLight,0.5,0.6,81,0.5555694676683375,0.5432098765432098
MapLight,0.6,0.7,125,0.6536425301020456,0.64
MapLight,0.7,0.8,168,0.7496091172920497,0.8333333333333334
MapLight,0.8,0.9,258,0.8551220881799758,0.8798449612403101
MapLight,0.9,1.0,250,0.9391135439722208,0.96
MapLight＋GIN,0.0,0.1,78,0.07491759516708683,0.07692307692307693
MapLight＋GIN,0.1,0.2,127,0.14816919635020442,0.13385826771653545
MapLight＋GIN,0.2,0.3,131,0.24842086823802823,0.2366412213740458
MapLight＋GIN,0.3,0.4,120,0.3478514501371433,0.275
MapLight＋GIN,0.4,0.5,122,0.4553480020854714,0.4344262295081967
MapLight＋GIN,0.5,0.6,89,0.5507891129975915,0.5280898876404494
MapLight＋GIN,0.6,0.7,125,0.6534688456018687,0.736
MapLight＋GIN,0.7,0.8,175,0.7521832442920463,0.7771428571428571
MapLight＋GIN,0.8,0.9,253,0.8567070026933573,0.8893280632411067
MapLight＋GIN,0.9,1.0,237,0.9385447424484372,0.9704641350210971
