doi,sheet,condition,time_h,compound_id,replicate,concentration_mg_L,source_excel_row,source_excel_column,evidence_type
10.1038/s41467-026-68881-8,Fig. 4d,NhPDA1 多路径体系,36.0,13,1,1.3,4,3,EXTERNAL_LITERATURE_MEASURED
10.1038/s41467-026-68881-8,Fig. 4d,NhPDA1 多路径体系,36.0,13,2,1.0,4,4,EXTERNAL_LITERATURE_MEASURED
10.1038/s41467-026-68881-8,Fig. 4d,NhPDA1 多路径体系,36.0,13,3,1.0,4,5,EXTERNAL_LITERATURE_MEASURED
10.1038/s41467-026-68881-8,Fig. 4d,NhPDA1 多路径体系,36.0,9,1,11.2,4,6,EXTERNAL_LITERATURE_MEASURED
10.1038/s41467-026-68881-8,Fig. 4d,NhPDA1 多路径体系,36.0,9,2,11.2,4,7,EXTERNAL_LITERATURE_MEASURED
10.1038/s41467-026-68881-8,Fig. 4d,NhPDA1 多路径体系,36.0,9,3,11.8,4,8,EXTERNAL_LITERATURE_MEASURED
10.1038/s41467-026-68881-8,Fig. 4d,NhPDA1 多路径体系,36.0,14,1,0.0,4,9,EXTERNAL_LITERATURE_MEASURED
10.1038/s41467-026-68881-8,Fig. 4d,NhPDA1 多路径体系,36.0,14,2,0.0,4,10,EXTERNAL_LITERATURE_MEASURED
10.1038/s41467-026-68881-8,Fig. 4d,NhPDA1 多路径体系,36.0,14,3,0.0,4,11,EXTERNAL_LITERATURE_MEASURED
10.1038/s41467-026-68881-8,Fig. 4d,NhPDA1 多路径体系,36.0,10,1,1.6,4,12,EXTERNAL_LITERATURE_MEASURED
10.1038/s41467-026-68881-8,Fig. 4d,NhPDA1 多路径体系,36.0,10,2,1.5,4,13,EXTERNAL_LITERATURE_MEASURED
10.1038/s41467-026-68881-8,Fig. 4d,NhPDA1 多路径体系,36.0,10,3,1.7,4,14,EXTERNAL_LITERATURE_MEASURED
10.1038/s41467-026-68881-8,Fig. 4d,NhPDA1 多路径体系,36.0,15,1,0.0,4,15,EXTERNAL_LITERATURE_MEASURED
10.1038/s41467-026-68881-8,Fig. 4d,NhPDA1 多路径体系,36.0,15,2,0.0,4,16,EXTERNAL_LITERATURE_MEASURED
10.1038/s41467-026-68881-8,Fig. 4d,NhPDA1 多路径体系,36.0,15,3,0.0,4,17,EXTERNAL_LITERATURE_MEASURED
10.1038/s41467-026-68881-8,Fig. 4d,NhPDA1 多路径体系,36.0,11,1,0.0,4,18,EXTERNAL_LITERATURE_MEASURED
10.1038/s41467-026-68881-8,Fig. 4d,NhPDA1 多路径体系,36.0,11,2,0.0,4,19,EXTERNAL_LITERATURE_MEASURED
10.1038/s41467-026-68881-8,Fig. 4d,NhPDA1 多路径体系,36.0,11,3,0.0,4,20,EXTERNAL_LITERATURE_MEASURED
10.1038/s41467-026-68881-8,Fig. 4d,NhPDA1 多路径体系,48.0,13,1,1.9,5,3,EXTERNAL_LITERATURE_MEASURED
10.1038/s41467-026-68881-8,Fig. 4d,NhPDA1 多路径体系,48.0,13,2,1.7,5,4,EXTERNAL_LITERATURE_MEASURED
10.1038/s41467-026-68881-8,Fig. 4d,NhPDA1 多路径体系,48.0,13,3,1.9,5,5,EXTERNAL_LITERATURE_MEASURED
10.1038/s41467-026-68881-8,Fig. 4d,NhPDA1 多路径体系,48.0,9,1,0.3,5,6,EXTERNAL_LITERATURE_MEASURED
10.1038/s41467-026-68881-8,Fig. 4d,NhPDA1 多路径体系,48.0,9,2,0.6,5,7,EXTERNAL_LITERATURE_MEASURED
10.1038/s41467-026-68881-8,Fig. 4d,NhPDA1 多路径体系,48.0,9,3,0.8,5,8,EXTERNAL_LITERATURE_MEASURED
10.1038/s41467-026-68881-8,Fig. 4d,NhPDA1 多路径体系,48.0,14,1,0.0,5,9,EXTERNAL_LITERATURE_MEASURED
10.1038/s41467-026-68881-8,Fig. 4d,NhPDA1 多路径体系,48.0,14,2,0.0,5,10,EXTERNAL_LITERATURE_MEASURED
10.1038/s41467-026-68881-8,Fig. 4d,NhPDA1 多路径体系,48.0,14,3,0.0,5,11,EXTERNAL_LITERATURE_MEASURED
10.1038/s41467-026-68881-8,Fig. 4d,NhPDA1 多路径体系,48.0,10,1,6.8,5,12,EXTERNAL_LITERATURE_MEASURED
10.1038/s41467-026-68881-8,Fig. 4d,NhPDA1 多路径体系,48.0,10,2,7.1,5,13,EXTERNAL_LITERATURE_MEASURED
10.1038/s41467-026-68881-8,Fig. 4d,NhPDA1 多路径体系,48.0,10,3,,5,14,EXTERNAL_LITERATURE_MEASURED
10.1038/s41467-026-68881-8,Fig. 4d,NhPDA1 多路径体系,48.0,15,1,0.0,5,15,EXTERNAL_LITERATURE_MEASURED
10.1038/s41467-026-68881-8,Fig. 4d,NhPDA1 多路径体系,48.0,15,2,0.0,5,16,EXTERNAL_LITERATURE_MEASURED
10.1038/s41467-026-68881-8,Fig. 4d,NhPDA1 多路径体系,48.0,15,3,0.0,5,17,EXTERNAL_LITERATURE_MEASURED
10.1038/s41467-026-68881-8,Fig. 4d,NhPDA1 多路径体系,48.0,11,1,0.0,5,18,EXTERNAL_LITERATURE_MEASURED
10.1038/s41467-026-68881-8,Fig. 4d,NhPDA1 多路径体系,48.0,11,2,0.0,5,19,EXTERNAL_LITERATURE_MEASURED
10.1038/s41467-026-68881-8,Fig. 4d,NhPDA1 多路径体系,48.0,11,3,0.0,5,20,EXTERNAL_LITERATURE_MEASURED
10.1038/s41467-026-68881-8,Fig. 4d,NhPDA1 多路径体系,72.0,13,1,0.9,6,3,EXTERNAL_LITERATURE_MEASURED
10.1038/s41467-026-68881-8,Fig. 4d,NhPDA1 多路径体系,72.0,13,2,1.2,6,4,EXTERNAL_LITERATURE_MEASURED
10.1038/s41467-026-68881-8,Fig. 4d,NhPDA1 多路径体系,72.0,13,3,1.1,6,5,EXTERNAL_LITERATURE_MEASURED
10.1038/s41467-026-68881-8,Fig. 4d,NhPDA1 多路径体系,72.0,9,1,0.0,6,6,EXTERNAL_LITERATURE_MEASURED
10.1038/s41467-026-68881-8,Fig. 4d,NhPDA1 多路径体系,72.0,9,2,0.0,6,7,EXTERNAL_LITERATURE_MEASURED
10.1038/s41467-026-68881-8,Fig. 4d,NhPDA1 多路径体系,72.0,9,3,0.0,6,8,EXTERNAL_LITERATURE_MEASURED
10.1038/s41467-026-68881-8,Fig. 4d,NhPDA1 多路径体系,72.0,14,1,2.9,6,9,EXTERNAL_LITERATURE_MEASURED
10.1038/s41467-026-68881-8,Fig. 4d,NhPDA1 多路径体系,72.0,14,2,2.2,6,10,EXTERNAL_LITERATURE_MEASURED
10.1038/s41467-026-68881-8,Fig. 4d,NhPDA1 多路径体系,72.0,14,3,2.3,6,11,EXTERNAL_LITERATURE_MEASURED
10.1038/s41467-026-68881-8,Fig. 4d,NhPDA1 多路径体系,72.0,10,1,10.5,6,12,EXTERNAL_LITERATURE_MEASURED
10.1038/s41467-026-68881-8,Fig. 4d,NhPDA1 多路径体系,72.0,10,2,10.9,6,13,EXTERNAL_LITERATURE_MEASURED
10.1038/s41467-026-68881-8,Fig. 4d,NhPDA1 多路径体系,72.0,10,3,10.4,6,14,EXTERNAL_LITERATURE_MEASURED
10.1038/s41467-026-68881-8,Fig. 4d,NhPDA1 多路径体系,72.0,15,1,0.7,6,15,EXTERNAL_LITERATURE_MEASURED
10.1038/s41467-026-68881-8,Fig. 4d,NhPDA1 多路径体系,72.0,15,2,0.6,6,16,EXTERNAL_LITERATURE_MEASURED
10.1038/s41467-026-68881-8,Fig. 4d,NhPDA1 多路径体系,72.0,15,3,0.5,6,17,EXTERNAL_LITERATURE_MEASURED
10.1038/s41467-026-68881-8,Fig. 4d,NhPDA1 多路径体系,72.0,11,1,0.7,6,18,EXTERNAL_LITERATURE_MEASURED
10.1038/s41467-026-68881-8,Fig. 4d,NhPDA1 多路径体系,72.0,11,2,0.7,6,19,EXTERNAL_LITERATURE_MEASURED
10.1038/s41467-026-68881-8,Fig. 4d,NhPDA1 多路径体系,72.0,11,3,0.5,6,20,EXTERNAL_LITERATURE_MEASURED
10.1038/s41467-026-68881-8,Fig. 4d,NhPDA1 多路径体系,96.0,13,1,0.6,7,3,EXTERNAL_LITERATURE_MEASURED
10.1038/s41467-026-68881-8,Fig. 4d,NhPDA1 多路径体系,96.0,13,2,0.6,7,4,EXTERNAL_LITERATURE_MEASURED
10.1038/s41467-026-68881-8,Fig. 4d,NhPDA1 多路径体系,96.0,13,3,0.6,7,5,EXTERNAL_LITERATURE_MEASURED
10.1038/s41467-026-68881-8,Fig. 4d,NhPDA1 多路径体系,96.0,9,1,0.0,7,6,EXTERNAL_LITERATURE_MEASURED
10.1038/s41467-026-68881-8,Fig. 4d,NhPDA1 多路径体系,96.0,9,2,0.0,7,7,EXTERNAL_LITERATURE_MEASURED
10.1038/s41467-026-68881-8,Fig. 4d,NhPDA1 多路径体系,96.0,9,3,0.0,7,8,EXTERNAL_LITERATURE_MEASURED
10.1038/s41467-026-68881-8,Fig. 4d,NhPDA1 多路径体系,96.0,14,1,5.1,7,9,EXTERNAL_LITERATURE_MEASURED
10.1038/s41467-026-68881-8,Fig. 4d,NhPDA1 多路径体系,96.0,14,2,4.3,7,10,EXTERNAL_LITERATURE_MEASURED
10.1038/s41467-026-68881-8,Fig. 4d,NhPDA1 多路径体系,96.0,14,3,5.5,7,11,EXTERNAL_LITERATURE_MEASURED
10.1038/s41467-026-68881-8,Fig. 4d,NhPDA1 多路径体系,96.0,10,1,8.9,7,12,EXTERNAL_LITERATURE_MEASURED
10.1038/s41467-026-68881-8,Fig. 4d,NhPDA1 多路径体系,96.0,10,2,8.6,7,13,EXTERNAL_LITERATURE_MEASURED
10.1038/s41467-026-68881-8,Fig. 4d,NhPDA1 多路径体系,96.0,10,3,12.1,7,14,EXTERNAL_LITERATURE_MEASURED
10.1038/s41467-026-68881-8,Fig. 4d,NhPDA1 多路径体系,96.0,15,1,1.1,7,15,EXTERNAL_LITERATURE_MEASURED
10.1038/s41467-026-68881-8,Fig. 4d,NhPDA1 多路径体系,96.0,15,2,0.8,7,16,EXTERNAL_LITERATURE_MEASURED
10.1038/s41467-026-68881-8,Fig. 4d,NhPDA1 多路径体系,96.0,15,3,1.1,7,17,EXTERNAL_LITERATURE_MEASURED
10.1038/s41467-026-68881-8,Fig. 4d,NhPDA1 多路径体系,96.0,11,1,0.9,7,18,EXTERNAL_LITERATURE_MEASURED
10.1038/s41467-026-68881-8,Fig. 4d,NhPDA1 多路径体系,96.0,11,2,0.7,7,19,EXTERNAL_LITERATURE_MEASURED
10.1038/s41467-026-68881-8,Fig. 4d,NhPDA1 多路径体系,96.0,11,3,0.9,7,20,EXTERNAL_LITERATURE_MEASURED
10.1038/s41467-026-68881-8,Fig. 4d,NhPDA1 多路径体系,120.0,13,1,0.6,8,3,EXTERNAL_LITERATURE_MEASURED
10.1038/s41467-026-68881-8,Fig. 4d,NhPDA1 多路径体系,120.0,13,2,0.6,8,4,EXTERNAL_LITERATURE_MEASURED
10.1038/s41467-026-68881-8,Fig. 4d,NhPDA1 多路径体系,120.0,13,3,0.5,8,5,EXTERNAL_LITERATURE_MEASURED
10.1038/s41467-026-68881-8,Fig. 4d,NhPDA1 多路径体系,120.0,9,1,0.0,8,6,EXTERNAL_LITERATURE_MEASURED
10.1038/s41467-026-68881-8,Fig. 4d,NhPDA1 多路径体系,120.0,9,2,0.0,8,7,EXTERNAL_LITERATURE_MEASURED
10.1038/s41467-026-68881-8,Fig. 4d,NhPDA1 多路径体系,120.0,9,3,0.0,8,8,EXTERNAL_LITERATURE_MEASURED
10.1038/s41467-026-68881-8,Fig. 4d,NhPDA1 多路径体系,120.0,14,1,3.6,8,9,EXTERNAL_LITERATURE_MEASURED
10.1038/s41467-026-68881-8,Fig. 4d,NhPDA1 多路径体系,120.0,14,2,3.7,8,10,EXTERNAL_LITERATURE_MEASURED
10.1038/s41467-026-68881-8,Fig. 4d,NhPDA1 多路径体系,120.0,14,3,3.7,8,11,EXTERNAL_LITERATURE_MEASURED
10.1038/s41467-026-68881-8,Fig. 4d,NhPDA1 多路径体系,120.0,10,1,6.0,8,12,EXTERNAL_LITERATURE_MEASURED
10.1038/s41467-026-68881-8,Fig. 4d,NhPDA1 多路径体系,120.0,10,2,6.6,8,13,EXTERNAL_LITERATURE_MEASURED
10.1038/s41467-026-68881-8,Fig. 4d,NhPDA1 多路径体系,120.0,10,3,6.5,8,14,EXTERNAL_LITERATURE_MEASURED
10.1038/s41467-026-68881-8,Fig. 4d,NhPDA1 多路径体系,120.0,15,1,1.0,8,15,EXTERNAL_LITERATURE_MEASURED
10.1038/s41467-026-68881-8,Fig. 4d,NhPDA1 多路径体系,120.0,15,2,0.9,8,16,EXTERNAL_LITERATURE_MEASURED
10.1038/s41467-026-68881-8,Fig. 4d,NhPDA1 多路径体系,120.0,15,3,0.9,8,17,EXTERNAL_LITERATURE_MEASURED
10.1038/s41467-026-68881-8,Fig. 4d,NhPDA1 多路径体系,120.0,11,1,1.1,8,18,EXTERNAL_LITERATURE_MEASURED
10.1038/s41467-026-68881-8,Fig. 4d,NhPDA1 多路径体系,120.0,11,2,1.0,8,19,EXTERNAL_LITERATURE_MEASURED
10.1038/s41467-026-68881-8,Fig. 4d,NhPDA1 多路径体系,120.0,11,3,0.9,8,20,EXTERNAL_LITERATURE_MEASURED
10.1038/s41467-026-68881-8,Fig. 4e,GgDMT1 单路径体系,24.25,9,1,15.66,4,3,EXTERNAL_LITERATURE_MEASURED
10.1038/s41467-026-68881-8,Fig. 4e,GgDMT1 单路径体系,24.25,9,2,13.322,4,4,EXTERNAL_LITERATURE_MEASURED
10.1038/s41467-026-68881-8,Fig. 4e,GgDMT1 单路径体系,24.25,9,3,13.739,4,5,EXTERNAL_LITERATURE_MEASURED
10.1038/s41467-026-68881-8,Fig. 4e,GgDMT1 单路径体系,24.25,13,1,3.616,4,6,EXTERNAL_LITERATURE_MEASURED
10.1038/s41467-026-68881-8,Fig. 4e,GgDMT1 单路径体系,24.25,13,2,3.688,4,7,EXTERNAL_LITERATURE_MEASURED
10.1038/s41467-026-68881-8,Fig. 4e,GgDMT1 单路径体系,24.25,13,3,3.508,4,8,EXTERNAL_LITERATURE_MEASURED
10.1038/s41467-026-68881-8,Fig. 4e,GgDMT1 单路径体系,24.25,14,1,0.0,4,9,EXTERNAL_LITERATURE_MEASURED
10.1038/s41467-026-68881-8,Fig. 4e,GgDMT1 单路径体系,24.25,14,2,0.0,4,10,EXTERNAL_LITERATURE_MEASURED
10.1038/s41467-026-68881-8,Fig. 4e,GgDMT1 单路径体系,24.25,14,3,0.0,4,11,EXTERNAL_LITERATURE_MEASURED
10.1038/s41467-026-68881-8,Fig. 4e,GgDMT1 单路径体系,24.25,15,1,0.0,4,12,EXTERNAL_LITERATURE_MEASURED
10.1038/s41467-026-68881-8,Fig. 4e,GgDMT1 单路径体系,24.25,15,2,0.0,4,13,EXTERNAL_LITERATURE_MEASURED
10.1038/s41467-026-68881-8,Fig. 4e,GgDMT1 单路径体系,24.25,15,3,0.0,4,14,EXTERNAL_LITERATURE_MEASURED
10.1038/s41467-026-68881-8,Fig. 4e,GgDMT1 单路径体系,24.5,9,1,13.621,5,3,EXTERNAL_LITERATURE_MEASURED
10.1038/s41467-026-68881-8,Fig. 4e,GgDMT1 单路径体系,24.5,9,2,13.1,5,4,EXTERNAL_LITERATURE_MEASURED
10.1038/s41467-026-68881-8,Fig. 4e,GgDMT1 单路径体系,24.5,9,3,12.773,5,5,EXTERNAL_LITERATURE_MEASURED
10.1038/s41467-026-68881-8,Fig. 4e,GgDMT1 单路径体系,24.5,13,1,5.043,5,6,EXTERNAL_LITERATURE_MEASURED
10.1038/s41467-026-68881-8,Fig. 4e,GgDMT1 单路径体系,24.5,13,2,5.519,5,7,EXTERNAL_LITERATURE_MEASURED
10.1038/s41467-026-68881-8,Fig. 4e,GgDMT1 单路径体系,24.5,13,3,5.368,5,8,EXTERNAL_LITERATURE_MEASURED
10.1038/s41467-026-68881-8,Fig. 4e,GgDMT1 单路径体系,24.5,14,1,0.0,5,9,EXTERNAL_LITERATURE_MEASURED
10.1038/s41467-026-68881-8,Fig. 4e,GgDMT1 单路径体系,24.5,14,2,0.0,5,10,EXTERNAL_LITERATURE_MEASURED
10.1038/s41467-026-68881-8,Fig. 4e,GgDMT1 单路径体系,24.5,14,3,0.0,5,11,EXTERNAL_LITERATURE_MEASURED
10.1038/s41467-026-68881-8,Fig. 4e,GgDMT1 单路径体系,24.5,15,1,0.0,5,12,EXTERNAL_LITERATURE_MEASURED
10.1038/s41467-026-68881-8,Fig. 4e,GgDMT1 单路径体系,24.5,15,2,0.0,5,13,EXTERNAL_LITERATURE_MEASURED
10.1038/s41467-026-68881-8,Fig. 4e,GgDMT1 单路径体系,24.5,15,3,0.0,5,14,EXTERNAL_LITERATURE_MEASURED
10.1038/s41467-026-68881-8,Fig. 4e,GgDMT1 单路径体系,25.0,9,1,9.909,6,3,EXTERNAL_LITERATURE_MEASURED
10.1038/s41467-026-68881-8,Fig. 4e,GgDMT1 单路径体系,25.0,9,2,7.785,6,4,EXTERNAL_LITERATURE_MEASURED
10.1038/s41467-026-68881-8,Fig. 4e,GgDMT1 单路径体系,25.0,9,3,7.386,6,5,EXTERNAL_LITERATURE_MEASURED
10.1038/s41467-026-68881-8,Fig. 4e,GgDMT1 单路径体系,25.0,13,1,8.32,6,6,EXTERNAL_LITERATURE_MEASURED
10.1038/s41467-026-68881-8,Fig. 4e,GgDMT1 单路径体系,25.0,13,2,9.07,6,7,EXTERNAL_LITERATURE_MEASURED
10.1038/s41467-026-68881-8,Fig. 4e,GgDMT1 单路径体系,25.0,13,3,8.471,6,8,EXTERNAL_LITERATURE_MEASURED
10.1038/s41467-026-68881-8,Fig. 4e,GgDMT1 单路径体系,25.0,14,1,0.0,6,9,EXTERNAL_LITERATURE_MEASURED
10.1038/s41467-026-68881-8,Fig. 4e,GgDMT1 单路径体系,25.0,14,2,0.0,6,10,EXTERNAL_LITERATURE_MEASURED
10.1038/s41467-026-68881-8,Fig. 4e,GgDMT1 单路径体系,25.0,14,3,0.0,6,11,EXTERNAL_LITERATURE_MEASURED
10.1038/s41467-026-68881-8,Fig. 4e,GgDMT1 单路径体系,25.0,15,1,0.0,6,12,EXTERNAL_LITERATURE_MEASURED
10.1038/s41467-026-68881-8,Fig. 4e,GgDMT1 单路径体系,25.0,15,2,0.0,6,13,EXTERNAL_LITERATURE_MEASURED
10.1038/s41467-026-68881-8,Fig. 4e,GgDMT1 单路径体系,25.0,15,3,0.0,6,14,EXTERNAL_LITERATURE_MEASURED
10.1038/s41467-026-68881-8,Fig. 4e,GgDMT1 单路径体系,26.0,9,1,0.0,7,3,EXTERNAL_LITERATURE_MEASURED
10.1038/s41467-026-68881-8,Fig. 4e,GgDMT1 单路径体系,26.0,9,2,0.0,7,4,EXTERNAL_LITERATURE_MEASURED
10.1038/s41467-026-68881-8,Fig. 4e,GgDMT1 单路径体系,26.0,9,3,0.0,7,5,EXTERNAL_LITERATURE_MEASURED
10.1038/s41467-026-68881-8,Fig. 4e,GgDMT1 单路径体系,26.0,13,1,19.306,7,6,EXTERNAL_LITERATURE_MEASURED
10.1038/s41467-026-68881-8,Fig. 4e,GgDMT1 单路径体系,26.0,13,2,17.568,7,7,EXTERNAL_LITERATURE_MEASURED
10.1038/s41467-026-68881-8,Fig. 4e,GgDMT1 单路径体系,26.0,13,3,18.011,7,8,EXTERNAL_LITERATURE_MEASURED
10.1038/s41467-026-68881-8,Fig. 4e,GgDMT1 单路径体系,26.0,14,1,0.0,7,9,EXTERNAL_LITERATURE_MEASURED
10.1038/s41467-026-68881-8,Fig. 4e,GgDMT1 单路径体系,26.0,14,2,0.0,7,10,EXTERNAL_LITERATURE_MEASURED
10.1038/s41467-026-68881-8,Fig. 4e,GgDMT1 单路径体系,26.0,14,3,0.0,7,11,EXTERNAL_LITERATURE_MEASURED
10.1038/s41467-026-68881-8,Fig. 4e,GgDMT1 单路径体系,26.0,15,1,0.0,7,12,EXTERNAL_LITERATURE_MEASURED
10.1038/s41467-026-68881-8,Fig. 4e,GgDMT1 单路径体系,26.0,15,2,0.0,7,13,EXTERNAL_LITERATURE_MEASURED
10.1038/s41467-026-68881-8,Fig. 4e,GgDMT1 单路径体系,26.0,15,3,0.0,7,14,EXTERNAL_LITERATURE_MEASURED
10.1038/s41467-026-68881-8,Fig. 4e,GgDMT1 单路径体系,48.0,9,1,0.0,8,3,EXTERNAL_LITERATURE_MEASURED
10.1038/s41467-026-68881-8,Fig. 4e,GgDMT1 单路径体系,48.0,9,2,0.0,8,4,EXTERNAL_LITERATURE_MEASURED
10.1038/s41467-026-68881-8,Fig. 4e,GgDMT1 单路径体系,48.0,9,3,0.0,8,5,EXTERNAL_LITERATURE_MEASURED
10.1038/s41467-026-68881-8,Fig. 4e,GgDMT1 单路径体系,48.0,13,1,15.581,8,6,EXTERNAL_LITERATURE_MEASURED
10.1038/s41467-026-68881-8,Fig. 4e,GgDMT1 单路径体系,48.0,13,2,15.476,8,7,EXTERNAL_LITERATURE_MEASURED
10.1038/s41467-026-68881-8,Fig. 4e,GgDMT1 单路径体系,48.0,13,3,18.057,8,8,EXTERNAL_LITERATURE_MEASURED
10.1038/s41467-026-68881-8,Fig. 4e,GgDMT1 单路径体系,48.0,14,1,0.427,8,9,EXTERNAL_LITERATURE_MEASURED
10.1038/s41467-026-68881-8,Fig. 4e,GgDMT1 单路径体系,48.0,14,2,0.33,8,10,EXTERNAL_LITERATURE_MEASURED
10.1038/s41467-026-68881-8,Fig. 4e,GgDMT1 单路径体系,48.0,14,3,0.513,8,11,EXTERNAL_LITERATURE_MEASURED
10.1038/s41467-026-68881-8,Fig. 4e,GgDMT1 单路径体系,48.0,15,1,0.304,8,12,EXTERNAL_LITERATURE_MEASURED
10.1038/s41467-026-68881-8,Fig. 4e,GgDMT1 单路径体系,48.0,15,2,0.269,8,13,EXTERNAL_LITERATURE_MEASURED
10.1038/s41467-026-68881-8,Fig. 4e,GgDMT1 单路径体系,48.0,15,3,0.28,8,14,EXTERNAL_LITERATURE_MEASURED
10.1038/s41467-026-68881-8,Fig. 4e,GgDMT1 单路径体系,72.0,9,1,0.0,9,3,EXTERNAL_LITERATURE_MEASURED
10.1038/s41467-026-68881-8,Fig. 4e,GgDMT1 单路径体系,72.0,9,2,0.0,9,4,EXTERNAL_LITERATURE_MEASURED
10.1038/s41467-026-68881-8,Fig. 4e,GgDMT1 单路径体系,72.0,9,3,0.0,9,5,EXTERNAL_LITERATURE_MEASURED
10.1038/s41467-026-68881-8,Fig. 4e,GgDMT1 单路径体系,72.0,13,1,17.28,9,6,EXTERNAL_LITERATURE_MEASURED
10.1038/s41467-026-68881-8,Fig. 4e,GgDMT1 单路径体系,72.0,13,2,15.329,9,7,EXTERNAL_LITERATURE_MEASURED
10.1038/s41467-026-68881-8,Fig. 4e,GgDMT1 单路径体系,72.0,13,3,16.695,9,8,EXTERNAL_LITERATURE_MEASURED
10.1038/s41467-026-68881-8,Fig. 4e,GgDMT1 单路径体系,72.0,14,1,1.865,9,9,EXTERNAL_LITERATURE_MEASURED
10.1038/s41467-026-68881-8,Fig. 4e,GgDMT1 单路径体系,72.0,14,2,1.492,9,10,EXTERNAL_LITERATURE_MEASURED
10.1038/s41467-026-68881-8,Fig. 4e,GgDMT1 单路径体系,72.0,14,3,1.484,9,11,EXTERNAL_LITERATURE_MEASURED
10.1038/s41467-026-68881-8,Fig. 4e,GgDMT1 单路径体系,72.0,15,1,0.5,9,12,EXTERNAL_LITERATURE_MEASURED
10.1038/s41467-026-68881-8,Fig. 4e,GgDMT1 单路径体系,72.0,15,2,0.464,9,13,EXTERNAL_LITERATURE_MEASURED
10.1038/s41467-026-68881-8,Fig. 4e,GgDMT1 单路径体系,72.0,15,3,0.474,9,14,EXTERNAL_LITERATURE_MEASURED
10.1038/s41467-026-68881-8,Fig. 4e,GgDMT1 单路径体系,96.0,9,1,0.0,10,3,EXTERNAL_LITERATURE_MEASURED
10.1038/s41467-026-68881-8,Fig. 4e,GgDMT1 单路径体系,96.0,9,2,0.0,10,4,EXTERNAL_LITERATURE_MEASURED
10.1038/s41467-026-68881-8,Fig. 4e,GgDMT1 单路径体系,96.0,9,3,0.0,10,5,EXTERNAL_LITERATURE_MEASURED
10.1038/s41467-026-68881-8,Fig. 4e,GgDMT1 单路径体系,96.0,13,1,12.623,10,6,EXTERNAL_LITERATURE_MEASURED
10.1038/s41467-026-68881-8,Fig. 4e,GgDMT1 单路径体系,96.0,13,2,11.117,10,7,EXTERNAL_LITERATURE_MEASURED
10.1038/s41467-026-68881-8,Fig. 4e,GgDMT1 单路径体系,96.0,13,3,10.84,10,8,EXTERNAL_LITERATURE_MEASURED
10.1038/s41467-026-68881-8,Fig. 4e,GgDMT1 单路径体系,96.0,14,1,4.117,10,9,EXTERNAL_LITERATURE_MEASURED
10.1038/s41467-026-68881-8,Fig. 4e,GgDMT1 单路径体系,96.0,14,2,3.555,10,10,EXTERNAL_LITERATURE_MEASURED
10.1038/s41467-026-68881-8,Fig. 4e,GgDMT1 单路径体系,96.0,14,3,3.444,10,11,EXTERNAL_LITERATURE_MEASURED
10.1038/s41467-026-68881-8,Fig. 4e,GgDMT1 单路径体系,96.0,15,1,0.499,10,12,EXTERNAL_LITERATURE_MEASURED
10.1038/s41467-026-68881-8,Fig. 4e,GgDMT1 单路径体系,96.0,15,2,0.471,10,13,EXTERNAL_LITERATURE_MEASURED
10.1038/s41467-026-68881-8,Fig. 4e,GgDMT1 单路径体系,96.0,15,3,0.455,10,14,EXTERNAL_LITERATURE_MEASURED
10.1038/s41467-026-68881-8,Fig. 4e,GgDMT1 单路径体系,120.0,9,1,0.0,11,3,EXTERNAL_LITERATURE_MEASURED
10.1038/s41467-026-68881-8,Fig. 4e,GgDMT1 单路径体系,120.0,9,2,0.0,11,4,EXTERNAL_LITERATURE_MEASURED
10.1038/s41467-026-68881-8,Fig. 4e,GgDMT1 单路径体系,120.0,9,3,0.0,11,5,EXTERNAL_LITERATURE_MEASURED
10.1038/s41467-026-68881-8,Fig. 4e,GgDMT1 单路径体系,120.0,13,1,11.059,11,6,EXTERNAL_LITERATURE_MEASURED
10.1038/s41467-026-68881-8,Fig. 4e,GgDMT1 单路径体系,120.0,13,2,10.036,11,7,EXTERNAL_LITERATURE_MEASURED
10.1038/s41467-026-68881-8,Fig. 4e,GgDMT1 单路径体系,120.0,13,3,9.889,11,8,EXTERNAL_LITERATURE_MEASURED
10.1038/s41467-026-68881-8,Fig. 4e,GgDMT1 单路径体系,120.0,14,1,6.699,11,9,EXTERNAL_LITERATURE_MEASURED
10.1038/s41467-026-68881-8,Fig. 4e,GgDMT1 单路径体系,120.0,14,2,6.153,11,10,EXTERNAL_LITERATURE_MEASURED
10.1038/s41467-026-68881-8,Fig. 4e,GgDMT1 单路径体系,120.0,14,3,5.339,11,11,EXTERNAL_LITERATURE_MEASURED
10.1038/s41467-026-68881-8,Fig. 4e,GgDMT1 单路径体系,120.0,15,1,0.497,11,12,EXTERNAL_LITERATURE_MEASURED
10.1038/s41467-026-68881-8,Fig. 4e,GgDMT1 单路径体系,120.0,15,2,0.479,11,13,EXTERNAL_LITERATURE_MEASURED
10.1038/s41467-026-68881-8,Fig. 4e,GgDMT1 单路径体系,120.0,15,3,0.451,11,14,EXTERNAL_LITERATURE_MEASURED
10.1038/s41467-026-68881-8,Fig. 4e,GgDMT1 单路径体系,144.0,9,1,0.0,12,3,EXTERNAL_LITERATURE_MEASURED
10.1038/s41467-026-68881-8,Fig. 4e,GgDMT1 单路径体系,144.0,9,2,0.0,12,4,EXTERNAL_LITERATURE_MEASURED
10.1038/s41467-026-68881-8,Fig. 4e,GgDMT1 单路径体系,144.0,9,3,0.0,12,5,EXTERNAL_LITERATURE_MEASURED
10.1038/s41467-026-68881-8,Fig. 4e,GgDMT1 单路径体系,144.0,13,1,9.954,12,6,EXTERNAL_LITERATURE_MEASURED
10.1038/s41467-026-68881-8,Fig. 4e,GgDMT1 单路径体系,144.0,13,2,9.094,12,7,EXTERNAL_LITERATURE_MEASURED
10.1038/s41467-026-68881-8,Fig. 4e,GgDMT1 单路径体系,144.0,13,3,9.302,12,8,EXTERNAL_LITERATURE_MEASURED
10.1038/s41467-026-68881-8,Fig. 4e,GgDMT1 单路径体系,144.0,14,1,7.366,12,9,EXTERNAL_LITERATURE_MEASURED
10.1038/s41467-026-68881-8,Fig. 4e,GgDMT1 单路径体系,144.0,14,2,6.601,12,10,EXTERNAL_LITERATURE_MEASURED
10.1038/s41467-026-68881-8,Fig. 4e,GgDMT1 单路径体系,144.0,14,3,5.937,12,11,EXTERNAL_LITERATURE_MEASURED
10.1038/s41467-026-68881-8,Fig. 4e,GgDMT1 单路径体系,144.0,15,1,0.516,12,12,EXTERNAL_LITERATURE_MEASURED
10.1038/s41467-026-68881-8,Fig. 4e,GgDMT1 单路径体系,144.0,15,2,0.393,12,13,EXTERNAL_LITERATURE_MEASURED
10.1038/s41467-026-68881-8,Fig. 4e,GgDMT1 单路径体系,144.0,15,3,0.382,12,14,EXTERNAL_LITERATURE_MEASURED
