sheet,condition,time_h,compound_id,mean,std,count
Fig. 4d,NhPDA1 多路径体系,36.0,9,11.4,0.346410161513776,3
Fig. 4d,NhPDA1 多路径体系,36.0,10,1.5999999999999999,0.09999999999999995,3
Fig. 4d,NhPDA1 多路径体系,36.0,11,0.0,0.0,3
Fig. 4d,NhPDA1 多路径体系,36.0,13,1.0999999999999999,0.17320508075688765,3
Fig. 4d,NhPDA1 多路径体系,36.0,14,0.0,0.0,3
Fig. 4d,NhPDA1 多路径体系,36.0,15,0.0,0.0,3
Fig. 4d,NhPDA1 多路径体系,48.0,9,0.5666666666666668,0.2516611478423584,3
Fig. 4d,NhPDA1 多路径体系,48.0,10,6.949999999999999,0.21213203435596445,2
Fig. 4d,NhPDA1 多路径体系,48.0,11,0.0,0.0,3
Fig. 4d,NhPDA1 多路径体系,48.0,13,1.8333333333333333,0.1154700538379251,3
Fig. 4d,NhPDA1 多路径体系,48.0,14,0.0,0.0,3
Fig. 4d,NhPDA1 多路径体系,48.0,15,0.0,0.0,3
Fig. 4d,NhPDA1 多路径体系,72.0,9,0.0,0.0,3
Fig. 4d,NhPDA1 多路径体系,72.0,10,10.6,0.26457513110645914,3
Fig. 4d,NhPDA1 多路径体系,72.0,11,0.6333333333333333,0.11547005383792512,3
Fig. 4d,NhPDA1 多路径体系,72.0,13,1.0666666666666667,0.1527525231651946,3
Fig. 4d,NhPDA1 多路径体系,72.0,14,2.466666666666667,0.378593889720018,3
Fig. 4d,NhPDA1 多路径体系,72.0,15,0.6,0.09999999999999995,3
Fig. 4d,NhPDA1 多路径体系,96.0,9,0.0,0.0,3
Fig. 4d,NhPDA1 多路径体系,96.0,10,9.866666666666667,1.9399312702601943,3
Fig. 4d,NhPDA1 多路径体系,96.0,11,0.8333333333333334,0.1154700538379252,3
Fig. 4d,NhPDA1 多路径体系,96.0,13,0.6,0.0,3
Fig. 4d,NhPDA1 多路径体系,96.0,14,4.966666666666666,0.6110100926607789,3
Fig. 4d,NhPDA1 多路径体系,96.0,15,1.0,0.17320508075688776,3
Fig. 4d,NhPDA1 多路径体系,120.0,9,0.0,0.0,3
Fig. 4d,NhPDA1 多路径体系,120.0,10,6.366666666666667,0.3214550253664318,3
Fig. 4d,NhPDA1 多路径体系,120.0,11,1.0,0.10000000000000002,3
Fig. 4d,NhPDA1 多路径体系,120.0,13,0.5666666666666667,0.05773502691896256,3
Fig. 4d,NhPDA1 多路径体系,120.0,14,3.6666666666666665,0.05773502691896247,3
Fig. 4d,NhPDA1 多路径体系,120.0,15,0.9333333333333332,0.05773502691896253,3
Fig. 4e,GgDMT1 单路径体系,24.25,9,14.240333333333334,1.2470213844731508,3
Fig. 4e,GgDMT1 单路径体系,24.25,13,3.6040000000000005,0.09059801322324908,3
Fig. 4e,GgDMT1 单路径体系,24.25,14,0.0,0.0,3
Fig. 4e,GgDMT1 单路径体系,24.25,15,0.0,0.0,3
Fig. 4e,GgDMT1 单路径体系,24.5,9,13.164666666666667,0.4276825146453077,3
Fig. 4e,GgDMT1 单路径体系,24.5,13,5.31,0.24324267717651826,3
Fig. 4e,GgDMT1 单路径体系,24.5,14,0.0,0.0,3
Fig. 4e,GgDMT1 单路径体系,24.5,15,0.0,0.0,3
Fig. 4e,GgDMT1 单路径体系,25.0,9,8.360000000000001,1.3562267509528054,3
Fig. 4e,GgDMT1 单路径体系,25.0,13,8.620333333333333,0.3966740895664012,3
Fig. 4e,GgDMT1 单路径体系,25.0,14,0.0,0.0,3
Fig. 4e,GgDMT1 单路径体系,25.0,15,0.0,0.0,3
Fig. 4e,GgDMT1 单路径体系,26.0,9,0.0,0.0,3
Fig. 4e,GgDMT1 单路径体系,26.0,13,18.295,0.9031350950992882,3
Fig. 4e,GgDMT1 单路径体系,26.0,14,0.0,0.0,3
Fig. 4e,GgDMT1 单路径体系,26.0,15,0.0,0.0,3
Fig. 4e,GgDMT1 单路径体系,48.0,9,0.0,0.0,3
Fig. 4e,GgDMT1 单路径体系,48.0,13,16.371333333333332,1.4607738816577092,3
Fig. 4e,GgDMT1 单路径体系,48.0,14,0.42333333333333334,0.09155508360180407,3
Fig. 4e,GgDMT1 单路径体系,48.0,15,0.2843333333333333,0.017897858344878368,3
Fig. 4e,GgDMT1 单路径体系,72.0,9,0.0,0.0,3
Fig. 4e,GgDMT1 单路径体系,72.0,13,16.43466666666667,1.0012144292474683,3
Fig. 4e,GgDMT1 单路径体系,72.0,14,1.6136666666666668,0.21769780277562145,3
Fig. 4e,GgDMT1 单路径体系,72.0,15,0.47933333333333333,0.018583146486355118,3
Fig. 4e,GgDMT1 单路径体系,96.0,9,0.0,0.0,3
Fig. 4e,GgDMT1 单路径体系,96.0,13,11.526666666666666,0.9595010856342653,3
Fig. 4e,GgDMT1 单路径体系,96.0,14,3.7053333333333334,0.3608078897880885,3
Fig. 4e,GgDMT1 单路径体系,96.0,15,0.47500000000000003,0.022271057451320075,3
Fig. 4e,GgDMT1 单路径体系,120.0,9,0.0,0.0,3
Fig. 4e,GgDMT1 单路径体系,120.0,13,10.328,0.6373170325669948,3
Fig. 4e,GgDMT1 单路径体系,120.0,14,6.063666666666666,0.6843868301869445,3
Fig. 4e,GgDMT1 单路径体系,120.0,15,0.4756666666666667,0.023180451534284944,3
Fig. 4e,GgDMT1 单路径体系,144.0,9,0.0,0.0,3
Fig. 4e,GgDMT1 单路径体系,144.0,13,9.450000000000001,0.44869588810239963,3
Fig. 4e,GgDMT1 单路径体系,144.0,14,6.634666666666667,0.7150946324321924,3
Fig. 4e,GgDMT1 单路径体系,144.0,15,0.4303333333333333,0.07439310003846683,3
