model,raw_file,status,records,reason
ADMET-AI 2.0.1,data/raw/admet_ai/admet_ai_predictions.csv,COMPLETE,6,cached executed output loaded
ADMETlab 3.0,data/raw/admetlab/admetlab_predictions.csv,COMPLETE,6,cached executed output loaded
ProTox 3.0,data/raw/protox/protox_predictions.csv,COMPLETE,24,"six official web runs, four selected endpoints"
VEGA QSAR 1.2.6 (10 selected models),data/processed/vega_predictions.csv,COMPLETE,60,ten official models executed; domain warnings retained
Chemprop integrated gradients (4 endpoints),results/tables/chemprop_atom_attribution.csv,COMPLETE,548,cached executed output loaded
MapLight (3 selected tasks),data/processed/maplight_predictions.csv,COMPLETE,18,"three tasks, five trained members each"
EPA EPI Web Suite 1.1.0,data/raw/episuite/episuite_results.csv,COMPLETE,6,cached executed output loaded
admetSAR 3.0,data/processed/admetsar_predictions.csv,COMPLETE,6,cached executed output loaded
EPA CompTox,data/raw/comptox/comptox_fate.csv,BLOCKED,0,CTX API key or official batch export not supplied
EPA ECOSAR,data/raw/ecosar/ecosar_aquatic.csv,COMPLETE,118,cached executed output loaded
