pure_product_ratio,resource_ratio,relative_intensity,reduction_percent,evidence_type
0.8,0.8,1.0,0.0,SCENARIO
0.8,1.0,1.25,-25.0,SCENARIO
0.8,1.1,1.375,-37.5,SCENARIO
0.8,1.2,1.4999999999999998,-49.99999999999998,SCENARIO
0.8,1.5,1.875,-87.5,SCENARIO
0.8,2.0,2.5,-150.0,SCENARIO
1.0,0.8,0.8,19.999999999999996,SCENARIO
1.0,1.0,1.0,0.0,SCENARIO
1.0,1.1,1.1,-10.000000000000009,SCENARIO
1.0,1.2,1.2,-19.999999999999996,SCENARIO
1.0,1.5,1.5,-50.0,SCENARIO
1.0,2.0,2.0,-100.0,SCENARIO
1.1,0.8,0.7272727272727273,27.27272727272727,SCENARIO
1.1,1.0,0.9090909090909091,9.090909090909093,SCENARIO
1.1,1.1,1.0,0.0,SCENARIO
1.1,1.2,1.0909090909090908,-9.090909090909083,SCENARIO
1.1,1.5,1.3636363636363635,-36.36363636363635,SCENARIO
1.1,2.0,1.8181818181818181,-81.81818181818181,SCENARIO
1.2,0.8,0.6666666666666667,33.33333333333333,SCENARIO
1.2,1.0,0.8333333333333334,16.666666666666664,SCENARIO
1.2,1.1,0.9166666666666667,8.333333333333325,SCENARIO
1.2,1.2,1.0,0.0,SCENARIO
1.2,1.5,1.25,-25.0,SCENARIO
1.2,2.0,1.6666666666666667,-66.66666666666667,SCENARIO
1.5,0.8,0.5333333333333333,46.666666666666664,SCENARIO
1.5,1.0,0.6666666666666666,33.333333333333336,SCENARIO
1.5,1.1,0.7333333333333334,26.66666666666666,SCENARIO
1.5,1.2,0.7999999999999999,20.000000000000007,SCENARIO
1.5,1.5,1.0,0.0,SCENARIO
1.5,2.0,1.3333333333333333,-33.33333333333333,SCENARIO
2.0,0.8,0.4,60.0,SCENARIO
2.0,1.0,0.5,50.0,SCENARIO
2.0,1.1,0.55,44.99999999999999,SCENARIO
2.0,1.2,0.6,40.0,SCENARIO
2.0,1.5,0.75,25.0,SCENARIO
2.0,2.0,1.0,0.0,SCENARIO
3.0,0.8,0.26666666666666666,73.33333333333334,SCENARIO
3.0,1.0,0.3333333333333333,66.66666666666667,SCENARIO
3.0,1.1,0.3666666666666667,63.33333333333333,SCENARIO
3.0,1.2,0.39999999999999997,60.00000000000001,SCENARIO
3.0,1.5,0.5,50.0,SCENARIO
3.0,2.0,0.6666666666666666,33.333333333333336,SCENARIO
