keyword,count,segment_count,aliases
酶,18,5,酶
实验,10,3,实验
催化,8,3,催化
反应,8,4,反应
产物,6,3,产物
人工智能,5,3,人工智能；AI
优化,5,2,优化
分子机器,5,2,分子机器
液滴,5,4,液滴
微生物,4,3,微生物
数据,4,2,数据
细胞工厂,4,3,细胞工厂；微生物工厂
PPT,3,3,PPT
区室化,3,2,区室化
学习,3,2,学习
底物,3,2,底物
底物杂泛性,3,2,底物杂泛性；杂泛性
故事,3,2,故事
效率,3,3,效率；高效
生产,3,2,生产
疏水性,3,2,疏水性；疏水
结构域,3,2,结构域
选择性,3,3,选择性
可持续发展,2,1,可持续发展；sustainability
展示,2,2,展示
植物,2,1,植物
模型,2,1,模型
比例,2,1,比例
自然,2,1,自然
通用性,2,2,通用性；举一反三
OC,1,1,OC
基础,1,1,基础
干湿迭代,1,1,干湿迭代
手写,1,1,手写
护肤品,1,1,护肤品
招募,1,1,招募
提取,1,1,提取
未来,1,1,未来
核磁,1,1,核磁；NMR
生态,1,1,生态
知识,1,1,知识
纯度,1,1,纯度
预测,1,1,预测
DMT,0,0,DMT
光甘草定,0,0,光甘草定；glabridin
液液相分离,0,0,液液相分离；相分离；LLPS
