compound_id,compound_name,model_tag,model_version,assessment,prediction_fields_json,applicability_domain_index,reliability,remarks,connectivity_matches_input,stereochemistry_resolved,source_molecular_weight_warning,raw_report,evidence_type
9,vestitol,ALGAE_EC50,Algae Acute (EC50) Toxicity model (IRFMN) (version 1.0.1),8.22 mg/L (MODERATE reliability),"{""Predicted EC50 [a-dimensional]"": ""-3.1"", ""Predicted EC50 [mg/l]"": ""8.22""}",0.85,MODERATE reliability,-,True,False,True,data/raw/vega/reports/ALGAE_EC50.txt,PREDICTED
10,4'-O-methylpreglabridin,ALGAE_EC50,Algae Acute (EC50) Toxicity model (IRFMN) (version 1.0.1),0.3306 mg/L (LOW reliability),"{""Predicted EC50 [a-dimensional]"": ""-5.49"", ""Predicted EC50 [mg/l]"": ""0.3306""}",0.7,LOW reliability,-,True,False,True,data/raw/vega/reports/ALGAE_EC50.txt,PREDICTED
11,4'-O-methylglabridin,ALGAE_EC50,Algae Acute (EC50) Toxicity model (IRFMN) (version 1.0.1),0.7839 mg/L (LOW reliability),"{""Predicted EC50 [a-dimensional]"": ""-4.94"", ""Predicted EC50 [mg/l]"": ""0.7839""}",0.652,LOW reliability,-,True,False,True,data/raw/vega/reports/ALGAE_EC50.txt,PREDICTED
13,demethylvestitol,ALGAE_EC50,Algae Acute (EC50) Toxicity model (IRFMN) (version 1.0.1),9 mg/L (MODERATE reliability),"{""Predicted EC50 [a-dimensional]"": ""-2.99"", ""Predicted EC50 [mg/l]"": ""9""}",0.85,MODERATE reliability,-,True,False,True,data/raw/vega/reports/ALGAE_EC50.txt,PREDICTED
14,preglabridin,ALGAE_EC50,Algae Acute (EC50) Toxicity model (IRFMN) (version 1.0.1),0.8883 mg/L (LOW reliability),"{""Predicted EC50 [a-dimensional]"": ""-4.84"", ""Predicted EC50 [mg/l]"": ""0.8883""}",0.7,LOW reliability,-,True,False,True,data/raw/vega/reports/ALGAE_EC50.txt,PREDICTED
15,glabridin,ALGAE_EC50,Algae Acute (EC50) Toxicity model (IRFMN) (version 1.0.1),1.34 mg/L (LOW reliability),"{""Predicted EC50 [a-dimensional]"": ""-4.56"", ""Predicted EC50 [mg/l]"": ""1.34""}",0.659,LOW reliability,-,True,False,True,data/raw/vega/reports/ALGAE_EC50.txt,PREDICTED
9,vestitol,BCF_ARNOTGOBAS,BCF model (Arnot-Gobas) (version 1.0.1),1.08  log(L/kg) (LOW reliability),"{""Predicted BCF (low) [L/kg]"": ""17"", ""Predicted BCF (low) [log(L/kg)]"": ""1.24"", ""Predicted BCF (mid) [L/kg]"": ""16"", ""Predicted BCF (mid) [log(L/kg)]"": ""1.2"", ""Predicted BCF (up) [L/kg]"": ""12"", ""Predicted BCF (up) [log(L/kg)]"": ""1.08"", ""Predicted LogP (Meylan/Kowwin)"": ""3.75"", ""Predicted LogP reliability"": ""Low"", ""Predicted kM (Meylan)"": ""-1.57"", ""Predicted kM reliability"": ""Low""}",0.75,LOW reliability,,True,False,False,data/raw/vega/reports/BCF_ARNOTGOBAS.txt,PREDICTED
10,4'-O-methylpreglabridin,BCF_ARNOTGOBAS,BCF model (Arnot-Gobas) (version 1.0.1),1.87  log(L/kg) (LOW reliability),"{""Predicted BCF (low) [L/kg]"": ""113"", ""Predicted BCF (low) [log(L/kg)]"": ""2.05"", ""Predicted BCF (mid) [L/kg]"": ""102"", ""Predicted BCF (mid) [log(L/kg)]"": ""2.01"", ""Predicted BCF (up) [L/kg]"": ""75"", ""Predicted BCF (up) [log(L/kg)]"": ""1.87"", ""Predicted LogP (Meylan/Kowwin)"": ""6.11"", ""Predicted LogP reliability"": ""Low"", ""Predicted kM (Meylan)"": ""-0.66"", ""Predicted kM reliability"": ""Moderate""}",0.75,LOW reliability,,True,False,False,data/raw/vega/reports/BCF_ARNOTGOBAS.txt,PREDICTED
11,4'-O-methylglabridin,BCF_ARNOTGOBAS,BCF model (Arnot-Gobas) (version 1.0.1),2.92  log(L/kg) (LOW reliability),"{""Predicted BCF (low) [L/kg]"": ""1243"", ""Predicted BCF (low) [log(L/kg)]"": ""3.09"", ""Predicted BCF (mid) [L/kg]"": ""1133"", ""Predicted BCF (mid) [log(L/kg)]"": ""3.05"", ""Predicted BCF (up) [L/kg]"": ""832"", ""Predicted BCF (up) [log(L/kg)]"": ""2.92"", ""Predicted LogP (Meylan/Kowwin)"": ""5.9"", ""Predicted LogP reliability"": ""Low"", ""Predicted kM (Meylan)"": ""0.37"", ""Predicted kM reliability"": ""Low""}",0.75,LOW reliability,,True,False,False,data/raw/vega/reports/BCF_ARNOTGOBAS.txt,PREDICTED
13,demethylvestitol,BCF_ARNOTGOBAS,BCF model (Arnot-Gobas) (version 1.0.1),0.43  log(L/kg) (LOW reliability),"{""Predicted BCF (low) [L/kg]"": ""4"", ""Predicted BCF (low) [log(L/kg)]"": ""0.55"", ""Predicted BCF (mid) [L/kg]"": ""3"", ""Predicted BCF (mid) [log(L/kg)]"": ""0.52"", ""Predicted BCF (up) [L/kg]"": ""3"", ""Predicted BCF (up) [log(L/kg)]"": ""0.43"", ""Predicted LogP (Meylan/Kowwin)"": ""3.19"", ""Predicted LogP reliability"": ""Low"", ""Predicted kM (Meylan)"": ""-2.35"", ""Predicted kM reliability"": ""Low""}",0.75,LOW reliability,,True,False,False,data/raw/vega/reports/BCF_ARNOTGOBAS.txt,PREDICTED
14,preglabridin,BCF_ARNOTGOBAS,BCF model (Arnot-Gobas) (version 1.0.1),1.19  log(L/kg) (LOW reliability),"{""Predicted BCF (low) [L/kg]"": ""23"", ""Predicted BCF (low) [log(L/kg)]"": ""1.36"", ""Predicted BCF (mid) [L/kg]"": ""21"", ""Predicted BCF (mid) [log(L/kg)]"": ""1.32"", ""Predicted BCF (up) [L/kg]"": ""15"", ""Predicted BCF (up) [log(L/kg)]"": ""1.19"", ""Predicted LogP (Meylan/Kowwin)"": ""5.55"", ""Predicted LogP reliability"": ""Low"", ""Predicted kM (Meylan)"": ""-1.44"", ""Predicted kM reliability"": ""Moderate""}",0.75,LOW reliability,,True,False,False,data/raw/vega/reports/BCF_ARNOTGOBAS.txt,PREDICTED
15,glabridin,BCF_ARNOTGOBAS,BCF model (Arnot-Gobas) (version 1.0.1),2.2  log(L/kg) (LOW reliability),"{""Predicted BCF (low) [L/kg]"": ""236"", ""Predicted BCF (low) [log(L/kg)]"": ""2.37"", ""Predicted BCF (mid) [L/kg]"": ""215"", ""Predicted BCF (mid) [log(L/kg)]"": ""2.33"", ""Predicted BCF (up) [L/kg]"": ""158"", ""Predicted BCF (up) [log(L/kg)]"": ""2.2"", ""Predicted LogP (Meylan/Kowwin)"": ""5.34"", ""Predicted LogP reliability"": ""Low"", ""Predicted kM (Meylan)"": ""-0.41"", ""Predicted kM reliability"": ""Moderate""}",0.75,LOW reliability,,True,False,False,data/raw/vega/reports/BCF_ARNOTGOBAS.txt,PREDICTED
9,vestitol,BCF_CAESAR,BCF model (CAESAR) (version 2.1.15),1.03 log(L/kg) (LOW reliability),"{""Predicted BCF [L/kg]"": ""11"", ""Predicted BCF [log(L/kg)]"": ""1.03"", ""Predicted BCF from sub-model 1 (HM) [log(L/kg)]"": ""1.38"", ""Predicted BCF from sub-model 2 (GA) [log(L/kg)]"": ""1.09"", ""Predicted LogP (MLogP)"": ""2.18""}",0.75,LOW reliability,-,True,False,False,data/raw/vega/reports/BCF_CAESAR.txt,PREDICTED
10,4'-O-methylpreglabridin,BCF_CAESAR,BCF model (CAESAR) (version 2.1.15),1.42 log(L/kg) (MODERATE reliability),"{""Predicted BCF [L/kg]"": ""26"", ""Predicted BCF [log(L/kg)]"": ""1.42"", ""Predicted BCF from sub-model 1 (HM) [log(L/kg)]"": ""1.81"", ""Predicted BCF from sub-model 2 (GA) [log(L/kg)]"": ""1.38"", ""Predicted LogP (MLogP)"": ""3.26""}",0.85,MODERATE reliability,-,True,False,False,data/raw/vega/reports/BCF_CAESAR.txt,PREDICTED
11,4'-O-methylglabridin,BCF_CAESAR,BCF model (CAESAR) (version 2.1.15),1.35 log(L/kg) (LOW reliability),"{""Predicted BCF [L/kg]"": ""23"", ""Predicted BCF [log(L/kg)]"": ""1.35"", ""Predicted BCF from sub-model 1 (HM) [log(L/kg)]"": ""1.78"", ""Predicted BCF from sub-model 2 (GA) [log(L/kg)]"": ""1.32"", ""Predicted LogP (MLogP)"": ""3""}",0.75,LOW reliability,-,True,False,False,data/raw/vega/reports/BCF_CAESAR.txt,PREDICTED
13,demethylvestitol,BCF_CAESAR,BCF model (CAESAR) (version 2.1.15),0.96 log(L/kg) (LOW reliability),"{""Predicted BCF [L/kg]"": ""9"", ""Predicted BCF [log(L/kg)]"": ""0.96"", ""Predicted BCF from sub-model 1 (HM) [log(L/kg)]"": ""1.31"", ""Predicted BCF from sub-model 2 (GA) [log(L/kg)]"": ""1"", ""Predicted LogP (MLogP)"": ""1.93""}",0.75,LOW reliability,-,True,False,False,data/raw/vega/reports/BCF_CAESAR.txt,PREDICTED
14,preglabridin,BCF_CAESAR,BCF model (CAESAR) (version 2.1.15),1.38 log(L/kg) (MODERATE reliability),"{""Predicted BCF [L/kg]"": ""24"", ""Predicted BCF [log(L/kg)]"": ""1.38"", ""Predicted BCF from sub-model 1 (HM) [log(L/kg)]"": ""1.84"", ""Predicted BCF from sub-model 2 (GA) [log(L/kg)]"": ""1.35"", ""Predicted LogP (MLogP)"": ""3.04""}",0.85,MODERATE reliability,-,True,False,False,data/raw/vega/reports/BCF_CAESAR.txt,PREDICTED
15,glabridin,BCF_CAESAR,BCF model (CAESAR) (version 2.1.15),1.31 log(L/kg) (LOW reliability),"{""Predicted BCF [L/kg]"": ""20"", ""Predicted BCF [log(L/kg)]"": ""1.31"", ""Predicted BCF from sub-model 1 (HM) [log(L/kg)]"": ""1.81"", ""Predicted BCF from sub-model 2 (GA) [log(L/kg)]"": ""1.27"", ""Predicted LogP (MLogP)"": ""2.77""}",0.75,LOW reliability,-,True,False,False,data/raw/vega/reports/BCF_CAESAR.txt,PREDICTED
9,vestitol,BCF_MEYLAN,BCF model (Meylan) (version 1.0.4),2.14  log(L/kg) (LOW reliability),"{""Predicted BCF [L/kg]"": ""139"", ""Predicted BCF [log(L/kg)]"": ""2.14"", ""Predicted LogP (Meylan/Kowwin)"": ""3.75"", ""Predicted LogP reliability"": ""Low""}",0.75,LOW reliability,-,True,False,True,data/raw/vega/reports/BCF_MEYLAN.txt,PREDICTED
10,4'-O-methylpreglabridin,BCF_MEYLAN,BCF model (Meylan) (version 1.0.4),3.7  log(L/kg) (LOW reliability),"{""Predicted BCF [L/kg]"": ""4975"", ""Predicted BCF [log(L/kg)]"": ""3.7"", ""Predicted LogP (Meylan/Kowwin)"": ""6.11"", ""Predicted LogP reliability"": ""Low""}",0.75,LOW reliability,-,True,False,True,data/raw/vega/reports/BCF_MEYLAN.txt,PREDICTED
11,4'-O-methylglabridin,BCF_MEYLAN,BCF model (Meylan) (version 1.0.4),3.56  log(L/kg) (LOW reliability),"{""Predicted BCF [L/kg]"": ""3618"", ""Predicted BCF [log(L/kg)]"": ""3.56"", ""Predicted LogP (Meylan/Kowwin)"": ""5.9"", ""Predicted LogP reliability"": ""Low""}",0.75,LOW reliability,-,True,False,True,data/raw/vega/reports/BCF_MEYLAN.txt,PREDICTED
13,demethylvestitol,BCF_MEYLAN,BCF model (Meylan) (version 1.0.4),1.77  log(L/kg) (LOW reliability),"{""Predicted BCF [L/kg]"": ""59"", ""Predicted BCF [log(L/kg)]"": ""1.77"", ""Predicted LogP (Meylan/Kowwin)"": ""3.19"", ""Predicted LogP reliability"": ""Low""}",0.75,LOW reliability,-,True,False,True,data/raw/vega/reports/BCF_MEYLAN.txt,PREDICTED
14,preglabridin,BCF_MEYLAN,BCF model (Meylan) (version 1.0.4),3.33  log(L/kg) (LOW reliability),"{""Predicted BCF [L/kg]"": ""2121"", ""Predicted BCF [log(L/kg)]"": ""3.33"", ""Predicted LogP (Meylan/Kowwin)"": ""5.55"", ""Predicted LogP reliability"": ""Low""}",0.75,LOW reliability,-,True,False,True,data/raw/vega/reports/BCF_MEYLAN.txt,PREDICTED
15,glabridin,BCF_MEYLAN,BCF model (Meylan) (version 1.0.4),3.19  log(L/kg) (LOW reliability),"{""Predicted BCF [L/kg]"": ""1542"", ""Predicted BCF [log(L/kg)]"": ""3.19"", ""Predicted LogP (Meylan/Kowwin)"": ""5.34"", ""Predicted LogP reliability"": ""Low""}",0.75,LOW reliability,-,True,False,True,data/raw/vega/reports/BCF_MEYLAN.txt,PREDICTED
9,vestitol,DAPHNIA_EC50,Daphnia Magna Acute (EC50) Toxicity model (IRFMN) (version 1.0.3),2.48 mg/L (MODERATE reliability),"{""Predicted daphnia EC50 (log form) [log(mmol/l))]"": ""-2.04"", ""Predicted daphnia EC50 [mg/l]"": ""2.48""}",0.85,MODERATE reliability,-,True,False,False,data/raw/vega/reports/DAPHNIA_EC50.txt,PREDICTED
10,4'-O-methylpreglabridin,DAPHNIA_EC50,Daphnia Magna Acute (EC50) Toxicity model (IRFMN) (version 1.0.3),1.97 mg/L (MODERATE reliability),"{""Predicted daphnia EC50 (log form) [log(mmol/l))]"": ""-2.24"", ""Predicted daphnia EC50 [mg/l]"": ""1.97""}",0.85,MODERATE reliability,-,True,False,False,data/raw/vega/reports/DAPHNIA_EC50.txt,PREDICTED
11,4'-O-methylglabridin,DAPHNIA_EC50,Daphnia Magna Acute (EC50) Toxicity model (IRFMN) (version 1.0.3),3.05 mg/L (MODERATE reliability),"{""Predicted daphnia EC50 (log form) [log(mmol/l))]"": ""-2.05"", ""Predicted daphnia EC50 [mg/l]"": ""3.05""}",0.85,MODERATE reliability,-,True,False,False,data/raw/vega/reports/DAPHNIA_EC50.txt,PREDICTED
13,demethylvestitol,DAPHNIA_EC50,Daphnia Magna Acute (EC50) Toxicity model (IRFMN) (version 1.0.3),2.53 mg/L (MODERATE reliability),"{""Predicted daphnia EC50 (log form) [log(mmol/l))]"": ""-2.01"", ""Predicted daphnia EC50 [mg/l]"": ""2.53""}",0.85,MODERATE reliability,-,True,False,False,data/raw/vega/reports/DAPHNIA_EC50.txt,PREDICTED
14,preglabridin,DAPHNIA_EC50,Daphnia Magna Acute (EC50) Toxicity model (IRFMN) (version 1.0.3),1.56 mg/L (MODERATE reliability),"{""Predicted daphnia EC50 (log form) [log(mmol/l))]"": ""-2.32"", ""Predicted daphnia EC50 [mg/l]"": ""1.56""}",0.85,MODERATE reliability,-,True,False,False,data/raw/vega/reports/DAPHNIA_EC50.txt,PREDICTED
15,glabridin,DAPHNIA_EC50,Daphnia Magna Acute (EC50) Toxicity model (IRFMN) (version 1.0.3),2.48 mg/L (MODERATE reliability),"{""Predicted daphnia EC50 (log form) [log(mmol/l))]"": ""-2.12"", ""Predicted daphnia EC50 [mg/l]"": ""2.48""}",0.85,MODERATE reliability,-,True,False,False,data/raw/vega/reports/DAPHNIA_EC50.txt,PREDICTED
9,vestitol,FISH_LC50,Fish Acute (LC50) Toxicity model (IRFMN) (version 1.0.2),5.21 mg/L (LOW reliability),"{""Predicted LC50 [a-dimensional]"": ""-3.21"", ""Predicted LC50 [mg/l]"": ""5.21""}",0.7,LOW reliability,-,True,False,False,data/raw/vega/reports/FISH_LC50.txt,PREDICTED
10,4'-O-methylpreglabridin,FISH_LC50,Fish Acute (LC50) Toxicity model (IRFMN) (version 1.0.2),1.5 mg/L (MODERATE reliability),"{""Predicted LC50 [a-dimensional]"": ""-4.08"", ""Predicted LC50 [mg/l]"": ""1.5""}",0.85,MODERATE reliability,-,True,False,False,data/raw/vega/reports/FISH_LC50.txt,PREDICTED
11,4'-O-methylglabridin,FISH_LC50,Fish Acute (LC50) Toxicity model (IRFMN) (version 1.0.2),2.51 mg/L (LOW reliability),"{""Predicted LC50 [a-dimensional]"": ""-3.79"", ""Predicted LC50 [mg/l]"": ""2.51""}",0.629,LOW reliability,-,True,False,False,data/raw/vega/reports/FISH_LC50.txt,PREDICTED
13,demethylvestitol,FISH_LC50,Fish Acute (LC50) Toxicity model (IRFMN) (version 1.0.2),4.05 mg/L (LOW reliability),"{""Predicted LC50 [a-dimensional]"": ""-3.34"", ""Predicted LC50 [mg/l]"": ""4.05""}",0.7,LOW reliability,-,True,False,False,data/raw/vega/reports/FISH_LC50.txt,PREDICTED
14,preglabridin,FISH_LC50,Fish Acute (LC50) Toxicity model (IRFMN) (version 1.0.2),2.2 mg/L (MODERATE reliability),"{""Predicted LC50 [a-dimensional]"": ""-3.84"", ""Predicted LC50 [mg/l]"": ""2.2""}",0.85,MODERATE reliability,-,True,False,False,data/raw/vega/reports/FISH_LC50.txt,PREDICTED
15,glabridin,FISH_LC50,Fish Acute (LC50) Toxicity model (IRFMN) (version 1.0.2),2.54 mg/L (LOW reliability),"{""Predicted LC50 [a-dimensional]"": ""-3.76"", ""Predicted LC50 [mg/l]"": ""2.54""}",0.635,LOW reliability,-,True,False,False,data/raw/vega/reports/FISH_LC50.txt,PREDICTED
9,vestitol,LOGP_MEYLAN,LogP model (Meylan-Kowwin) (version 1.1.5),3.75 (LOW reliability),"{""Predicted LogP"": ""3.75""}",0.75,LOW reliability,-,True,False,False,data/raw/vega/reports/LOGP_MEYLAN.txt,PREDICTED
10,4'-O-methylpreglabridin,LOGP_MEYLAN,LogP model (Meylan-Kowwin) (version 1.1.5),6.11 (LOW reliability),"{""Predicted LogP"": ""6.11""}",0.75,LOW reliability,-,True,False,False,data/raw/vega/reports/LOGP_MEYLAN.txt,PREDICTED
11,4'-O-methylglabridin,LOGP_MEYLAN,LogP model (Meylan-Kowwin) (version 1.1.5),5.9 (LOW reliability),"{""Predicted LogP"": ""5.9""}",0.75,LOW reliability,-,True,False,False,data/raw/vega/reports/LOGP_MEYLAN.txt,PREDICTED
13,demethylvestitol,LOGP_MEYLAN,LogP model (Meylan-Kowwin) (version 1.1.5),3.19 (LOW reliability),"{""Predicted LogP"": ""3.19""}",0.75,LOW reliability,-,True,False,False,data/raw/vega/reports/LOGP_MEYLAN.txt,PREDICTED
14,preglabridin,LOGP_MEYLAN,LogP model (Meylan-Kowwin) (version 1.1.5),5.55 (LOW reliability),"{""Predicted LogP"": ""5.55""}",0.75,LOW reliability,-,True,False,False,data/raw/vega/reports/LOGP_MEYLAN.txt,PREDICTED
15,glabridin,LOGP_MEYLAN,LogP model (Meylan-Kowwin) (version 1.1.5),5.34 (LOW reliability),"{""Predicted LogP"": ""5.34""}",0.75,LOW reliability,-,True,False,False,data/raw/vega/reports/LOGP_MEYLAN.txt,PREDICTED
9,vestitol,MUTA_CAESAR,Mutagenicity (Ames test) model (CAESAR) (version 2.1.14),NON-Mutagenic (MODERATE reliability),"{""Predicted Mutagen activity"": ""NON-Mutagenic""}",0.755,MODERATE reliability,-,True,False,False,data/raw/vega/reports/MUTA_CAESAR.txt,PREDICTED
10,4'-O-methylpreglabridin,MUTA_CAESAR,Mutagenicity (Ames test) model (CAESAR) (version 2.1.14),NON-Mutagenic (LOW reliability),"{""Predicted Mutagen activity"": ""NON-Mutagenic""}",0.696,LOW reliability,-,True,False,False,data/raw/vega/reports/MUTA_CAESAR.txt,PREDICTED
11,4'-O-methylglabridin,MUTA_CAESAR,Mutagenicity (Ames test) model (CAESAR) (version 2.1.14),Mutagenic (LOW reliability),"{""Predicted Mutagen activity"": ""Mutagenic""}",0.694,LOW reliability,-,True,False,False,data/raw/vega/reports/MUTA_CAESAR.txt,PREDICTED
13,demethylvestitol,MUTA_CAESAR,Mutagenicity (Ames test) model (CAESAR) (version 2.1.14),NON-Mutagenic (MODERATE reliability),"{""Predicted Mutagen activity"": ""NON-Mutagenic""}",0.759,MODERATE reliability,-,True,False,False,data/raw/vega/reports/MUTA_CAESAR.txt,PREDICTED
14,preglabridin,MUTA_CAESAR,Mutagenicity (Ames test) model (CAESAR) (version 2.1.14),NON-Mutagenic (MODERATE reliability),"{""Predicted Mutagen activity"": ""NON-Mutagenic""}",0.822,MODERATE reliability,-,True,False,False,data/raw/vega/reports/MUTA_CAESAR.txt,PREDICTED
15,glabridin,MUTA_CAESAR,Mutagenicity (Ames test) model (CAESAR) (version 2.1.14),NON-Mutagenic (LOW reliability),"{""Predicted Mutagen activity"": ""NON-Mutagenic""}",0.693,LOW reliability,-,True,False,False,data/raw/vega/reports/MUTA_CAESAR.txt,PREDICTED
9,vestitol,READYBIO_IRFMN,Ready Biodegradability model (IRFMN) (version 1.0.10),NON Readily Biodegradable (MODERATE reliability),"{""Predicted RB activity"": ""NON Readily Biodegradable""}",0.804,MODERATE reliability,-,True,False,False,data/raw/vega/reports/READYBIO_IRFMN.txt,PREDICTED
10,4'-O-methylpreglabridin,READYBIO_IRFMN,Ready Biodegradability model (IRFMN) (version 1.0.10),NON Readily Biodegradable (MODERATE reliability),"{""Predicted RB activity"": ""NON Readily Biodegradable""}",0.786,MODERATE reliability,-,True,False,False,data/raw/vega/reports/READYBIO_IRFMN.txt,PREDICTED
11,4'-O-methylglabridin,READYBIO_IRFMN,Ready Biodegradability model (IRFMN) (version 1.0.10),NON Readily Biodegradable (LOW reliability),"{""Predicted RB activity"": ""NON Readily Biodegradable""}",0.593,LOW reliability,-,True,False,False,data/raw/vega/reports/READYBIO_IRFMN.txt,PREDICTED
13,demethylvestitol,READYBIO_IRFMN,Ready Biodegradability model (IRFMN) (version 1.0.10),NON Readily Biodegradable (MODERATE reliability),"{""Predicted RB activity"": ""NON Readily Biodegradable""}",0.805,MODERATE reliability,-,True,False,False,data/raw/vega/reports/READYBIO_IRFMN.txt,PREDICTED
14,preglabridin,READYBIO_IRFMN,Ready Biodegradability model (IRFMN) (version 1.0.10),NON Readily Biodegradable (MODERATE reliability),"{""Predicted RB activity"": ""NON Readily Biodegradable""}",0.786,MODERATE reliability,-,True,False,False,data/raw/vega/reports/READYBIO_IRFMN.txt,PREDICTED
15,glabridin,READYBIO_IRFMN,Ready Biodegradability model (IRFMN) (version 1.0.10),NON Readily Biodegradable (MODERATE reliability),"{""Predicted RB activity"": ""NON Readily Biodegradable""}",0.778,MODERATE reliability,-,True,False,False,data/raw/vega/reports/READYBIO_IRFMN.txt,PREDICTED
9,vestitol,SKIN_CAESAR,Skin Sensitization model (CAESAR) (version 2.1.7),Sensitizer (MODERATE reliability),"{""Predicted skin sensitization activity"": ""Sensitizer""}",0.642,MODERATE reliability,-,True,False,False,data/raw/vega/reports/SKIN_CAESAR.txt,PREDICTED
10,4'-O-methylpreglabridin,SKIN_CAESAR,Skin Sensitization model (CAESAR) (version 2.1.7),Sensitizer (MODERATE reliability),"{""Predicted skin sensitization activity"": ""Sensitizer""}",0.644,MODERATE reliability,-,True,False,False,data/raw/vega/reports/SKIN_CAESAR.txt,PREDICTED
11,4'-O-methylglabridin,SKIN_CAESAR,Skin Sensitization model (CAESAR) (version 2.1.7),Sensitizer (MODERATE reliability),"{""Predicted skin sensitization activity"": ""Sensitizer""}",0.638,MODERATE reliability,-,True,False,False,data/raw/vega/reports/SKIN_CAESAR.txt,PREDICTED
13,demethylvestitol,SKIN_CAESAR,Skin Sensitization model (CAESAR) (version 2.1.7),Sensitizer (MODERATE reliability),"{""Predicted skin sensitization activity"": ""Sensitizer""}",0.749,MODERATE reliability,-,True,False,False,data/raw/vega/reports/SKIN_CAESAR.txt,PREDICTED
14,preglabridin,SKIN_CAESAR,Skin Sensitization model (CAESAR) (version 2.1.7),Sensitizer (MODERATE reliability),"{""Predicted skin sensitization activity"": ""Sensitizer""}",0.749,MODERATE reliability,-,True,False,False,data/raw/vega/reports/SKIN_CAESAR.txt,PREDICTED
15,glabridin,SKIN_CAESAR,Skin Sensitization model (CAESAR) (version 2.1.7),Sensitizer (MODERATE reliability),"{""Predicted skin sensitization activity"": ""Sensitizer""}",0.636,MODERATE reliability,-,True,False,False,data/raw/vega/reports/SKIN_CAESAR.txt,PREDICTED
